datetime,GHI,T_amb
2023-01-01 00:00:00,0.0,-9.6
2023-01-01 01:00:00,0.0,-9.66
2023-01-01 02:00:00,0.0,-9.49
2023-01-01 03:00:00,0.0,-9.51
2023-01-01 04:00:00,0.0,-9.66
2023-01-01 05:00:00,0.0,-9.85
2023-01-01 06:00:00,0.0,-10.34
2023-01-01 07:00:00,21.12,-10.71
2023-01-01 08:00:00,143.12,-9.2
2023-01-01 09:00:00,283.38,-7.26
2023-01-01 10:00:00,389.05,-5.4
2023-01-01 11:00:00,422.98,-4.07
2023-01-01 12:00:00,432.23,-3.19
2023-01-01 13:00:00,403.83,-2.8
2023-01-01 14:00:00,304.05,-3.16
2023-01-01 15:00:00,175.38,-4.3
2023-01-01 16:00:00,36.5,-5.69
2023-01-01 17:00:00,0.0,-6.71
2023-01-01 18:00:00,0.0,-7.4
2023-01-01 19:00:00,0.0,-8.01
2023-01-01 20:00:00,0.0,-8.54
2023-01-01 21:00:00,0.0,-8.88
2023-01-01 22:00:00,0.0,-9.17
2023-01-01 23:00:00,0.0,-9.35
2023-01-02 00:00:00,0.0,-9.36
2023-01-02 01:00:00,0.0,-9.62
2023-01-02 02:00:00,0.0,-9.8
2023-01-02 03:00:00,0.0,-9.93
2023-01-02 04:00:00,0.0,-10.06
2023-01-02 05:00:00,0.0,-10.31
2023-01-02 06:00:00,0.0,-11.08
2023-01-02 07:00:00,20.67,-11.3
2023-01-02 08:00:00,167.2,-8.4
2023-01-02 09:00:00,325.55,-5.23
2023-01-02 10:00:00,451.05,-2.52
2023-01-02 11:00:00,520.28,-0.67
2023-01-02 12:00:00,518.7,0.48
2023-01-02 13:00:00,461.2,0.97
2023-01-02 14:00:00,349.05,0.49
2023-01-02 15:00:00,197.9,-0.68
2023-01-02 16:00:00,41.8,-2.64
2023-01-02 17:00:00,0.0,-4.79
2023-01-02 18:00:00,0.0,-6.54
2023-01-02 19:00:00,0.0,-7.03
2023-01-02 20:00:00,0.0,-7.77
2023-01-02 21:00:00,0.0,-8.76
2023-01-02 22:00:00,0.0,-9.66
2023-01-02 23:00:00,0.0,-10.42
2023-01-03 00:00:00,0.0,-11.04
2023-01-03 01:00:00,0.0,-11.51
2023-01-03 02:00:00,0.0,-11.9
2023-01-03 03:00:00,0.0,-12.22
2023-01-03 04:00:00,0.0,-12.52
2023-01-03 05:00:00,0.0,-12.76
2023-01-03 06:00:00,0.0,-12.73
2023-01-03 07:00:00,23.02,-12.0
2023-01-03 08:00:00,158.35,-8.07
2023-01-03 09:00:00,292.55,-4.97
2023-01-03 10:00:00,395.1,-1.41
2023-01-03 11:00:00,460.45,1.04
2023-01-03 12:00:00,469.15,2.42
2023-01-03 13:00:00,413.3,2.89
2023-01-03 14:00:00,283.17,2.35
2023-01-03 15:00:00,149.1,0.29
2023-01-03 16:00:00,30.58,-2.52
2023-01-03 17:00:00,0.0,-4.43
2023-01-03 18:00:00,0.0,-5.33
2023-01-03 19:00:00,0.0,-5.89
2023-01-03 20:00:00,0.0,-6.55
2023-01-03 21:00:00,0.0,-7.11
2023-01-03 22:00:00,0.0,-7.14
2023-01-03 23:00:00,0.0,-7.12
2023-01-04 00:00:00,0.0,-7.66
2023-01-04 01:00:00,0.0,-8.19
2023-01-04 02:00:00,0.0,-8.31
2023-01-04 03:00:00,0.0,-8.38
2023-01-04 04:00:00,0.0,-8.64
2023-01-04 05:00:00,0.0,-8.91
2023-01-04 06:00:00,0.0,-9.09
2023-01-04 07:00:00,16.2,-8.92
2023-01-04 08:00:00,129.52,-7.44
2023-01-04 09:00:00,256.38,-5.41
2023-01-04 10:00:00,366.1,-3.26
2023-01-04 11:00:00,413.42,-1.45
2023-01-04 12:00:00,397.52,-0.05
2023-01-04 13:00:00,362.1,0.93
2023-01-04 14:00:00,276.58,1.23
2023-01-04 15:00:00,160.62,0.43
2023-01-04 16:00:00,39.33,-2.51
2023-01-04 17:00:00,0.0,-5.48
2023-01-04 18:00:00,0.0,-6.0
2023-01-04 19:00:00,0.0,-6.62
2023-01-04 20:00:00,0.0,-7.28
2023-01-04 21:00:00,0.0,-7.98
2023-01-04 22:00:00,0.0,-7.39
2023-01-04 23:00:00,0.0,-7.0
2023-01-05 00:00:00,0.0,-6.88
2023-01-05 01:00:00,0.0,-6.84
2023-01-05 02:00:00,0.0,-6.85
2023-01-05 03:00:00,0.0,-6.85
2023-01-05 04:00:00,0.0,-6.96
2023-01-05 05:00:00,0.0,-7.17
2023-01-05 06:00:00,0.0,-7.39
2023-01-05 07:00:00,22.25,-7.26
2023-01-05 08:00:00,162.9,-5.22
2023-01-05 09:00:00,312.05,-3.16
2023-01-05 10:00:00,437.0,0.13
2023-01-05 11:00:00,515.47,2.08
2023-01-05 12:00:00,528.72,2.56
2023-01-05 13:00:00,446.48,2.3
2023-01-05 14:00:00,328.33,0.7
2023-01-05 15:00:00,184.3,-0.95
2023-01-05 16:00:00,41.1,-2.72
2023-01-05 17:00:00,0.0,-4.86
2023-01-05 18:00:00,0.0,-5.28
2023-01-05 19:00:00,0.0,-6.18
2023-01-05 20:00:00,0.0,-7.05
2023-01-05 21:00:00,0.0,-7.66
2023-01-05 22:00:00,0.0,-8.12
2023-01-05 23:00:00,0.0,-8.42
2023-01-06 00:00:00,0.0,-8.54
2023-01-06 01:00:00,0.0,-8.38
2023-01-06 02:00:00,0.0,-8.23
2023-01-06 03:00:00,0.0,-8.26
2023-01-06 04:00:00,0.0,-8.46
2023-01-06 05:00:00,0.0,-8.8
2023-01-06 06:00:00,0.0,-9.07
2023-01-06 07:00:00,34.9,-8.42
2023-01-06 08:00:00,217.18,-5.3
2023-01-06 09:00:00,394.45,-1.71
2023-01-06 10:00:00,527.0,2.35
2023-01-06 11:00:00,600.5,4.13
2023-01-06 12:00:00,609.55,5.02
2023-01-06 13:00:00,553.05,5.4
2023-01-06 14:00:00,434.88,5.23
2023-01-06 15:00:00,265.65,3.87
2023-01-06 16:00:00,74.1,0.79
2023-01-06 17:00:00,0.0,-0.68
2023-01-06 18:00:00,0.0,-1.95
2023-01-06 19:00:00,0.0,-3.38
2023-01-06 20:00:00,0.0,-4.5
2023-01-06 21:00:00,0.0,-5.22
2023-01-06 22:00:00,0.0,-5.99
2023-01-06 23:00:00,0.0,-6.47
2023-01-07 00:00:00,0.0,-6.52
2023-01-07 01:00:00,0.0,-6.79
2023-01-07 02:00:00,0.0,-7.02
2023-01-07 03:00:00,0.0,-7.22
2023-01-07 04:00:00,0.0,-7.55
2023-01-07 05:00:00,0.0,-7.94
2023-01-07 06:00:00,0.0,-8.39
2023-01-07 07:00:00,37.17,-8.56
2023-01-07 08:00:00,223.95,-6.26
2023-01-07 09:00:00,404.5,-2.28
2023-01-07 10:00:00,539.17,2.27
2023-01-07 11:00:00,615.67,5.66
2023-01-07 12:00:00,623.85,6.69
2023-01-07 13:00:00,566.35,7.07
2023-01-07 14:00:00,445.6,6.84
2023-01-07 15:00:00,273.08,5.34
2023-01-07 16:00:00,78.55,3.67
2023-01-07 17:00:00,0.0,1.94
2023-01-07 18:00:00,0.0,0.65
2023-01-07 19:00:00,0.0,-0.27
2023-01-07 20:00:00,0.0,-0.79
2023-01-07 21:00:00,0.0,-1.24
2023-01-07 22:00:00,0.0,-2.02
2023-01-07 23:00:00,0.0,-3.57
2023-01-08 00:00:00,0.0,-5.38
2023-01-08 01:00:00,0.0,-6.95
2023-01-08 02:00:00,0.0,-8.21
2023-01-08 03:00:00,0.0,-9.1
2023-01-08 04:00:00,0.0,-9.72
2023-01-08 05:00:00,0.0,-10.22
2023-01-08 06:00:00,0.0,-10.63
2023-01-08 07:00:00,33.88,-10.05
2023-01-08 08:00:00,213.68,-5.95
2023-01-08 09:00:00,390.9,-2.51
2023-01-08 10:00:00,522.58,1.95
2023-01-08 11:00:00,587.6,5.47
2023-01-08 12:00:00,596.05,6.74
2023-01-08 13:00:00,538.95,7.18
2023-01-08 14:00:00,421.33,6.89
2023-01-08 15:00:00,253.7,4.91
2023-01-08 16:00:00,68.28,-0.23
2023-01-08 17:00:00,0.0,-2.65
2023-01-08 18:00:00,0.0,-2.39
2023-01-08 19:00:00,0.0,-2.03
2023-01-08 20:00:00,0.0,-1.75
2023-01-08 21:00:00,0.0,-1.96
2023-01-08 22:00:00,0.0,-2.35
2023-01-08 23:00:00,0.0,-2.89
2023-01-09 00:00:00,0.0,-3.82
2023-01-09 01:00:00,0.0,-4.63
2023-01-09 02:00:00,0.0,-5.33
2023-01-09 03:00:00,0.0,-6.17
2023-01-09 04:00:00,0.0,-7.33
2023-01-09 05:00:00,0.0,-8.67
2023-01-09 06:00:00,0.0,-9.72
2023-01-09 07:00:00,27.62,-9.38
2023-01-09 08:00:00,193.12,-5.59
2023-01-09 09:00:00,365.77,-2.28
2023-01-09 10:00:00,496.08,2.22
2023-01-09 11:00:00,561.7,5.93
2023-01-09 12:00:00,567.65,7.37
2023-01-09 13:00:00,509.02,7.8
2023-01-09 14:00:00,391.62,7.34
2023-01-09 15:00:00,230.4,5.13
2023-01-09 16:00:00,58.88,-0.2
2023-01-09 17:00:00,0.0,-2.54
2023-01-09 18:00:00,0.0,-2.22
2023-01-09 19:00:00,0.0,-2.19
2023-01-09 20:00:00,0.0,-2.87
2023-01-09 21:00:00,0.0,-3.55
2023-01-09 22:00:00,0.0,-4.06
2023-01-09 23:00:00,0.0,-4.47
2023-01-10 00:00:00,0.0,-5.01
2023-01-10 01:00:00,0.0,-5.71
2023-01-10 02:00:00,0.0,-6.38
2023-01-10 03:00:00,0.0,-7.02
2023-01-10 04:00:00,0.0,-7.46
2023-01-10 05:00:00,0.0,-7.69
2023-01-10 06:00:00,0.0,-7.23
2023-01-10 07:00:00,23.67,-5.87
2023-01-10 08:00:00,173.02,-3.41
2023-01-10 09:00:00,332.1,-1.52
2023-01-10 10:00:00,458.55,1.78
2023-01-10 11:00:00,522.55,6.25
2023-01-10 12:00:00,542.3,10.08
2023-01-10 13:00:00,484.98,11.52
2023-01-10 14:00:00,368.85,11.18
2023-01-10 15:00:00,214.1,9.41
2023-01-10 16:00:00,54.42,6.91
2023-01-10 17:00:00,0.0,3.85
2023-01-10 18:00:00,0.0,1.73
2023-01-10 19:00:00,0.0,-0.59
2023-01-10 20:00:00,0.0,-2.37
2023-01-10 21:00:00,0.0,-3.15
2023-01-10 22:00:00,0.0,-3.61
2023-01-10 23:00:00,0.0,-3.77
2023-01-11 00:00:00,0.0,-3.84
2023-01-11 01:00:00,0.0,-3.82
2023-01-11 02:00:00,0.0,-3.91
2023-01-11 03:00:00,0.0,-4.36
2023-01-11 04:00:00,0.0,-5.3
2023-01-11 05:00:00,0.0,-6.58
2023-01-11 06:00:00,0.0,-7.69
2023-01-11 07:00:00,16.02,-7.27
2023-01-11 08:00:00,115.88,-3.23
2023-01-11 09:00:00,224.65,-0.16
2023-01-11 10:00:00,310.85,4.34
2023-01-11 11:00:00,340.73,8.92
2023-01-11 12:00:00,301.05,10.74
2023-01-11 13:00:00,287.08,10.79
2023-01-11 14:00:00,224.7,7.76
2023-01-11 15:00:00,142.98,3.85
2023-01-11 16:00:00,45.65,1.9
2023-01-11 17:00:00,0.0,0.17
2023-01-11 18:00:00,0.0,-0.1
2023-01-11 19:00:00,0.0,-0.73
2023-01-11 20:00:00,0.0,-1.9
2023-01-11 21:00:00,0.0,-2.63
2023-01-11 22:00:00,0.0,-3.16
2023-01-11 23:00:00,0.0,-3.62
2023-01-12 00:00:00,0.0,-4.1
2023-01-12 01:00:00,0.0,-4.57
2023-01-12 02:00:00,0.0,-5.01
2023-01-12 03:00:00,0.0,-5.43
2023-01-12 04:00:00,0.0,-6.24
2023-01-12 05:00:00,0.0,-6.89
2023-01-12 06:00:00,0.0,-7.12
2023-01-12 07:00:00,25.95,-6.68
2023-01-12 08:00:00,181.05,-3.99
2023-01-12 09:00:00,337.2,0.43
2023-01-12 10:00:00,445.58,5.06
2023-01-12 11:00:00,508.1,8.7
2023-01-12 12:00:00,522.05,10.24
2023-01-12 13:00:00,548.22,10.75
2023-01-12 14:00:00,421.5,10.45
2023-01-12 15:00:00,249.98,7.92
2023-01-12 16:00:00,66.93,2.41
2023-01-12 17:00:00,0.0,0.23
2023-01-12 18:00:00,0.0,1.9
2023-01-12 19:00:00,0.0,-0.57
2023-01-12 20:00:00,0.0,-5.2
2023-01-12 21:00:00,0.0,-9.64
2023-01-12 22:00:00,0.0,-11.05
2023-01-12 23:00:00,0.0,-11.14
2023-01-13 00:00:00,0.0,-11.31
2023-01-13 01:00:00,0.0,-12.08
2023-01-13 02:00:00,0.0,-12.86
2023-01-13 03:00:00,0.0,-13.77
2023-01-13 04:00:00,0.0,-14.19
2023-01-13 05:00:00,0.0,-14.26
2023-01-13 06:00:00,0.0,-14.28
2023-01-13 07:00:00,11.82,-14.15
2023-01-13 08:00:00,64.0,-13.39
2023-01-13 09:00:00,102.4,-12.23
2023-01-13 10:00:00,126.15,-11.4
2023-01-13 11:00:00,124.9,-11.2
2023-01-13 12:00:00,96.18,-11.43
2023-01-13 13:00:00,138.15,-12.02
2023-01-13 14:00:00,120.18,-12.64
2023-01-13 15:00:00,84.62,-13.29
2023-01-13 16:00:00,28.0,-14.12
2023-01-13 17:00:00,0.0,-14.87
2023-01-13 18:00:00,0.0,-15.4
2023-01-13 19:00:00,0.0,-16.06
2023-01-13 20:00:00,0.0,-16.83
2023-01-13 21:00:00,0.0,-17.4
2023-01-13 22:00:00,0.0,-17.85
2023-01-13 23:00:00,0.0,-18.4
2023-01-14 00:00:00,0.0,-18.64
2023-01-14 01:00:00,0.0,-18.35
2023-01-14 02:00:00,0.0,-17.93
2023-01-14 03:00:00,0.0,-17.65
2023-01-14 04:00:00,0.0,-17.39
2023-01-14 05:00:00,0.0,-17.41
2023-01-14 06:00:00,0.0,-17.73
2023-01-14 07:00:00,19.95,-18.15
2023-01-14 08:00:00,99.7,-17.51
2023-01-14 09:00:00,156.52,-16.7
2023-01-14 10:00:00,199.12,-16.34
2023-01-14 11:00:00,267.98,-16.38
2023-01-14 12:00:00,239.45,-16.56
2023-01-14 13:00:00,198.18,-16.57
2023-01-14 14:00:00,113.57,-16.67
2023-01-14 15:00:00,81.2,-16.93
2023-01-14 16:00:00,28.1,-17.37
2023-01-14 17:00:00,0.0,-17.82
2023-01-14 18:00:00,0.0,-18.14
2023-01-14 19:00:00,0.0,-18.41
2023-01-14 20:00:00,0.0,-18.36
2023-01-14 21:00:00,0.0,-17.8
2023-01-14 22:00:00,0.0,-17.28
2023-01-14 23:00:00,0.0,-17.09
2023-01-15 00:00:00,0.0,-17.03
2023-01-15 01:00:00,0.0,-17.0
2023-01-15 02:00:00,0.0,-16.91
2023-01-15 03:00:00,0.0,-16.82
2023-01-15 04:00:00,0.0,-16.64
2023-01-15 05:00:00,0.0,-16.44
2023-01-15 06:00:00,0.0,-16.37
2023-01-15 07:00:00,18.6,-16.11
2023-01-15 08:00:00,129.73,-14.8
2023-01-15 09:00:00,242.12,-13.34
2023-01-15 10:00:00,340.12,-12.05
2023-01-15 11:00:00,385.35,-11.06
2023-01-15 12:00:00,371.35,-10.21
2023-01-15 13:00:00,355.5,-9.65
2023-01-15 14:00:00,286.45,-9.45
2023-01-15 15:00:00,194.65,-9.65
2023-01-15 16:00:00,75.45,-10.49
2023-01-15 17:00:00,0.0,-12.65
2023-01-15 18:00:00,0.0,-14.46
2023-01-15 19:00:00,0.0,-15.6
2023-01-15 20:00:00,0.0,-16.21
2023-01-15 21:00:00,0.0,-16.68
2023-01-15 22:00:00,0.0,-16.13
2023-01-15 23:00:00,0.0,-15.82
2023-01-16 00:00:00,0.0,-15.64
2023-01-16 01:00:00,0.0,-15.55
2023-01-16 02:00:00,0.0,-15.55
2023-01-16 03:00:00,0.0,-15.75
2023-01-16 04:00:00,0.0,-16.11
2023-01-16 05:00:00,0.0,-16.79
2023-01-16 06:00:00,0.0,-17.09
2023-01-16 07:00:00,14.9,-16.84
2023-01-16 08:00:00,61.35,-15.29
2023-01-16 09:00:00,140.27,-13.87
2023-01-16 10:00:00,163.38,-13.06
2023-01-16 11:00:00,204.3,-12.42
2023-01-16 12:00:00,240.85,-12.11
2023-01-16 13:00:00,222.9,-12.06
2023-01-16 14:00:00,201.98,-11.94
2023-01-16 15:00:00,125.28,-12.15
2023-01-16 16:00:00,43.53,-13.23
2023-01-16 17:00:00,0.0,-15.09
2023-01-16 18:00:00,0.0,-16.34
2023-01-16 19:00:00,0.0,-16.92
2023-01-16 20:00:00,0.0,-17.23
2023-01-16 21:00:00,0.0,-17.57
2023-01-16 22:00:00,0.0,-17.65
2023-01-16 23:00:00,0.0,-17.41
2023-01-17 00:00:00,0.0,-17.12
2023-01-17 01:00:00,0.0,-17.27
2023-01-17 02:00:00,0.0,-17.51
2023-01-17 03:00:00,0.0,-17.04
2023-01-17 04:00:00,0.0,-16.82
2023-01-17 05:00:00,0.0,-16.53
2023-01-17 06:00:00,0.0,-16.28
2023-01-17 07:00:00,18.98,-15.54
2023-01-17 08:00:00,110.35,-13.2
2023-01-17 09:00:00,223.52,-11.07
2023-01-17 10:00:00,312.27,-9.66
2023-01-17 11:00:00,358.95,-8.9
2023-01-17 12:00:00,385.25,-8.5
2023-01-17 13:00:00,312.7,-8.26
2023-01-17 14:00:00,261.4,-8.17
2023-01-17 15:00:00,178.12,-8.39
2023-01-17 16:00:00,68.18,-9.49
2023-01-17 17:00:00,0.0,-11.65
2023-01-17 18:00:00,0.0,-12.72
2023-01-17 19:00:00,0.0,-13.56
2023-01-17 20:00:00,0.0,-14.5
2023-01-17 21:00:00,0.0,-15.3
2023-01-17 22:00:00,0.0,-15.89
2023-01-17 23:00:00,0.0,-16.47
2023-01-18 00:00:00,0.0,-16.83
2023-01-18 01:00:00,0.0,-16.95
2023-01-18 02:00:00,0.0,-16.55
2023-01-18 03:00:00,0.0,-16.3
2023-01-18 04:00:00,0.0,-16.22
2023-01-18 05:00:00,0.0,-16.02
2023-01-18 06:00:00,0.0,-15.9
2023-01-18 07:00:00,28.48,-15.44
2023-01-18 08:00:00,173.65,-12.27
2023-01-18 09:00:00,316.15,-9.06
2023-01-18 10:00:00,422.7,-6.55
2023-01-18 11:00:00,467.15,-4.93
2023-01-18 12:00:00,482.88,-3.96
2023-01-18 13:00:00,380.55,-3.61
2023-01-18 14:00:00,293.1,-4.07
2023-01-18 15:00:00,190.68,-5.35
2023-01-18 16:00:00,71.82,-7.8
2023-01-18 17:00:00,0.0,-11.16
2023-01-18 18:00:00,0.0,-11.47
2023-01-18 19:00:00,0.0,-12.03
2023-01-18 20:00:00,0.0,-13.69
2023-01-18 21:00:00,0.0,-14.46
2023-01-18 22:00:00,0.0,-14.84
2023-01-18 23:00:00,0.0,-15.3
2023-01-19 00:00:00,0.0,-15.82
2023-01-19 01:00:00,0.0,-16.18
2023-01-19 02:00:00,0.0,-16.41
2023-01-19 03:00:00,0.0,-16.75
2023-01-19 04:00:00,0.0,-17.24
2023-01-19 05:00:00,0.0,-17.83
2023-01-19 06:00:00,0.0,-18.51
2023-01-19 07:00:00,29.17,-18.14
2023-01-19 08:00:00,191.1,-13.24
2023-01-19 09:00:00,361.12,-9.08
2023-01-19 10:00:00,497.83,-5.07
2023-01-19 11:00:00,561.75,-3.36
2023-01-19 12:00:00,570.33,-2.44
2023-01-19 13:00:00,500.45,-2.12
2023-01-19 14:00:00,387.83,-2.41
2023-01-19 15:00:00,245.3,-3.56
2023-01-19 16:00:00,82.38,-6.65
2023-01-19 17:00:00,0.0,-10.97
2023-01-19 18:00:00,0.0,-12.09
2023-01-19 19:00:00,0.0,-13.05
2023-01-19 20:00:00,0.0,-14.1
2023-01-19 21:00:00,0.0,-14.78
2023-01-19 22:00:00,0.0,-15.25
2023-01-19 23:00:00,0.0,-15.62
2023-01-20 00:00:00,0.0,-15.74
2023-01-20 01:00:00,0.0,-15.61
2023-01-20 02:00:00,0.0,-15.04
2023-01-20 03:00:00,0.0,-14.37
2023-01-20 04:00:00,0.0,-14.23
2023-01-20 05:00:00,0.0,-14.29
2023-01-20 06:00:00,0.0,-13.64
2023-01-20 07:00:00,24.38,-12.91
2023-01-20 08:00:00,159.8,-11.2
2023-01-20 09:00:00,303.05,-8.48
2023-01-20 10:00:00,427.88,-5.76
2023-01-20 11:00:00,496.38,-3.15
2023-01-20 12:00:00,532.45,-1.22
2023-01-20 13:00:00,474.83,-0.14
2023-01-20 14:00:00,377.35,0.19
2023-01-20 15:00:00,242.32,-0.63
2023-01-20 16:00:00,85.88,-4.09
2023-01-20 17:00:00,0.0,-8.89
2023-01-20 18:00:00,0.0,-10.64
2023-01-20 19:00:00,0.0,-11.62
2023-01-20 20:00:00,0.0,-12.27
2023-01-20 21:00:00,0.0,-12.76
2023-01-20 22:00:00,0.0,-13.11
2023-01-20 23:00:00,0.0,-13.24
2023-01-21 00:00:00,0.0,-12.7
2023-01-21 01:00:00,0.0,-12.22
2023-01-21 02:00:00,0.0,-11.98
2023-01-21 03:00:00,0.0,-12.11
2023-01-21 04:00:00,0.0,-12.77
2023-01-21 05:00:00,0.0,-12.81
2023-01-21 06:00:00,0.0,-12.55
2023-01-21 07:00:00,14.18,-12.29
2023-01-21 08:00:00,88.97,-11.73
2023-01-21 09:00:00,183.75,-10.43
2023-01-21 10:00:00,245.75,-8.83
2023-01-21 11:00:00,277.08,-7.93
2023-01-21 12:00:00,269.98,-6.44
2023-01-21 13:00:00,242.85,-4.62
2023-01-21 14:00:00,233.55,-4.61
2023-01-21 15:00:00,148.62,-5.8
2023-01-21 16:00:00,64.72,-7.31
2023-01-21 17:00:00,0.0,-10.22
2023-01-21 18:00:00,0.0,-11.54
2023-01-21 19:00:00,0.0,-11.75
2023-01-21 20:00:00,0.0,-11.61
2023-01-21 21:00:00,0.0,-11.38
2023-01-21 22:00:00,0.0,-11.43
2023-01-21 23:00:00,0.0,-11.54
2023-01-22 00:00:00,0.0,-11.72
2023-01-22 01:00:00,0.0,-11.95
2023-01-22 02:00:00,0.0,-12.37
2023-01-22 03:00:00,0.0,-12.73
2023-01-22 04:00:00,0.0,-13.49
2023-01-22 05:00:00,0.0,-13.91
2023-01-22 06:00:00,0.0,-14.28
2023-01-22 07:00:00,19.0,-13.77
2023-01-22 08:00:00,131.4,-9.43
2023-01-22 09:00:00,241.52,-5.68
2023-01-22 10:00:00,342.15,-3.22
2023-01-22 11:00:00,486.55,-1.23
2023-01-22 12:00:00,500.4,0.45
2023-01-22 13:00:00,520.8,1.49
2023-01-22 14:00:00,363.65,1.48
2023-01-22 15:00:00,206.0,-0.04
2023-01-22 16:00:00,74.47,-3.24
2023-01-22 17:00:00,0.0,-5.73
2023-01-22 18:00:00,0.0,-6.78
2023-01-22 19:00:00,0.0,-7.63
2023-01-22 20:00:00,0.0,-8.43
2023-01-22 21:00:00,0.0,-9.3
2023-01-22 22:00:00,0.0,-9.9
2023-01-22 23:00:00,0.0,-10.68
2023-01-23 00:00:00,0.0,-11.58
2023-01-23 01:00:00,0.0,-12.5
2023-01-23 02:00:00,0.0,-13.48
2023-01-23 03:00:00,0.0,-14.6
2023-01-23 04:00:00,0.0,-15.58
2023-01-23 05:00:00,0.0,-16.22
2023-01-23 06:00:00,0.0,-16.63
2023-01-23 07:00:00,26.27,-16.48
2023-01-23 08:00:00,153.07,-14.71
2023-01-23 09:00:00,268.98,-11.72
2023-01-23 10:00:00,355.23,-8.51
2023-01-23 11:00:00,453.83,-6.5
2023-01-23 12:00:00,425.95,-6.32
2023-01-23 13:00:00,373.75,-7.1
2023-01-23 14:00:00,297.92,-7.92
2023-01-23 15:00:00,200.15,-8.95
2023-01-23 16:00:00,82.55,-10.87
2023-01-23 17:00:00,0.0,-13.59
2023-01-23 18:00:00,0.0,-15.05
2023-01-23 19:00:00,0.0,-16.1
2023-01-23 20:00:00,0.0,-16.9
2023-01-23 21:00:00,0.0,-17.02
2023-01-23 22:00:00,0.0,-17.08
2023-01-23 23:00:00,0.0,-17.35
2023-01-24 00:00:00,0.0,-17.59
2023-01-24 01:00:00,0.0,-17.97
2023-01-24 02:00:00,0.0,-18.48
2023-01-24 03:00:00,0.0,-18.83
2023-01-24 04:00:00,0.0,-19.02
2023-01-24 05:00:00,0.0,-18.91
2023-01-24 06:00:00,0.0,-18.72
2023-01-24 07:00:00,44.03,-17.4
2023-01-24 08:00:00,235.45,-13.0
2023-01-24 09:00:00,418.6,-8.64
2023-01-24 10:00:00,553.22,-3.67
2023-01-24 11:00:00,615.9,-1.07
2023-01-24 12:00:00,629.25,0.63
2023-01-24 13:00:00,548.97,1.77
2023-01-24 14:00:00,433.65,2.28
2023-01-24 15:00:00,279.12,1.51
2023-01-24 16:00:00,110.75,-2.16
2023-01-24 17:00:00,0.0,-7.0
2023-01-24 18:00:00,0.0,-8.25
2023-01-24 19:00:00,0.0,-8.93
2023-01-24 20:00:00,0.0,-10.59
2023-01-24 21:00:00,0.0,-11.22
2023-01-24 22:00:00,0.0,-10.78
2023-01-24 23:00:00,0.0,-9.51
2023-01-25 00:00:00,0.0,-8.38
2023-01-25 01:00:00,0.0,-7.99
2023-01-25 02:00:00,0.0,-8.13
2023-01-25 03:00:00,0.0,-7.32
2023-01-25 04:00:00,0.0,-7.65
2023-01-25 05:00:00,0.0,-8.68
2023-01-25 06:00:00,0.0,-9.44
2023-01-25 07:00:00,29.62,-9.12
2023-01-25 08:00:00,190.23,-5.8
2023-01-25 09:00:00,370.77,-2.3
2023-01-25 10:00:00,512.17,1.08
2023-01-25 11:00:00,566.67,3.83
2023-01-25 12:00:00,581.2,4.98
2023-01-25 13:00:00,512.0,5.11
2023-01-25 14:00:00,393.0,3.78
2023-01-25 15:00:00,234.43,0.32
2023-01-25 16:00:00,88.07,-3.62
2023-01-25 17:00:00,0.0,-6.2
2023-01-25 18:00:00,0.0,-7.36
2023-01-25 19:00:00,0.0,-8.29
2023-01-25 20:00:00,0.0,-9.02
2023-01-25 21:00:00,0.0,-9.61
2023-01-25 22:00:00,0.0,-10.46
2023-01-25 23:00:00,0.0,-11.35
2023-01-26 00:00:00,0.0,-11.87
2023-01-26 01:00:00,0.0,-12.3
2023-01-26 02:00:00,0.0,-13.0
2023-01-26 03:00:00,0.0,-13.46
2023-01-26 04:00:00,0.0,-13.78
2023-01-26 05:00:00,0.0,-14.03
2023-01-26 06:00:00,0.0,-14.23
2023-01-26 07:00:00,22.52,-14.15
2023-01-26 08:00:00,149.52,-12.94
2023-01-26 09:00:00,301.7,-11.15
2023-01-26 10:00:00,445.77,-9.55
2023-01-26 11:00:00,603.7,-8.25
2023-01-26 12:00:00,602.1,-6.83
2023-01-26 13:00:00,557.35,-5.28
2023-01-26 14:00:00,459.75,-4.4
2023-01-26 15:00:00,287.05,-4.95
2023-01-26 16:00:00,114.03,-7.32
2023-01-26 17:00:00,0.0,-10.38
2023-01-26 18:00:00,0.0,-12.32
2023-01-26 19:00:00,0.0,-13.75
2023-01-26 20:00:00,0.0,-14.85
2023-01-26 21:00:00,0.0,-15.72
2023-01-26 22:00:00,0.0,-16.25
2023-01-26 23:00:00,0.0,-16.65
2023-01-27 00:00:00,0.0,-16.98
2023-01-27 01:00:00,0.0,-17.25
2023-01-27 02:00:00,0.0,-17.82
2023-01-27 03:00:00,0.0,-18.35
2023-01-27 04:00:00,0.0,-18.71
2023-01-27 05:00:00,0.0,-18.81
2023-01-27 06:00:00,0.0,-18.74
2023-01-27 07:00:00,41.22,-17.04
2023-01-27 08:00:00,229.8,-12.51
2023-01-27 09:00:00,420.95,-7.83
2023-01-27 10:00:00,566.33,-4.63
2023-01-27 11:00:00,640.55,-2.47
2023-01-27 12:00:00,654.45,-1.21
2023-01-27 13:00:00,600.88,-0.62
2023-01-27 14:00:00,483.95,-0.71
2023-01-27 15:00:00,315.95,-1.81
2023-01-27 16:00:00,122.68,-4.34
2023-01-27 17:00:00,4.47,-8.2
2023-01-27 18:00:00,0.0,-10.27
2023-01-27 19:00:00,0.0,-11.45
2023-01-27 20:00:00,0.0,-11.86
2023-01-27 21:00:00,0.0,-12.01
2023-01-27 22:00:00,0.0,-12.06
2023-01-27 23:00:00,0.0,-12.32
2023-01-28 00:00:00,0.0,-12.58
2023-01-28 01:00:00,0.0,-12.58
2023-01-28 02:00:00,0.0,-12.41
2023-01-28 03:00:00,0.0,-12.02
2023-01-28 04:00:00,0.0,-11.77
2023-01-28 05:00:00,0.0,-11.68
2023-01-28 06:00:00,0.0,-11.64
2023-01-28 07:00:00,38.45,-11.14
2023-01-28 08:00:00,207.95,-8.57
2023-01-28 09:00:00,373.8,-5.86
2023-01-28 10:00:00,510.58,-2.84
2023-01-28 11:00:00,571.15,-0.23
2023-01-28 12:00:00,557.2,1.59
2023-01-28 13:00:00,501.62,2.57
2023-01-28 14:00:00,409.8,2.5
2023-01-28 15:00:00,269.95,1.18
2023-01-28 16:00:00,109.12,-1.67
2023-01-28 17:00:00,4.78,-5.48
2023-01-28 18:00:00,0.0,-6.44
2023-01-28 19:00:00,0.0,-7.43
2023-01-28 20:00:00,0.0,-8.24
2023-01-28 21:00:00,0.0,-8.7
2023-01-28 22:00:00,0.0,-8.82
2023-01-28 23:00:00,0.0,-8.98
2023-01-29 00:00:00,0.0,-9.35
2023-01-29 01:00:00,0.0,-9.79
2023-01-29 02:00:00,0.0,-10.02
2023-01-29 03:00:00,0.0,-9.84
2023-01-29 04:00:00,0.0,-9.61
2023-01-29 05:00:00,0.0,-10.13
2023-01-29 06:00:00,0.0,-11.87
2023-01-29 07:00:00,43.62,-11.63
2023-01-29 08:00:00,231.23,-6.51
2023-01-29 09:00:00,418.67,-2.67
2023-01-29 10:00:00,564.83,2.19
2023-01-29 11:00:00,655.17,5.51
2023-01-29 12:00:00,670.38,7.28
2023-01-29 13:00:00,616.67,7.68
2023-01-29 14:00:00,498.02,6.99
2023-01-29 15:00:00,325.75,5.11
2023-01-29 16:00:00,129.65,0.63
2023-01-29 17:00:00,5.5,-1.97
2023-01-29 18:00:00,0.0,-1.22
2023-01-29 19:00:00,0.0,-1.07
2023-01-29 20:00:00,0.0,-1.79
2023-01-29 21:00:00,0.0,-2.74
2023-01-29 22:00:00,0.0,-3.98
2023-01-29 23:00:00,0.0,-5.1
2023-01-30 00:00:00,0.0,-5.93
2023-01-30 01:00:00,0.0,-6.6
2023-01-30 02:00:00,0.0,-7.3
2023-01-30 03:00:00,0.0,-8.07
2023-01-30 04:00:00,0.0,-8.94
2023-01-30 05:00:00,0.0,-9.71
2023-01-30 06:00:00,0.0,-10.34
2023-01-30 07:00:00,42.88,-8.96
2023-01-30 08:00:00,229.12,-3.81
2023-01-30 09:00:00,416.2,0.05
2023-01-30 10:00:00,561.95,4.79
2023-01-30 11:00:00,646.17,9.45
2023-01-30 12:00:00,664.8,11.8
2023-01-30 13:00:00,609.53,12.75
2023-01-30 14:00:00,491.15,12.7
2023-01-30 15:00:00,321.3,9.79
2023-01-30 16:00:00,127.28,4.04
2023-01-30 17:00:00,5.8,1.01
2023-01-30 18:00:00,0.0,1.38
2023-01-30 19:00:00,0.0,0.85
2023-01-30 20:00:00,0.0,0.17
2023-01-30 21:00:00,0.0,0.03
2023-01-30 22:00:00,0.0,0.04
2023-01-30 23:00:00,0.0,0.48
2023-01-31 00:00:00,0.0,0.81
2023-01-31 01:00:00,0.0,0.25
2023-01-31 02:00:00,0.0,-0.24
2023-01-31 03:00:00,0.0,-0.71
2023-01-31 04:00:00,0.0,-1.37
2023-01-31 05:00:00,0.0,-2.04
2023-01-31 06:00:00,0.0,-2.94
2023-01-31 07:00:00,39.2,-2.66
2023-01-31 08:00:00,206.45,-0.76
2023-01-31 09:00:00,373.75,1.43
2023-01-31 10:00:00,505.15,3.95
2023-01-31 11:00:00,563.33,5.6
2023-01-31 12:00:00,575.65,6.48
2023-01-31 13:00:00,510.75,6.61
2023-01-31 14:00:00,408.42,5.89
2023-01-31 15:00:00,264.4,3.91
2023-01-31 16:00:00,103.32,0.67
2023-01-31 17:00:00,5.28,-3.62
2023-01-31 18:00:00,0.0,-4.3
2023-01-31 19:00:00,0.0,-4.28
2023-01-31 20:00:00,0.0,-4.36
2023-01-31 21:00:00,0.0,-4.66
2023-01-31 22:00:00,0.0,-5.25
2023-01-31 23:00:00,0.0,-5.93
2023-02-01 00:00:00,0.0,-6.48
2023-02-01 01:00:00,0.0,-7.3
2023-02-01 02:00:00,0.0,-8.34
2023-02-01 03:00:00,0.0,-9.27
2023-02-01 04:00:00,0.0,-9.92
2023-02-01 05:00:00,0.0,-10.48
2023-02-01 06:00:00,0.0,-10.74
2023-02-01 07:00:00,17.12,-9.51
2023-02-01 08:00:00,76.93,-6.96
2023-02-01 09:00:00,135.68,-4.71
2023-02-01 10:00:00,234.85,-3.07
2023-02-01 11:00:00,212.4,-1.74
2023-02-01 12:00:00,219.73,-0.55
2023-02-01 13:00:00,166.4,0.91
2023-02-01 14:00:00,138.85,1.43
2023-02-01 15:00:00,88.07,0.52
2023-02-01 16:00:00,37.15,-1.59
2023-02-01 17:00:00,3.45,-4.17
2023-02-01 18:00:00,0.0,-5.63
2023-02-01 19:00:00,0.0,-6.39
2023-02-01 20:00:00,0.0,-6.74
2023-02-01 21:00:00,0.0,-6.87
2023-02-01 22:00:00,0.0,-6.93
2023-02-01 23:00:00,0.0,-6.98
2023-02-02 00:00:00,0.0,-7.18
2023-02-02 01:00:00,0.0,-7.31
2023-02-02 02:00:00,0.0,-7.45
2023-02-02 03:00:00,0.0,-7.49
2023-02-02 04:00:00,0.0,-7.46
2023-02-02 05:00:00,0.0,-7.57
2023-02-02 06:00:00,0.0,-7.67
2023-02-02 07:00:00,42.45,-6.66
2023-02-02 08:00:00,224.8,-3.67
2023-02-02 09:00:00,414.27,-0.03
2023-02-02 10:00:00,575.0,3.48
2023-02-02 11:00:00,648.33,5.62
2023-02-02 12:00:00,676.2,6.47
2023-02-02 13:00:00,629.83,6.67
2023-02-02 14:00:00,513.78,6.33
2023-02-02 15:00:00,344.4,5.33
2023-02-02 16:00:00,147.48,1.35
2023-02-02 17:00:00,8.57,-2.3
2023-02-02 18:00:00,0.0,-1.85
2023-02-02 19:00:00,0.0,-2.35
2023-02-02 20:00:00,0.0,-2.81
2023-02-02 21:00:00,0.0,-3.38
2023-02-02 22:00:00,0.0,-4.16
2023-02-02 23:00:00,0.0,-4.76
2023-02-03 00:00:00,0.0,-5.45
2023-02-03 01:00:00,0.0,-6.34
2023-02-03 02:00:00,0.0,-7.13
2023-02-03 03:00:00,0.0,-7.53
2023-02-03 04:00:00,0.0,-7.62
2023-02-03 05:00:00,0.0,-8.09
2023-02-03 06:00:00,0.0,-8.76
2023-02-03 07:00:00,55.7,-8.22
2023-02-03 08:00:00,250.52,-4.07
2023-02-03 09:00:00,440.9,-0.12
2023-02-03 10:00:00,588.25,4.25
2023-02-03 11:00:00,661.78,5.88
2023-02-03 12:00:00,674.55,6.51
2023-02-03 13:00:00,615.65,6.33
2023-02-03 14:00:00,470.48,5.12
2023-02-03 15:00:00,293.62,2.57
2023-02-03 16:00:00,116.75,-0.65
2023-02-03 17:00:00,5.72,-3.27
2023-02-03 18:00:00,0.0,-3.82
2023-02-03 19:00:00,0.0,-3.95
2023-02-03 20:00:00,0.0,-4.11
2023-02-03 21:00:00,0.0,-4.19
2023-02-03 22:00:00,0.0,-4.3
2023-02-03 23:00:00,0.0,-5.19
2023-02-04 00:00:00,0.0,-6.2
2023-02-04 01:00:00,0.0,-6.59
2023-02-04 02:00:00,0.0,-6.83
2023-02-04 03:00:00,0.0,-7.38
2023-02-04 04:00:00,0.0,-8.12
2023-02-04 05:00:00,0.0,-8.73
2023-02-04 06:00:00,0.0,-9.24
2023-02-04 07:00:00,40.47,-7.68
2023-02-04 08:00:00,203.82,-3.64
2023-02-04 09:00:00,378.08,0.58
2023-02-04 10:00:00,526.5,4.11
2023-02-04 11:00:00,648.9,5.99
2023-02-04 12:00:00,672.85,6.98
2023-02-04 13:00:00,626.85,7.48
2023-02-04 14:00:00,508.95,7.48
2023-02-04 15:00:00,339.4,6.52
2023-02-04 16:00:00,144.65,2.0
2023-02-04 17:00:00,9.32,-2.41
2023-02-04 18:00:00,0.0,-3.35
2023-02-04 19:00:00,0.0,-3.43
2023-02-04 20:00:00,0.0,-3.14
2023-02-04 21:00:00,0.0,-3.02
2023-02-04 22:00:00,0.0,-2.85
2023-02-04 23:00:00,0.0,-2.2
2023-02-05 00:00:00,0.0,-2.16
2023-02-05 01:00:00,0.0,-2.33
2023-02-05 02:00:00,0.0,-2.69
2023-02-05 03:00:00,0.0,-3.48
2023-02-05 04:00:00,0.0,-4.53
2023-02-05 05:00:00,0.0,-4.9
2023-02-05 06:00:00,0.0,-4.91
2023-02-05 07:00:00,41.83,-3.33
2023-02-05 08:00:00,192.3,-0.23
2023-02-05 09:00:00,342.48,2.13
2023-02-05 10:00:00,470.95,3.77
2023-02-05 11:00:00,651.97,4.84
2023-02-05 12:00:00,655.6,5.42
2023-02-05 13:00:00,588.55,5.54
2023-02-05 14:00:00,468.33,5.14
2023-02-05 15:00:00,298.62,3.85
2023-02-05 16:00:00,122.28,0.95
2023-02-05 17:00:00,8.6,-2.45
2023-02-05 18:00:00,0.0,-3.39
2023-02-05 19:00:00,0.0,-3.3
2023-02-05 20:00:00,0.0,-3.41
2023-02-05 21:00:00,0.0,-3.83
2023-02-05 22:00:00,0.0,-4.31
2023-02-05 23:00:00,0.0,-4.89
2023-02-06 00:00:00,0.0,-5.33
2023-02-06 01:00:00,0.0,-5.48
2023-02-06 02:00:00,0.0,-5.46
2023-02-06 03:00:00,0.0,-5.53
2023-02-06 04:00:00,0.0,-5.53
2023-02-06 05:00:00,0.0,-5.5
2023-02-06 06:00:00,0.0,-5.67
2023-02-06 07:00:00,37.17,-4.3
2023-02-06 08:00:00,180.07,-1.46
2023-02-06 09:00:00,337.9,1.58
2023-02-06 10:00:00,486.42,3.61
2023-02-06 11:00:00,606.05,4.46
2023-02-06 12:00:00,539.55,4.37
2023-02-06 13:00:00,532.0,3.36
2023-02-06 14:00:00,421.58,2.18
2023-02-06 15:00:00,275.02,1.3
2023-02-06 16:00:00,120.12,-0.79
2023-02-06 17:00:00,9.12,-3.52
2023-02-06 18:00:00,0.0,-4.03
2023-02-06 19:00:00,0.0,-4.8
2023-02-06 20:00:00,0.0,-5.03
2023-02-06 21:00:00,0.0,-5.09
2023-02-06 22:00:00,0.0,-5.28
2023-02-06 23:00:00,0.0,-5.56
2023-02-07 00:00:00,0.0,-5.64
2023-02-07 01:00:00,0.0,-5.09
2023-02-07 02:00:00,0.0,-4.63
2023-02-07 03:00:00,0.0,-4.4
2023-02-07 04:00:00,0.0,-4.24
2023-02-07 05:00:00,0.0,-4.19
2023-02-07 06:00:00,0.0,-4.17
2023-02-07 07:00:00,36.25,-3.66
2023-02-07 08:00:00,145.7,-2.33
2023-02-07 09:00:00,262.35,-1.14
2023-02-07 10:00:00,359.77,-0.42
2023-02-07 11:00:00,399.85,0.01
2023-02-07 12:00:00,382.92,0.12
2023-02-07 13:00:00,427.5,0.12
2023-02-07 14:00:00,336.45,-0.07
2023-02-07 15:00:00,216.4,-0.61
2023-02-07 16:00:00,89.4,-1.43
2023-02-07 17:00:00,8.1,-2.4
2023-02-07 18:00:00,0.0,-2.91
2023-02-07 19:00:00,0.0,-3.1
2023-02-07 20:00:00,0.0,-3.2
2023-02-07 21:00:00,0.0,-3.34
2023-02-07 22:00:00,0.0,-3.54
2023-02-07 23:00:00,0.0,-3.73
2023-02-08 00:00:00,0.0,-3.92
2023-02-08 01:00:00,0.0,-4.13
2023-02-08 02:00:00,0.0,-4.33
2023-02-08 03:00:00,0.0,-4.51
2023-02-08 04:00:00,0.0,-4.78
2023-02-08 05:00:00,0.0,-5.12
2023-02-08 06:00:00,0.0,-5.49
2023-02-08 07:00:00,19.6,-5.51
2023-02-08 08:00:00,72.85,-4.27
2023-02-08 09:00:00,117.25,-2.52
2023-02-08 10:00:00,137.27,-0.74
2023-02-08 11:00:00,294.15,0.4
2023-02-08 12:00:00,189.35,0.66
2023-02-08 13:00:00,232.75,0.1
2023-02-08 14:00:00,143.25,-0.61
2023-02-08 15:00:00,120.47,-1.46
2023-02-08 16:00:00,59.7,-2.67
2023-02-08 17:00:00,5.88,-4.85
2023-02-08 18:00:00,0.0,-6.44
2023-02-08 19:00:00,0.0,-7.34
2023-02-08 20:00:00,0.0,-7.59
2023-02-08 21:00:00,0.0,-7.75
2023-02-08 22:00:00,0.0,-7.98
2023-02-08 23:00:00,0.0,-8.64
2023-02-09 00:00:00,0.0,-8.98
2023-02-09 01:00:00,0.0,-9.23
2023-02-09 02:00:00,0.0,-9.59
2023-02-09 03:00:00,0.0,-10.06
2023-02-09 04:00:00,0.0,-10.66
2023-02-09 05:00:00,0.0,-11.37
2023-02-09 06:00:00,0.0,-12.16
2023-02-09 07:00:00,65.07,-10.29
2023-02-09 08:00:00,221.9,-5.71
2023-02-09 09:00:00,363.7,-1.72
2023-02-09 10:00:00,439.15,1.05
2023-02-09 11:00:00,467.92,2.79
2023-02-09 12:00:00,416.55,3.92
2023-02-09 13:00:00,389.15,4.55
2023-02-09 14:00:00,320.98,4.57
2023-02-09 15:00:00,259.15,3.67
2023-02-09 16:00:00,121.12,0.65
2023-02-09 17:00:00,12.38,-2.62
2023-02-09 18:00:00,0.0,-3.81
2023-02-09 19:00:00,0.0,-4.58
2023-02-09 20:00:00,0.0,-5.71
2023-02-09 21:00:00,0.0,-6.31
2023-02-09 22:00:00,0.0,-6.61
2023-02-09 23:00:00,0.0,-6.71
2023-02-10 00:00:00,0.0,-6.77
2023-02-10 01:00:00,0.0,-6.4
2023-02-10 02:00:00,0.0,-6.09
2023-02-10 03:00:00,0.0,-6.08
2023-02-10 04:00:00,0.0,-6.02
2023-02-10 05:00:00,0.0,-5.99
2023-02-10 06:00:00,0.0,-6.0
2023-02-10 07:00:00,41.53,-5.28
2023-02-10 08:00:00,186.65,-3.41
2023-02-10 09:00:00,327.75,0.45
2023-02-10 10:00:00,447.05,4.0
2023-02-10 11:00:00,494.92,5.86
2023-02-10 12:00:00,565.8,6.89
2023-02-10 13:00:00,464.95,7.38
2023-02-10 14:00:00,363.08,7.33
2023-02-10 15:00:00,328.25,6.53
2023-02-10 16:00:00,166.88,3.1
2023-02-10 17:00:00,15.93,0.49
2023-02-10 18:00:00,0.0,-0.57
2023-02-10 19:00:00,0.0,-1.96
2023-02-10 20:00:00,0.0,-2.87
2023-02-10 21:00:00,0.0,-1.72
2023-02-10 22:00:00,0.0,-1.29
2023-02-10 23:00:00,0.0,-2.01
2023-02-11 00:00:00,0.0,-3.37
2023-02-11 01:00:00,0.0,-3.82
2023-02-11 02:00:00,0.0,-4.07
2023-02-11 03:00:00,0.0,-4.3
2023-02-11 04:00:00,0.0,-4.46
2023-02-11 05:00:00,0.0,-4.05
2023-02-11 06:00:00,0.0,-3.41
2023-02-11 07:00:00,10.57,-1.67
2023-02-11 08:00:00,32.28,0.77
2023-02-11 09:00:00,49.65,4.35
2023-02-11 10:00:00,61.8,8.34
2023-02-11 11:00:00,84.2,10.55
2023-02-11 12:00:00,181.05,10.97
2023-02-11 13:00:00,181.57,9.37
2023-02-11 14:00:00,113.25,5.36
2023-02-11 15:00:00,81.82,0.73
2023-02-11 16:00:00,41.6,-2.15
2023-02-11 17:00:00,5.93,-3.65
2023-02-11 18:00:00,0.0,-5.21
2023-02-11 19:00:00,0.0,-6.38
2023-02-11 20:00:00,0.0,-7.07
2023-02-11 21:00:00,0.0,-7.22
2023-02-11 22:00:00,0.0,-7.05
2023-02-11 23:00:00,0.0,-7.18
2023-02-12 00:00:00,0.0,-7.75
2023-02-12 01:00:00,0.0,-8.24
2023-02-12 02:00:00,0.0,-9.02
2023-02-12 03:00:00,0.0,-9.47
2023-02-12 04:00:00,0.0,-9.67
2023-02-12 05:00:00,0.0,-9.66
2023-02-12 06:00:00,0.0,-9.58
2023-02-12 07:00:00,15.98,-9.13
2023-02-12 08:00:00,76.93,-8.21
2023-02-12 09:00:00,176.82,-7.25
2023-02-12 10:00:00,220.18,-6.61
2023-02-12 11:00:00,203.18,-5.78
2023-02-12 12:00:00,217.5,-4.93
2023-02-12 13:00:00,200.9,-4.59
2023-02-12 14:00:00,151.52,-4.76
2023-02-12 15:00:00,135.65,-5.62
2023-02-12 16:00:00,63.95,-7.05
2023-02-12 17:00:00,9.12,-8.67
2023-02-12 18:00:00,0.0,-9.21
2023-02-12 19:00:00,0.0,-9.44
2023-02-12 20:00:00,0.0,-9.83
2023-02-12 21:00:00,0.0,-10.7
2023-02-12 22:00:00,0.0,-11.37
2023-02-12 23:00:00,0.0,-11.71
2023-02-13 00:00:00,0.0,-11.58
2023-02-13 01:00:00,0.0,-11.6
2023-02-13 02:00:00,0.0,-11.78
2023-02-13 03:00:00,0.0,-11.97
2023-02-13 04:00:00,0.0,-12.0
2023-02-13 05:00:00,0.0,-12.07
2023-02-13 06:00:00,0.0,-12.12
2023-02-13 07:00:00,31.55,-11.57
2023-02-13 08:00:00,87.7,-10.38
2023-02-13 09:00:00,127.0,-9.41
2023-02-13 10:00:00,139.48,-8.69
2023-02-13 11:00:00,179.57,-8.33
2023-02-13 12:00:00,307.2,-8.02
2023-02-13 13:00:00,109.57,-7.76
2023-02-13 14:00:00,162.68,-7.57
2023-02-13 15:00:00,96.93,-7.72
2023-02-13 16:00:00,64.15,-8.36
2023-02-13 17:00:00,10.9,-9.64
2023-02-13 18:00:00,0.0,-10.45
2023-02-13 19:00:00,0.0,-10.71
2023-02-13 20:00:00,0.0,-10.66
2023-02-13 21:00:00,0.0,-10.52
2023-02-13 22:00:00,0.0,-10.59
2023-02-13 23:00:00,0.0,-11.05
2023-02-14 00:00:00,0.0,-11.85
2023-02-14 01:00:00,0.0,-12.76
2023-02-14 02:00:00,0.0,-13.3
2023-02-14 03:00:00,0.0,-13.6
2023-02-14 04:00:00,0.0,-13.92
2023-02-14 05:00:00,0.0,-14.35
2023-02-14 06:00:00,0.0,-14.72
2023-02-14 07:00:00,57.75,-12.27
2023-02-14 08:00:00,208.45,-7.81
2023-02-14 09:00:00,380.85,-3.44
2023-02-14 10:00:00,511.88,-1.15
2023-02-14 11:00:00,740.7,0.5
2023-02-14 12:00:00,712.72,1.55
2023-02-14 13:00:00,666.6,2.0
2023-02-14 14:00:00,491.6,1.82
2023-02-14 15:00:00,355.2,0.87
2023-02-14 16:00:00,184.35,-1.58
2023-02-14 17:00:00,22.85,-5.89
2023-02-14 18:00:00,0.0,-7.2
2023-02-14 19:00:00,0.0,-7.49
2023-02-14 20:00:00,0.0,-7.77
2023-02-14 21:00:00,0.0,-7.87
2023-02-14 22:00:00,0.0,-7.89
2023-02-14 23:00:00,0.0,-7.85
2023-02-15 00:00:00,0.0,-7.69
2023-02-15 01:00:00,0.0,-7.46
2023-02-15 02:00:00,0.0,-7.45
2023-02-15 03:00:00,0.0,-7.3
2023-02-15 04:00:00,0.0,-6.9
2023-02-15 05:00:00,0.0,-7.46
2023-02-15 06:00:00,0.0,-8.66
2023-02-15 07:00:00,51.12,-7.64
2023-02-15 08:00:00,152.32,-3.71
2023-02-15 09:00:00,262.73,0.11
2023-02-15 10:00:00,327.5,2.54
2023-02-15 11:00:00,385.98,3.88
2023-02-15 12:00:00,419.12,4.56
2023-02-15 13:00:00,489.88,4.55
2023-02-15 14:00:00,318.52,4.17
2023-02-15 15:00:00,238.1,3.24
2023-02-15 16:00:00,130.93,0.54
2023-02-15 17:00:00,17.02,-4.22
2023-02-15 18:00:00,0.0,-5.66
2023-02-15 19:00:00,0.0,-6.01
2023-02-15 20:00:00,0.0,-6.24
2023-02-15 21:00:00,0.0,-6.3
2023-02-15 22:00:00,0.0,-6.22
2023-02-15 23:00:00,0.0,-5.94
2023-02-16 00:00:00,0.0,-5.82
2023-02-16 01:00:00,0.0,-6.13
2023-02-16 02:00:00,0.0,-6.17
2023-02-16 03:00:00,0.0,-6.04
2023-02-16 04:00:00,0.0,-6.12
2023-02-16 05:00:00,0.0,-6.98
2023-02-16 06:00:00,0.0,-7.95
2023-02-16 07:00:00,52.17,-6.22
2023-02-16 08:00:00,188.2,-2.29
2023-02-16 09:00:00,326.35,2.24
2023-02-16 10:00:00,450.58,5.42
2023-02-16 11:00:00,479.17,7.59
2023-02-16 12:00:00,489.25,8.79
2023-02-16 13:00:00,453.85,9.29
2023-02-16 14:00:00,352.17,9.0
2023-02-16 15:00:00,232.35,7.38
2023-02-16 16:00:00,99.3,2.89
2023-02-16 17:00:00,9.9,-1.12
2023-02-16 18:00:00,0.0,-2.86
2023-02-16 19:00:00,0.0,-3.03
2023-02-16 20:00:00,0.0,-2.81
2023-02-16 21:00:00,0.0,-3.07
2023-02-16 22:00:00,0.0,-3.76
2023-02-16 23:00:00,0.0,-3.35
2023-02-17 00:00:00,0.0,-2.65
2023-02-17 01:00:00,0.0,-2.34
2023-02-17 02:00:00,0.0,-2.37
2023-02-17 03:00:00,0.0,-2.55
2023-02-17 04:00:00,0.0,-2.7
2023-02-17 05:00:00,0.0,-2.9
2023-02-17 06:00:00,0.0,-2.3
2023-02-17 07:00:00,37.95,-1.21
2023-02-17 08:00:00,105.07,0.53
2023-02-17 09:00:00,162.27,2.97
2023-02-17 10:00:00,225.02,7.59
2023-02-17 11:00:00,295.8,10.5
2023-02-17 12:00:00,330.38,11.79
2023-02-17 13:00:00,180.77,12.85
2023-02-17 14:00:00,162.4,12.91
2023-02-17 15:00:00,141.85,11.13
2023-02-17 16:00:00,81.32,5.34
2023-02-17 17:00:00,13.35,0.74
2023-02-17 18:00:00,0.0,-0.89
2023-02-17 19:00:00,0.0,-3.1
2023-02-17 20:00:00,0.0,-5.32
2023-02-17 21:00:00,0.0,-5.67
2023-02-17 22:00:00,0.0,-5.47
2023-02-17 23:00:00,0.0,-5.5
2023-02-18 00:00:00,0.0,-5.63
2023-02-18 01:00:00,0.0,-5.82
2023-02-18 02:00:00,0.0,-6.23
2023-02-18 03:00:00,0.0,-6.72
2023-02-18 04:00:00,0.0,-6.99
2023-02-18 05:00:00,0.0,-6.83
2023-02-18 06:00:00,0.0,-6.72
2023-02-18 07:00:00,16.55,-6.65
2023-02-18 08:00:00,56.78,-6.21
2023-02-18 09:00:00,98.1,-5.06
2023-02-18 10:00:00,129.32,-2.63
2023-02-18 11:00:00,250.7,-0.85
2023-02-18 12:00:00,379.9,-0.66
2023-02-18 13:00:00,382.58,-1.8
2023-02-18 14:00:00,273.05,-2.83
2023-02-18 15:00:00,204.02,-3.65
2023-02-18 16:00:00,120.0,-4.96
2023-02-18 17:00:00,21.27,-6.83
2023-02-18 18:00:00,0.0,-7.97
2023-02-18 19:00:00,0.0,-8.62
2023-02-18 20:00:00,0.0,-9.01
2023-02-18 21:00:00,0.0,-9.03
2023-02-18 22:00:00,0.0,-8.76
2023-02-18 23:00:00,0.0,-8.64
2023-02-19 00:00:00,0.0,-8.47
2023-02-19 01:00:00,0.0,-8.12
2023-02-19 02:00:00,0.0,-7.87
2023-02-19 03:00:00,0.0,-8.18
2023-02-19 04:00:00,0.0,-8.56
2023-02-19 05:00:00,0.0,-8.86
2023-02-19 06:00:00,0.0,-9.02
2023-02-19 07:00:00,46.58,-6.62
2023-02-19 08:00:00,134.38,-2.88
2023-02-19 09:00:00,183.98,0.29
2023-02-19 10:00:00,298.98,2.16
2023-02-19 11:00:00,314.9,3.51
2023-02-19 12:00:00,389.23,4.45
2023-02-19 13:00:00,481.3,5.2
2023-02-19 14:00:00,415.35,5.24
2023-02-19 15:00:00,303.9,4.48
2023-02-19 16:00:00,158.2,2.23
2023-02-19 17:00:00,25.42,-2.48
2023-02-19 18:00:00,0.0,-4.18
2023-02-19 19:00:00,0.0,-3.74
2023-02-19 20:00:00,0.0,-3.29
2023-02-19 21:00:00,0.0,-3.12
2023-02-19 22:00:00,0.0,-4.11
2023-02-19 23:00:00,0.0,-4.46
2023-02-20 00:00:00,0.0,-4.08
2023-02-20 01:00:00,0.0,-3.89
2023-02-20 02:00:00,0.0,-4.41
2023-02-20 03:00:00,0.0,-5.14
2023-02-20 04:00:00,0.0,-4.9
2023-02-20 05:00:00,0.0,-5.16
2023-02-20 06:00:00,0.0,-5.45
2023-02-20 07:00:00,53.17,-4.03
2023-02-20 08:00:00,162.8,-1.37
2023-02-20 09:00:00,277.65,1.28
2023-02-20 10:00:00,390.0,3.51
2023-02-20 11:00:00,496.83,5.15
2023-02-20 12:00:00,539.53,6.17
2023-02-20 13:00:00,474.65,6.11
2023-02-20 14:00:00,327.1,5.18
2023-02-20 15:00:00,251.27,3.65
2023-02-20 16:00:00,121.55,1.43
2023-02-20 17:00:00,17.85,-2.11
2023-02-20 18:00:00,0.0,-3.85
2023-02-20 19:00:00,0.0,-4.31
2023-02-20 20:00:00,0.0,-4.42
2023-02-20 21:00:00,0.0,-4.36
2023-02-20 22:00:00,0.0,-4.46
2023-02-20 23:00:00,0.0,-4.5
2023-02-21 00:00:00,0.0,-4.67
2023-02-21 01:00:00,0.0,-4.5
2023-02-21 02:00:00,0.0,-4.55
2023-02-21 03:00:00,0.0,-4.23
2023-02-21 04:00:00,0.0,-4.05
2023-02-21 05:00:00,0.0,-3.94
2023-02-21 06:00:00,0.0,-3.99
2023-02-21 07:00:00,39.42,-3.48
2023-02-21 08:00:00,102.72,-1.91
2023-02-21 09:00:00,165.98,-0.18
2023-02-21 10:00:00,214.75,1.74
2023-02-21 11:00:00,303.9,3.29
2023-02-21 12:00:00,321.12,4.16
2023-02-21 13:00:00,206.75,4.38
2023-02-21 14:00:00,287.8,3.5
2023-02-21 15:00:00,179.82,1.72
2023-02-21 16:00:00,89.72,-0.28
2023-02-21 17:00:00,14.5,-2.46
2023-02-21 18:00:00,0.0,-3.86
2023-02-21 19:00:00,0.0,-4.65
2023-02-21 20:00:00,0.0,-4.95
2023-02-21 21:00:00,0.0,-5.01
2023-02-21 22:00:00,0.0,-4.97
2023-02-21 23:00:00,0.0,-4.78
2023-02-22 00:00:00,0.0,-4.99
2023-02-22 01:00:00,0.0,-5.45
2023-02-22 02:00:00,0.0,-6.0
2023-02-22 03:00:00,0.0,-6.46
2023-02-22 04:00:00,0.0,-6.53
2023-02-22 05:00:00,0.0,-6.42
2023-02-22 06:00:00,0.0,-6.2
2023-02-22 07:00:00,75.47,-5.02
2023-02-22 08:00:00,221.18,-3.08
2023-02-22 09:00:00,364.4,-1.29
2023-02-22 10:00:00,469.08,0.15
2023-02-22 11:00:00,575.88,1.34
2023-02-22 12:00:00,594.6,2.3
2023-02-22 13:00:00,585.97,2.69
2023-02-22 14:00:00,399.6,2.56
2023-02-22 15:00:00,301.27,1.8
2023-02-22 16:00:00,143.32,0.14
2023-02-22 17:00:00,21.1,-2.59
2023-02-22 18:00:00,0.0,-3.74
2023-02-22 19:00:00,0.0,-4.14
2023-02-22 20:00:00,0.0,-4.13
2023-02-22 21:00:00,0.0,-4.03
2023-02-22 22:00:00,0.0,-4.22
2023-02-22 23:00:00,0.0,-4.06
2023-02-23 00:00:00,0.0,-3.78
2023-02-23 01:00:00,0.0,-3.28
2023-02-23 02:00:00,0.0,-3.1
2023-02-23 03:00:00,0.0,-3.49
2023-02-23 04:00:00,0.0,-4.45
2023-02-23 05:00:00,0.0,-4.91
2023-02-23 06:00:00,0.0,-4.86
2023-02-23 07:00:00,105.38,-1.97
2023-02-23 08:00:00,294.4,1.22
2023-02-23 09:00:00,487.85,2.69
2023-02-23 10:00:00,638.72,3.62
2023-02-23 11:00:00,674.25,4.23
2023-02-23 12:00:00,637.8,4.41
2023-02-23 13:00:00,672.53,4.21
2023-02-23 14:00:00,553.92,3.58
2023-02-23 15:00:00,358.35,2.6
2023-02-23 16:00:00,176.68,1.03
2023-02-23 17:00:00,26.77,-3.07
2023-02-23 18:00:00,0.0,-4.85
2023-02-23 19:00:00,0.0,-5.21
2023-02-23 20:00:00,0.0,-5.31
2023-02-23 21:00:00,0.0,-5.15
2023-02-23 22:00:00,0.0,-5.21
2023-02-23 23:00:00,0.0,-5.44
2023-02-24 00:00:00,0.0,-5.79
2023-02-24 01:00:00,0.0,-5.93
2023-02-24 02:00:00,0.0,-5.91
2023-02-24 03:00:00,0.0,-5.93
2023-02-24 04:00:00,0.0,-5.6
2023-02-24 05:00:00,0.0,-5.35
2023-02-24 06:00:00,0.0,-5.16
2023-02-24 07:00:00,121.43,-3.98
2023-02-24 08:00:00,326.8,-2.15
2023-02-24 09:00:00,536.2,0.14
2023-02-24 10:00:00,684.55,2.43
2023-02-24 11:00:00,763.0,4.11
2023-02-24 12:00:00,769.28,5.13
2023-02-24 13:00:00,703.15,5.56
2023-02-24 14:00:00,579.4,5.32
2023-02-24 15:00:00,408.48,4.26
2023-02-24 16:00:00,210.93,2.3
2023-02-24 17:00:00,31.92,-2.31
2023-02-24 18:00:00,0.0,-4.37
2023-02-24 19:00:00,0.0,-4.91
2023-02-24 20:00:00,0.0,-5.18
2023-02-24 21:00:00,0.0,-5.31
2023-02-24 22:00:00,0.0,-5.31
2023-02-24 23:00:00,0.0,-5.2
2023-02-25 00:00:00,0.0,-5.07
2023-02-25 01:00:00,0.0,-5.2
2023-02-25 02:00:00,0.0,-5.36
2023-02-25 03:00:00,0.0,-5.24
2023-02-25 04:00:00,0.0,-5.05
2023-02-25 05:00:00,0.0,-4.86
2023-02-25 06:00:00,0.0,-4.8
2023-02-25 07:00:00,111.85,-2.58
2023-02-25 08:00:00,295.42,0.61
2023-02-25 09:00:00,488.2,3.25
2023-02-25 10:00:00,638.35,5.05
2023-02-25 11:00:00,707.42,6.14
2023-02-25 12:00:00,732.33,6.76
2023-02-25 13:00:00,673.7,6.91
2023-02-25 14:00:00,575.5,6.52
2023-02-25 15:00:00,408.65,5.72
2023-02-25 16:00:00,214.15,4.14
2023-02-25 17:00:00,34.2,-0.55
2023-02-25 18:00:00,0.0,-3.15
2023-02-25 19:00:00,0.0,-4.0
2023-02-25 20:00:00,0.0,-4.37
2023-02-25 21:00:00,0.0,-4.64
2023-02-25 22:00:00,0.0,-4.7
2023-02-25 23:00:00,0.0,-4.68
2023-02-26 00:00:00,0.0,-4.59
2023-02-26 01:00:00,0.0,-4.49
2023-02-26 02:00:00,0.0,-4.38
2023-02-26 03:00:00,0.0,-4.3
2023-02-26 04:00:00,0.0,-4.43
2023-02-26 05:00:00,0.0,-4.78
2023-02-26 06:00:00,2.92,-4.91
2023-02-26 07:00:00,78.85,-1.52
2023-02-26 08:00:00,195.12,2.07
2023-02-26 09:00:00,315.45,5.09
2023-02-26 10:00:00,492.58,7.25
2023-02-26 11:00:00,670.65,8.87
2023-02-26 12:00:00,764.97,9.98
2023-02-26 13:00:00,721.4,10.67
2023-02-26 14:00:00,596.4,10.95
2023-02-26 15:00:00,423.6,10.51
2023-02-26 16:00:00,229.55,8.26
2023-02-26 17:00:00,37.1,1.69
2023-02-26 18:00:00,0.0,-1.38
2023-02-26 19:00:00,0.0,-2.5
2023-02-26 20:00:00,0.0,-3.19
2023-02-26 21:00:00,0.0,-3.8
2023-02-26 22:00:00,0.0,-3.98
2023-02-26 23:00:00,0.0,-4.08
2023-02-27 00:00:00,0.0,-4.15
2023-02-27 01:00:00,0.0,-4.1
2023-02-27 02:00:00,0.0,-4.02
2023-02-27 03:00:00,0.0,-4.04
2023-02-27 04:00:00,0.0,-4.05
2023-02-27 05:00:00,0.0,-3.73
2023-02-27 06:00:00,2.17,-3.62
2023-02-27 07:00:00,54.08,-2.19
2023-02-27 08:00:00,128.52,-0.98
2023-02-27 09:00:00,206.05,0.43
2023-02-27 10:00:00,166.93,1.63
2023-02-27 11:00:00,239.23,2.42
2023-02-27 12:00:00,123.15,2.66
2023-02-27 13:00:00,145.07,2.04
2023-02-27 14:00:00,115.8,1.1
2023-02-27 15:00:00,87.05,-0.06
2023-02-27 16:00:00,52.42,-1.58
2023-02-27 17:00:00,11.88,-3.47
2023-02-27 18:00:00,0.0,-4.51
2023-02-27 19:00:00,0.0,-5.2
2023-02-27 20:00:00,0.0,-5.65
2023-02-27 21:00:00,0.0,-5.7
2023-02-27 22:00:00,0.0,-5.63
2023-02-27 23:00:00,0.0,-5.72
2023-02-28 00:00:00,0.0,-5.88
2023-02-28 01:00:00,0.0,-6.15
2023-02-28 02:00:00,0.0,-6.47
2023-02-28 03:00:00,0.0,-6.9
2023-02-28 04:00:00,0.0,-7.43
2023-02-28 05:00:00,0.0,-7.94
2023-02-28 06:00:00,3.95,-8.35
2023-02-28 07:00:00,83.9,-7.59
2023-02-28 08:00:00,231.4,-5.69
2023-02-28 09:00:00,379.6,-3.45
2023-02-28 10:00:00,535.1,-1.61
2023-02-28 11:00:00,600.47,-0.59
2023-02-28 12:00:00,656.3,-0.2
2023-02-28 13:00:00,555.6,-0.29
2023-02-28 14:00:00,344.62,-1.09
2023-02-28 15:00:00,258.4,-2.48
2023-02-28 16:00:00,134.3,-3.93
2023-02-28 17:00:00,25.2,-5.31
2023-02-28 18:00:00,0.0,-6.47
2023-02-28 19:00:00,0.0,-7.2
2023-02-28 20:00:00,0.0,-7.6
2023-02-28 21:00:00,0.0,-7.77
2023-02-28 22:00:00,0.0,-8.0
2023-02-28 23:00:00,0.0,-8.25
2023-03-01 00:00:00,0.0,-8.46
2023-03-01 01:00:00,0.0,-8.54
2023-03-01 02:00:00,0.0,-8.73
2023-03-01 03:00:00,0.0,-8.86
2023-03-01 04:00:00,0.0,-8.67
2023-03-01 05:00:00,0.0,-8.37
2023-03-01 06:00:00,4.18,-8.0
2023-03-01 07:00:00,113.95,-6.48
2023-03-01 08:00:00,296.48,-4.47
2023-03-01 09:00:00,473.62,-2.9
2023-03-01 10:00:00,649.25,-1.42
2023-03-01 11:00:00,758.4,-0.05
2023-03-01 12:00:00,732.42,0.52
2023-03-01 13:00:00,680.25,0.76
2023-03-01 14:00:00,578.25,1.33
2023-03-01 15:00:00,412.15,1.08
2023-03-01 16:00:00,226.57,0.32
2023-03-01 17:00:00,42.17,-2.59
2023-03-01 18:00:00,0.0,-4.48
2023-03-01 19:00:00,0.0,-4.61
2023-03-01 20:00:00,0.0,-4.52
2023-03-01 21:00:00,0.0,-4.47
2023-03-01 22:00:00,0.0,-4.56
2023-03-01 23:00:00,0.0,-4.77
2023-03-02 00:00:00,0.0,-4.74
2023-03-02 01:00:00,0.0,-4.63
2023-03-02 02:00:00,0.0,-4.6
2023-03-02 03:00:00,0.0,-5.13
2023-03-02 04:00:00,0.0,-5.65
2023-03-02 05:00:00,0.0,-5.46
2023-03-02 06:00:00,4.6,-4.58
2023-03-02 07:00:00,78.28,-3.43
2023-03-02 08:00:00,206.7,-2.21
2023-03-02 09:00:00,340.98,-1.63
2023-03-02 10:00:00,431.6,-1.52
2023-03-02 11:00:00,497.0,-1.47
2023-03-02 12:00:00,463.52,-1.46
2023-03-02 13:00:00,426.27,-1.67
2023-03-02 14:00:00,356.95,-2.12
2023-03-02 15:00:00,237.27,-2.79
2023-03-02 16:00:00,135.0,-3.42
2023-03-02 17:00:00,26.08,-4.26
2023-03-02 18:00:00,0.0,-5.08
2023-03-02 19:00:00,0.0,-6.33
2023-03-02 20:00:00,0.0,-7.08
2023-03-02 21:00:00,0.0,-7.4
2023-03-02 22:00:00,0.0,-7.61
2023-03-02 23:00:00,0.0,-7.76
2023-03-03 00:00:00,0.0,-7.89
2023-03-03 01:00:00,0.0,-8.11
2023-03-03 02:00:00,0.0,-8.68
2023-03-03 03:00:00,0.0,-9.28
2023-03-03 04:00:00,0.0,-9.97
2023-03-03 05:00:00,0.0,-10.67
2023-03-03 06:00:00,8.98,-10.87
2023-03-03 07:00:00,164.93,-7.9
2023-03-03 08:00:00,389.27,-3.77
2023-03-03 09:00:00,588.95,0.65
2023-03-03 10:00:00,741.17,2.78
2023-03-03 11:00:00,824.08,4.18
2023-03-03 12:00:00,841.65,5.02
2023-03-03 13:00:00,788.15,5.37
2023-03-03 14:00:00,666.7,5.22
2023-03-03 15:00:00,487.88,4.52
2023-03-03 16:00:00,269.75,2.85
2023-03-03 17:00:00,57.03,-1.62
2023-03-03 18:00:00,0.0,-2.82
2023-03-03 19:00:00,0.0,-2.8
2023-03-03 20:00:00,0.0,-3.25
2023-03-03 21:00:00,0.0,-3.87
2023-03-03 22:00:00,0.0,-4.43
2023-03-03 23:00:00,0.0,-5.01
2023-03-04 00:00:00,0.0,-5.59
2023-03-04 01:00:00,0.0,-6.06
2023-03-04 02:00:00,0.0,-6.39
2023-03-04 03:00:00,0.0,-6.58
2023-03-04 04:00:00,0.0,-6.72
2023-03-04 05:00:00,0.0,-6.92
2023-03-04 06:00:00,9.8,-7.15
2023-03-04 07:00:00,165.98,-3.28
2023-03-04 08:00:00,391.1,0.56
2023-03-04 09:00:00,593.9,4.35
2023-03-04 10:00:00,746.85,6.26
2023-03-04 11:00:00,841.33,7.36
2023-03-04 12:00:00,858.03,8.05
2023-03-04 13:00:00,803.15,8.38
2023-03-04 14:00:00,681.2,8.29
2023-03-04 15:00:00,501.65,7.65
2023-03-04 16:00:00,281.38,5.48
2023-03-04 17:00:00,62.12,-0.37
2023-03-04 18:00:00,0.0,-2.72
2023-03-04 19:00:00,0.0,-2.87
2023-03-04 20:00:00,0.0,-2.82
2023-03-04 21:00:00,0.0,-2.69
2023-03-04 22:00:00,0.0,-2.7
2023-03-04 23:00:00,0.0,-2.76
2023-03-05 00:00:00,0.0,-2.88
2023-03-05 01:00:00,0.0,-3.06
2023-03-05 02:00:00,0.0,-3.42
2023-03-05 03:00:00,0.0,-3.83
2023-03-05 04:00:00,0.0,-4.18
2023-03-05 05:00:00,0.0,-4.54
2023-03-05 06:00:00,10.98,-4.49
2023-03-05 07:00:00,170.18,-0.5
2023-03-05 08:00:00,389.83,3.16
2023-03-05 09:00:00,585.22,6.46
2023-03-05 10:00:00,732.53,8.62
2023-03-05 11:00:00,825.95,10.01
2023-03-05 12:00:00,840.38,10.89
2023-03-05 13:00:00,783.9,11.29
2023-03-05 14:00:00,600.75,11.0
2023-03-05 15:00:00,430.92,9.39
2023-03-05 16:00:00,230.2,6.67
2023-03-05 17:00:00,43.97,2.52
2023-03-05 18:00:00,0.0,0.25
2023-03-05 19:00:00,0.0,-0.32
2023-03-05 20:00:00,0.0,0.34
2023-03-05 21:00:00,0.0,0.75
2023-03-05 22:00:00,0.0,0.29
2023-03-05 23:00:00,0.0,-0.35
2023-03-06 00:00:00,0.0,-0.87
2023-03-06 01:00:00,0.0,-1.09
2023-03-06 02:00:00,0.0,-1.28
2023-03-06 03:00:00,0.0,-1.45
2023-03-06 04:00:00,0.0,-1.62
2023-03-06 05:00:00,0.0,-1.69
2023-03-06 06:00:00,10.55,-1.36
2023-03-06 07:00:00,154.8,0.87
2023-03-06 08:00:00,359.92,3.04
2023-03-06 09:00:00,556.4,5.38
2023-03-06 10:00:00,706.08,7.29
2023-03-06 11:00:00,810.47,8.87
2023-03-06 12:00:00,820.62,9.97
2023-03-06 13:00:00,749.28,10.41
2023-03-06 14:00:00,622.33,10.13
2023-03-06 15:00:00,434.27,8.94
2023-03-06 16:00:00,234.5,7.3
2023-03-06 17:00:00,50.62,3.15
2023-03-06 18:00:00,0.0,-0.29
2023-03-06 19:00:00,0.0,-1.1
2023-03-06 20:00:00,0.0,-1.68
2023-03-06 21:00:00,0.0,-2.11
2023-03-06 22:00:00,0.0,-2.51
2023-03-06 23:00:00,0.0,-2.7
2023-03-07 00:00:00,0.0,-2.88
2023-03-07 01:00:00,0.0,-3.01
2023-03-07 02:00:00,0.0,-3.1
2023-03-07 03:00:00,0.0,-3.11
2023-03-07 04:00:00,0.0,-2.83
2023-03-07 05:00:00,0.0,-2.26
2023-03-07 06:00:00,8.07,-1.54
2023-03-07 07:00:00,76.45,0.57
2023-03-07 08:00:00,144.88,2.67
2023-03-07 09:00:00,271.05,4.0
2023-03-07 10:00:00,411.62,4.63
2023-03-07 11:00:00,366.67,4.51
2023-03-07 12:00:00,341.0,3.45
2023-03-07 13:00:00,262.62,2.28
2023-03-07 14:00:00,194.52,1.59
2023-03-07 15:00:00,161.52,0.94
2023-03-07 16:00:00,80.75,0.29
2023-03-07 17:00:00,16.38,-0.57
2023-03-07 18:00:00,0.0,-1.26
2023-03-07 19:00:00,0.0,-0.8
2023-03-07 20:00:00,0.0,-1.02
2023-03-07 21:00:00,0.0,-1.47
2023-03-07 22:00:00,0.0,-2.04
2023-03-07 23:00:00,0.0,-2.79
2023-03-08 00:00:00,0.0,-3.45
2023-03-08 01:00:00,0.0,-3.64
2023-03-08 02:00:00,0.0,-3.65
2023-03-08 03:00:00,0.0,-3.61
2023-03-08 04:00:00,0.0,-3.63
2023-03-08 05:00:00,0.0,-3.71
2023-03-08 06:00:00,13.05,-3.33
2023-03-08 07:00:00,162.23,-0.14
2023-03-08 08:00:00,371.25,3.45
2023-03-08 09:00:00,564.58,5.23
2023-03-08 10:00:00,714.53,6.2
2023-03-08 11:00:00,822.03,6.89
2023-03-08 12:00:00,822.12,7.33
2023-03-08 13:00:00,757.8,7.58
2023-03-08 14:00:00,640.67,7.51
2023-03-08 15:00:00,466.42,6.9
2023-03-08 16:00:00,260.15,5.66
2023-03-08 17:00:00,59.58,1.67
2023-03-08 18:00:00,0.0,-0.71
2023-03-08 19:00:00,0.0,-1.31
2023-03-08 20:00:00,0.0,-2.3
2023-03-08 21:00:00,0.0,-3.13
2023-03-08 22:00:00,0.0,-3.19
2023-03-08 23:00:00,0.0,-3.25
2023-03-09 00:00:00,0.0,-3.19
2023-03-09 01:00:00,0.0,-2.5
2023-03-09 02:00:00,0.0,-1.9
2023-03-09 03:00:00,0.0,-1.71
2023-03-09 04:00:00,0.0,-1.75
2023-03-09 05:00:00,0.0,-1.93
2023-03-09 06:00:00,15.5,-1.83
2023-03-09 07:00:00,182.38,1.05
2023-03-09 08:00:00,399.55,4.56
2023-03-09 09:00:00,592.83,7.37
2023-03-09 10:00:00,737.28,9.5
2023-03-09 11:00:00,836.0,10.86
2023-03-09 12:00:00,848.88,11.75
2023-03-09 13:00:00,788.97,12.24
2023-03-09 14:00:00,660.58,11.6
2023-03-09 15:00:00,469.85,10.55
2023-03-09 16:00:00,241.5,8.43
2023-03-09 17:00:00,54.45,5.02
2023-03-09 18:00:00,0.0,2.82
2023-03-09 19:00:00,0.0,2.3
2023-03-09 20:00:00,0.0,2.8
2023-03-09 21:00:00,0.0,1.94
2023-03-09 22:00:00,0.0,0.15
2023-03-09 23:00:00,0.0,-0.86
2023-03-10 00:00:00,0.0,-1.22
2023-03-10 01:00:00,0.0,-1.41
2023-03-10 02:00:00,0.0,-1.43
2023-03-10 03:00:00,0.0,-1.2
2023-03-10 04:00:00,0.0,-1.04
2023-03-10 05:00:00,0.0,-0.82
2023-03-10 06:00:00,14.98,-0.62
2023-03-10 07:00:00,156.8,2.29
2023-03-10 08:00:00,340.42,4.36
2023-03-10 09:00:00,507.3,6.25
2023-03-10 10:00:00,682.55,7.6
2023-03-10 11:00:00,763.55,8.81
2023-03-10 12:00:00,771.3,9.1
2023-03-10 13:00:00,705.95,9.32
2023-03-10 14:00:00,546.67,9.11
2023-03-10 15:00:00,357.77,8.25
2023-03-10 16:00:00,186.45,7.06
2023-03-10 17:00:00,44.55,4.24
2023-03-10 18:00:00,0.0,0.84
2023-03-10 19:00:00,0.0,-0.56
2023-03-10 20:00:00,0.0,-1.36
2023-03-10 21:00:00,0.0,-1.54
2023-03-10 22:00:00,0.0,-1.12
2023-03-10 23:00:00,0.0,-1.33
2023-03-11 00:00:00,0.0,-3.14
2023-03-11 01:00:00,0.0,-4.27
2023-03-11 02:00:00,0.0,-6.18
2023-03-11 03:00:00,0.0,-7.01
2023-03-11 04:00:00,0.0,-6.92
2023-03-11 05:00:00,0.0,-6.73
2023-03-11 06:00:00,8.7,-6.34
2023-03-11 07:00:00,79.68,-5.11
2023-03-11 08:00:00,172.68,-4.09
2023-03-11 09:00:00,216.95,-3.54
2023-03-11 10:00:00,231.6,-3.51
2023-03-11 11:00:00,337.42,-3.47
2023-03-11 12:00:00,377.7,-3.49
2023-03-11 13:00:00,438.02,-3.64
2023-03-11 14:00:00,410.83,-3.75
2023-03-11 15:00:00,299.88,-4.2
2023-03-11 16:00:00,185.43,-4.69
2023-03-11 17:00:00,60.35,-5.12
2023-03-11 18:00:00,0.0,-5.51
2023-03-11 19:00:00,0.0,-5.63
2023-03-11 20:00:00,0.0,-6.14
2023-03-11 21:00:00,0.0,-6.86
2023-03-11 22:00:00,0.0,-7.28
2023-03-11 23:00:00,0.0,-7.48
2023-03-12 00:00:00,0.0,-7.6
2023-03-12 01:00:00,0.0,-7.62
2023-03-12 02:00:00,0.0,-7.6
2023-03-12 03:00:00,0.0,-7.64
2023-03-12 04:00:00,0.0,-7.79
2023-03-12 05:00:00,0.0,-7.89
2023-03-12 06:00:00,23.35,-7.45
2023-03-12 07:00:00,214.0,-4.62
2023-03-12 08:00:00,441.02,-1.62
2023-03-12 09:00:00,639.35,1.09
2023-03-12 10:00:00,788.58,3.19
2023-03-12 11:00:00,871.6,4.67
2023-03-12 12:00:00,889.05,5.59
2023-03-12 13:00:00,830.62,6.04
2023-03-12 14:00:00,706.65,5.93
2023-03-12 15:00:00,524.97,5.32
2023-03-12 16:00:00,304.1,4.08
2023-03-12 17:00:00,81.05,-0.34
2023-03-12 18:00:00,0.0,-2.4
2023-03-12 19:00:00,0.0,-3.05
2023-03-12 20:00:00,0.0,-3.81
2023-03-12 21:00:00,0.0,-3.91
2023-03-12 22:00:00,0.0,-3.64
2023-03-12 23:00:00,0.0,-3.48
2023-03-13 00:00:00,0.0,-3.37
2023-03-13 01:00:00,0.0,-3.29
2023-03-13 02:00:00,0.0,-3.33
2023-03-13 03:00:00,0.0,-3.46
2023-03-13 04:00:00,0.0,-3.62
2023-03-13 05:00:00,0.0,-3.83
2023-03-13 06:00:00,24.48,-3.72
2023-03-13 07:00:00,218.32,-1.15
2023-03-13 08:00:00,447.55,3.37
2023-03-13 09:00:00,648.28,8.34
2023-03-13 10:00:00,797.4,10.73
2023-03-13 11:00:00,888.17,12.47
2023-03-13 12:00:00,901.05,13.66
2023-03-13 13:00:00,841.58,14.29
2023-03-13 14:00:00,714.72,14.39
2023-03-13 15:00:00,530.65,13.84
2023-03-13 16:00:00,305.95,11.6
2023-03-13 17:00:00,81.75,6.94
2023-03-13 18:00:00,0.0,5.44
2023-03-13 19:00:00,0.0,5.38
2023-03-13 20:00:00,0.0,5.52
2023-03-13 21:00:00,0.0,5.0
2023-03-13 22:00:00,0.0,3.16
2023-03-13 23:00:00,0.0,0.89
2023-03-14 00:00:00,0.0,-0.65
2023-03-14 01:00:00,0.0,-1.65
2023-03-14 02:00:00,0.0,-2.23
2023-03-14 03:00:00,0.0,-2.46
2023-03-14 04:00:00,0.0,-2.38
2023-03-14 05:00:00,0.0,-2.13
2023-03-14 06:00:00,26.1,-1.64
2023-03-14 07:00:00,219.9,1.68
2023-03-14 08:00:00,443.58,3.25
2023-03-14 09:00:00,637.92,4.82
2023-03-14 10:00:00,778.75,6.3
2023-03-14 11:00:00,856.88,7.57
2023-03-14 12:00:00,863.45,8.32
2023-03-14 13:00:00,793.08,8.49
2023-03-14 14:00:00,620.72,7.88
2023-03-14 15:00:00,403.92,6.52
2023-03-14 16:00:00,192.93,4.54
2023-03-14 17:00:00,48.55,1.96
2023-03-14 18:00:00,0.0,0.17
2023-03-14 19:00:00,0.0,-0.61
2023-03-14 20:00:00,0.0,-1.94
2023-03-14 21:00:00,0.0,-2.7
2023-03-14 22:00:00,0.0,-3.13
2023-03-14 23:00:00,0.0,-3.73
2023-03-15 00:00:00,0.0,-4.21
2023-03-15 01:00:00,0.0,-4.72
2023-03-15 02:00:00,0.0,-4.98
2023-03-15 03:00:00,0.0,-5.06
2023-03-15 04:00:00,0.0,-4.97
2023-03-15 05:00:00,0.0,-4.96
2023-03-15 06:00:00,16.48,-4.24
2023-03-15 07:00:00,128.73,-1.69
2023-03-15 08:00:00,275.17,0.84
2023-03-15 09:00:00,448.2,3.07
2023-03-15 10:00:00,519.6,4.75
2023-03-15 11:00:00,669.17,5.39
2023-03-15 12:00:00,625.05,5.15
2023-03-15 13:00:00,576.4,4.99
2023-03-15 14:00:00,549.28,4.91
2023-03-15 15:00:00,391.75,4.17
2023-03-15 16:00:00,205.85,2.64
2023-03-15 17:00:00,56.05,0.79
2023-03-15 18:00:00,0.0,-0.91
2023-03-15 19:00:00,0.0,-1.67
2023-03-15 20:00:00,0.0,-2.24
2023-03-15 21:00:00,0.0,-2.58
2023-03-15 22:00:00,0.0,-2.59
2023-03-15 23:00:00,0.0,-2.65
2023-03-16 00:00:00,0.0,-2.66
2023-03-16 01:00:00,0.0,-3.17
2023-03-16 02:00:00,0.0,-3.18
2023-03-16 03:00:00,0.0,-2.76
2023-03-16 04:00:00,0.0,-3.01
2023-03-16 05:00:00,0.0,-3.48
2023-03-16 06:00:00,24.52,-2.98
2023-03-16 07:00:00,197.9,0.43
2023-03-16 08:00:00,414.62,3.29
2023-03-16 09:00:00,611.83,5.51
2023-03-16 10:00:00,746.0,7.14
2023-03-16 11:00:00,808.62,8.34
2023-03-16 12:00:00,770.45,9.08
2023-03-16 13:00:00,679.75,9.44
2023-03-16 14:00:00,491.5,9.04
2023-03-16 15:00:00,357.17,7.82
2023-03-16 16:00:00,189.18,5.93
2023-03-16 17:00:00,53.65,3.37
2023-03-16 18:00:00,0.0,0.9
2023-03-16 19:00:00,0.0,-0.05
2023-03-16 20:00:00,0.0,-0.53
2023-03-16 21:00:00,0.0,-1.37
2023-03-16 22:00:00,0.0,-2.43
2023-03-16 23:00:00,0.0,-3.14
2023-03-17 00:00:00,0.0,-3.71
2023-03-17 01:00:00,0.0,-3.85
2023-03-17 02:00:00,0.0,-4.08
2023-03-17 03:00:00,0.0,-4.28
2023-03-17 04:00:00,0.0,-4.34
2023-03-17 05:00:00,0.0,-4.45
2023-03-17 06:00:00,21.77,-3.66
2023-03-17 07:00:00,173.27,-0.38
2023-03-17 08:00:00,375.15,3.18
2023-03-17 09:00:00,585.53,6.17
2023-03-17 10:00:00,714.1,8.54
2023-03-17 11:00:00,782.15,10.31
2023-03-17 12:00:00,791.67,11.24
2023-03-17 13:00:00,671.4,10.97
2023-03-17 14:00:00,494.3,9.55
2023-03-17 15:00:00,356.85,7.46
2023-03-17 16:00:00,181.12,4.94
2023-03-17 17:00:00,47.67,2.22
2023-03-17 18:00:00,0.0,0.36
2023-03-17 19:00:00,0.0,-0.23
2023-03-17 20:00:00,0.0,-0.96
2023-03-17 21:00:00,0.0,-1.93
2023-03-17 22:00:00,0.0,-2.94
2023-03-17 23:00:00,0.0,-3.44
2023-03-18 00:00:00,0.0,-3.13
2023-03-18 01:00:00,0.0,-2.96
2023-03-18 02:00:00,0.0,-3.01
2023-03-18 03:00:00,0.0,-2.94
2023-03-18 04:00:00,0.0,-2.63
2023-03-18 05:00:00,0.0,-2.22
2023-03-18 06:00:00,22.75,-1.6
2023-03-18 07:00:00,167.12,-0.06
2023-03-18 08:00:00,348.98,1.47
2023-03-18 09:00:00,557.65,3.21
2023-03-18 10:00:00,636.62,4.61
2023-03-18 11:00:00,727.85,6.06
2023-03-18 12:00:00,775.7,7.32
2023-03-18 13:00:00,670.22,8.03
2023-03-18 14:00:00,538.35,8.45
2023-03-18 15:00:00,397.25,8.22
2023-03-18 16:00:00,217.48,7.11
2023-03-18 17:00:00,64.93,4.67
2023-03-18 18:00:00,0.0,1.2
2023-03-18 19:00:00,0.0,-0.47
2023-03-18 20:00:00,0.0,-1.94
2023-03-18 21:00:00,0.0,-2.86
2023-03-18 22:00:00,0.0,-3.38
2023-03-18 23:00:00,0.0,-3.72
2023-03-19 00:00:00,0.0,-3.89
2023-03-19 01:00:00,0.0,-3.79
2023-03-19 02:00:00,0.0,-3.57
2023-03-19 03:00:00,0.0,-3.47
2023-03-19 04:00:00,0.0,-3.57
2023-03-19 05:00:00,0.0,-3.64
2023-03-19 06:00:00,27.55,-2.19
2023-03-19 07:00:00,184.1,1.92
2023-03-19 08:00:00,368.38,6.87
2023-03-19 09:00:00,555.78,10.09
2023-03-19 10:00:00,762.22,11.88
2023-03-19 11:00:00,834.72,13.28
2023-03-19 12:00:00,822.33,14.19
2023-03-19 13:00:00,761.67,14.08
2023-03-19 14:00:00,615.78,12.81
2023-03-19 15:00:00,448.35,11.05
2023-03-19 16:00:00,243.82,9.38
2023-03-19 17:00:00,67.85,7.45
2023-03-19 18:00:00,0.0,3.4
2023-03-19 19:00:00,0.0,1.85
2023-03-19 20:00:00,0.0,1.03
2023-03-19 21:00:00,0.0,0.41
2023-03-19 22:00:00,0.0,-0.41
2023-03-19 23:00:00,0.0,-1.07
2023-03-20 00:00:00,0.0,-1.18
2023-03-20 01:00:00,0.0,-1.59
2023-03-20 02:00:00,0.0,-1.4
2023-03-20 03:00:00,0.0,-1.16
2023-03-20 04:00:00,0.0,-0.71
2023-03-20 05:00:00,0.0,-0.54
2023-03-20 06:00:00,19.75,-0.18
2023-03-20 07:00:00,118.9,3.16
2023-03-20 08:00:00,273.95,6.34
2023-03-20 09:00:00,434.88,8.2
2023-03-20 10:00:00,591.17,9.06
2023-03-20 11:00:00,728.6,9.21
2023-03-20 12:00:00,836.03,9.29
2023-03-20 13:00:00,742.42,9.41
2023-03-20 14:00:00,576.08,9.35
2023-03-20 15:00:00,393.75,9.41
2023-03-20 16:00:00,202.6,9.32
2023-03-20 17:00:00,58.33,7.26
2023-03-20 18:00:00,0.0,3.93
2023-03-20 19:00:00,0.0,2.65
2023-03-20 20:00:00,0.0,2.35
2023-03-20 21:00:00,0.0,2.35
2023-03-20 22:00:00,0.0,0.21
2023-03-20 23:00:00,0.0,-1.68
2023-03-21 00:00:00,0.0,-2.7
2023-03-21 01:00:00,0.0,-2.46
2023-03-21 02:00:00,0.0,-2.65
2023-03-21 03:00:00,0.0,-2.85
2023-03-21 04:00:00,0.0,-2.23
2023-03-21 05:00:00,0.0,-1.79
2023-03-21 06:00:00,18.12,-1.03
2023-03-21 07:00:00,91.12,2.33
2023-03-21 08:00:00,165.73,5.68
2023-03-21 09:00:00,164.93,9.04
2023-03-21 10:00:00,149.75,10.45
2023-03-21 11:00:00,247.85,9.36
2023-03-21 12:00:00,259.23,7.45
2023-03-21 13:00:00,257.08,6.06
2023-03-21 14:00:00,279.5,5.27
2023-03-21 15:00:00,218.32,4.31
2023-03-21 16:00:00,110.95,2.9
2023-03-21 17:00:00,35.03,1.3
2023-03-21 18:00:00,0.0,-0.15
2023-03-21 19:00:00,0.0,-1.02
2023-03-21 20:00:00,0.0,-1.72
2023-03-21 21:00:00,0.0,-2.15
2023-03-21 22:00:00,0.0,-2.4
2023-03-21 23:00:00,0.0,-2.59
2023-03-22 00:00:00,0.0,-2.84
2023-03-22 01:00:00,0.0,-3.1
2023-03-22 02:00:00,0.0,-3.43
2023-03-22 03:00:00,0.0,-3.93
2023-03-22 04:00:00,0.0,-4.17
2023-03-22 05:00:00,0.0,-4.14
2023-03-22 06:00:00,19.12,-3.78
2023-03-22 07:00:00,131.4,-1.8
2023-03-22 08:00:00,244.88,0.09
2023-03-22 09:00:00,353.62,1.67
2023-03-22 10:00:00,417.12,2.5
2023-03-22 11:00:00,465.48,2.82
2023-03-22 12:00:00,407.83,2.74
2023-03-22 13:00:00,325.12,2.44
2023-03-22 14:00:00,276.12,1.97
2023-03-22 15:00:00,164.35,1.52
2023-03-22 16:00:00,126.88,0.99
2023-03-22 17:00:00,41.92,-0.7
2023-03-22 18:00:00,0.0,-2.65
2023-03-22 19:00:00,0.0,-3.13
2023-03-22 20:00:00,0.0,-2.91
2023-03-22 21:00:00,0.0,-3.05
2023-03-22 22:00:00,0.0,-3.26
2023-03-22 23:00:00,0.0,-3.81
2023-03-23 00:00:00,0.0,-4.18
2023-03-23 01:00:00,0.0,-4.2
2023-03-23 02:00:00,0.0,-4.3
2023-03-23 03:00:00,0.0,-4.35
2023-03-23 04:00:00,0.0,-4.37
2023-03-23 05:00:00,0.0,-4.47
2023-03-23 06:00:00,26.5,-4.19
2023-03-23 07:00:00,154.55,-2.91
2023-03-23 08:00:00,310.77,-1.6
2023-03-23 09:00:00,471.9,-0.11
2023-03-23 10:00:00,557.53,1.51
2023-03-23 11:00:00,630.5,3.03
2023-03-23 12:00:00,570.42,4.07
2023-03-23 13:00:00,483.38,4.55
2023-03-23 14:00:00,485.15,4.49
2023-03-23 15:00:00,404.3,3.86
2023-03-23 16:00:00,223.95,2.88
2023-03-23 17:00:00,74.1,1.13
2023-03-23 18:00:00,0.0,-2.0
2023-03-23 19:00:00,0.0,-3.48
2023-03-23 20:00:00,0.0,-4.43
2023-03-23 21:00:00,0.0,-5.03
2023-03-23 22:00:00,0.0,-5.3
2023-03-23 23:00:00,0.0,-5.48
2023-03-24 00:00:00,0.0,-5.62
2023-03-24 01:00:00,0.0,-5.6
2023-03-24 02:00:00,0.0,-5.42
2023-03-24 03:00:00,0.0,-5.24
2023-03-24 04:00:00,0.0,-5.23
2023-03-24 05:00:00,0.0,-5.21
2023-03-24 06:00:00,30.55,-3.65
2023-03-24 07:00:00,153.93,-0.03
2023-03-24 08:00:00,276.02,2.93
2023-03-24 09:00:00,381.85,4.66
2023-03-24 10:00:00,520.4,6.09
2023-03-24 11:00:00,564.42,6.55
2023-03-24 12:00:00,583.92,6.24
2023-03-24 13:00:00,493.85,5.57
2023-03-24 14:00:00,134.77,4.94
2023-03-24 15:00:00,103.82,3.05
2023-03-24 16:00:00,5.15,-0.23
2023-03-24 17:00:00,3.65,-2.06
2023-03-24 18:00:00,0.0,-2.96
2023-03-24 19:00:00,0.0,-3.31
2023-03-24 20:00:00,0.0,-3.79
2023-03-24 21:00:00,0.0,-4.61
2023-03-24 22:00:00,0.0,-5.22
2023-03-24 23:00:00,0.0,-5.58
2023-03-25 00:00:00,0.0,-5.64
2023-03-25 01:00:00,0.0,-5.94
2023-03-25 02:00:00,0.0,-6.09
2023-03-25 03:00:00,0.0,-6.39
2023-03-25 04:00:00,0.0,-6.8
2023-03-25 05:00:00,0.0,-6.98
2023-03-25 06:00:00,40.5,-5.77
2023-03-25 07:00:00,224.82,-1.49
2023-03-25 08:00:00,445.85,1.94
2023-03-25 09:00:00,664.2,4.15
2023-03-25 10:00:00,809.53,5.85
2023-03-25 11:00:00,906.35,7.33
2023-03-25 12:00:00,898.67,8.5
2023-03-25 13:00:00,785.62,9.13
2023-03-25 14:00:00,645.62,9.05
2023-03-25 15:00:00,436.05,8.1
2023-03-25 16:00:00,238.98,6.33
2023-03-25 17:00:00,76.5,3.78
2023-03-25 18:00:00,0.0,1.07
2023-03-25 19:00:00,0.0,-0.03
2023-03-25 20:00:00,0.0,-2.04
2023-03-25 21:00:00,0.0,-3.54
2023-03-25 22:00:00,0.0,-4.18
2023-03-25 23:00:00,0.0,-4.64
2023-03-26 00:00:00,0.0,-4.56
2023-03-26 01:00:00,0.0,-4.33
2023-03-26 02:00:00,0.0,-4.17
2023-03-26 03:00:00,0.0,-3.86
2023-03-26 04:00:00,0.0,-4.0
2023-03-26 05:00:00,0.0,-4.62
2023-03-26 06:00:00,23.73,-4.38
2023-03-26 07:00:00,106.75,-2.6
2023-03-26 08:00:00,195.18,-0.61
2023-03-26 09:00:00,285.3,1.31
2023-03-26 10:00:00,379.65,2.49
2023-03-26 11:00:00,445.67,3.2
2023-03-26 12:00:00,433.02,3.36
2023-03-26 13:00:00,435.38,3.01
2023-03-26 14:00:00,397.12,2.67
2023-03-26 15:00:00,345.25,1.92
2023-03-26 16:00:00,197.57,1.1
2023-03-26 17:00:00,86.1,-0.13
2023-03-26 18:00:00,0.0,-2.63
2023-03-26 19:00:00,0.0,-3.47
2023-03-26 20:00:00,0.0,-3.82
2023-03-26 21:00:00,0.0,-3.78
2023-03-26 22:00:00,0.0,-3.95
2023-03-26 23:00:00,0.0,-4.2
2023-03-27 00:00:00,0.0,-4.71
2023-03-27 01:00:00,0.0,-5.23
2023-03-27 02:00:00,0.0,-5.44
2023-03-27 03:00:00,0.0,-5.56
2023-03-27 04:00:00,0.0,-5.74
2023-03-27 05:00:00,0.0,-5.56
2023-03-27 06:00:00,68.05,-4.16
2023-03-27 07:00:00,289.48,-0.74
2023-03-27 08:00:00,515.78,2.12
2023-03-27 09:00:00,710.15,4.43
2023-03-27 10:00:00,841.08,6.33
2023-03-27 11:00:00,896.03,7.64
2023-03-27 12:00:00,883.75,8.51
2023-03-27 13:00:00,793.38,9.24
2023-03-27 14:00:00,672.42,9.28
2023-03-27 15:00:00,496.5,8.51
2023-03-27 16:00:00,289.73,7.01
2023-03-27 17:00:00,100.47,4.92
2023-03-27 18:00:00,0.0,1.88
2023-03-27 19:00:00,0.0,-0.14
2023-03-27 20:00:00,0.0,-1.72
2023-03-27 21:00:00,0.0,-2.66
2023-03-27 22:00:00,0.0,-2.66
2023-03-27 23:00:00,0.0,-2.48
2023-03-28 00:00:00,0.0,-2.55
2023-03-28 01:00:00,0.0,-2.64
2023-03-28 02:00:00,0.0,-2.76
2023-03-28 03:00:00,0.0,-2.81
2023-03-28 04:00:00,0.0,-2.48
2023-03-28 05:00:00,0.0,-2.23
2023-03-28 06:00:00,55.2,-1.1
2023-03-28 07:00:00,236.95,1.34
2023-03-28 08:00:00,444.77,3.15
2023-03-28 09:00:00,626.0,4.55
2023-03-28 10:00:00,669.85,5.94
2023-03-28 11:00:00,637.85,6.84
2023-03-28 12:00:00,667.97,6.97
2023-03-28 13:00:00,627.92,6.65
2023-03-28 14:00:00,533.7,6.41
2023-03-28 15:00:00,408.92,5.8
2023-03-28 16:00:00,223.07,4.88
2023-03-28 17:00:00,77.57,3.59
2023-03-28 18:00:00,0.0,1.09
2023-03-28 19:00:00,0.0,-0.05
2023-03-28 20:00:00,0.0,-0.99
2023-03-28 21:00:00,0.0,-1.67
2023-03-28 22:00:00,0.0,-2.04
2023-03-28 23:00:00,0.0,-2.36
2023-03-29 00:00:00,0.0,-2.83
2023-03-29 01:00:00,0.0,-3.27
2023-03-29 02:00:00,0.0,-3.48
2023-03-29 03:00:00,0.0,-3.42
2023-03-29 04:00:00,0.0,-3.41
2023-03-29 05:00:00,0.0,-3.66
2023-03-29 06:00:00,61.53,-2.01
2023-03-29 07:00:00,258.8,1.86
2023-03-29 08:00:00,477.6,4.71
2023-03-29 09:00:00,669.55,6.92
2023-03-29 10:00:00,809.5,8.81
2023-03-29 11:00:00,905.45,10.28
2023-03-29 12:00:00,909.88,11.35
2023-03-29 13:00:00,826.12,11.84
2023-03-29 14:00:00,713.92,11.65
2023-03-29 15:00:00,526.72,10.66
2023-03-29 16:00:00,312.2,9.17
2023-03-29 17:00:00,111.47,7.22
2023-03-29 18:00:00,0.0,4.35
2023-03-29 19:00:00,0.0,2.16
2023-03-29 20:00:00,0.0,0.44
2023-03-29 21:00:00,0.0,-0.92
2023-03-29 22:00:00,0.0,-1.28
2023-03-29 23:00:00,0.0,-1.1
2023-03-30 00:00:00,0.0,-0.88
2023-03-30 01:00:00,0.0,-0.78
2023-03-30 02:00:00,0.0,-1.04
2023-03-30 03:00:00,0.0,-1.35
2023-03-30 04:00:00,0.0,-2.25
2023-03-30 05:00:00,0.0,-3.34
2023-03-30 06:00:00,27.58,-1.78
2023-03-30 07:00:00,118.55,1.9
2023-03-30 08:00:00,232.95,5.34
2023-03-30 09:00:00,333.45,6.71
2023-03-30 10:00:00,276.15,6.66
2023-03-30 11:00:00,332.88,6.81
2023-03-30 12:00:00,442.73,7.4
2023-03-30 13:00:00,368.4,7.9
2023-03-30 14:00:00,455.85,8.22
2023-03-30 15:00:00,382.98,8.33
2023-03-30 16:00:00,238.52,7.7
2023-03-30 17:00:00,94.47,5.68
2023-03-30 18:00:00,0.0,1.02
2023-03-30 19:00:00,0.0,-0.45
2023-03-30 20:00:00,0.0,-1.12
2023-03-30 21:00:00,0.0,-0.59
2023-03-30 22:00:00,0.0,-0.22
2023-03-30 23:00:00,0.0,-1.36
2023-03-31 00:00:00,0.0,-2.42
2023-03-31 01:00:00,0.0,-2.67
2023-03-31 02:00:00,0.0,-3.14
2023-03-31 03:00:00,0.0,-3.25
2023-03-31 04:00:00,0.0,-3.42
2023-03-31 05:00:00,0.0,-3.74
2023-03-31 06:00:00,67.82,-1.53
2023-03-31 07:00:00,264.02,3.51
2023-03-31 08:00:00,480.15,7.11
2023-03-31 09:00:00,685.8,8.98
2023-03-31 10:00:00,831.15,10.49
2023-03-31 11:00:00,909.33,11.7
2023-03-31 12:00:00,857.75,12.63
2023-03-31 13:00:00,773.92,13.21
2023-03-31 14:00:00,717.0,13.36
2023-03-31 15:00:00,566.62,12.95
2023-03-31 16:00:00,347.55,11.82
2023-03-31 17:00:00,133.62,8.85
2023-03-31 18:00:00,0.0,3.49
2023-03-31 19:00:00,0.0,1.69
2023-03-31 20:00:00,0.0,0.86
2023-03-31 21:00:00,0.0,-0.2
2023-03-31 22:00:00,0.0,-1.1
2023-03-31 23:00:00,0.0,-1.38
2023-04-01 00:00:00,0.0,-0.9
2023-04-01 01:00:00,0.0,-0.81
2023-04-01 02:00:00,0.0,-1.08
2023-04-01 03:00:00,0.0,-1.55
2023-04-01 04:00:00,0.0,-1.81
2023-04-01 05:00:00,0.0,-1.97
2023-04-01 06:00:00,66.78,0.4
2023-04-01 07:00:00,203.23,4.5
2023-04-01 08:00:00,383.58,7.6
2023-04-01 09:00:00,541.25,10.83
2023-04-01 10:00:00,795.33,14.25
2023-04-01 11:00:00,904.25,16.09
2023-04-01 12:00:00,929.9,16.29
2023-04-01 13:00:00,849.58,16.05
2023-04-01 14:00:00,710.92,16.25
2023-04-01 15:00:00,535.5,16.78
2023-04-01 16:00:00,316.7,15.93
2023-04-01 17:00:00,107.4,11.9
2023-04-01 18:00:00,3.47,8.78
2023-04-01 19:00:00,0.0,6.3
2023-04-01 20:00:00,0.0,4.38
2023-04-01 21:00:00,0.0,3.35
2023-04-01 22:00:00,0.0,2.57
2023-04-01 23:00:00,0.0,2.34
2023-04-02 00:00:00,0.0,2.6
2023-04-02 01:00:00,0.0,1.22
2023-04-02 02:00:00,0.0,-1.41
2023-04-02 03:00:00,0.0,-3.81
2023-04-02 04:00:00,0.0,-4.6
2023-04-02 05:00:00,0.0,-4.25
2023-04-02 06:00:00,17.6,-3.9
2023-04-02 07:00:00,47.9,-2.71
2023-04-02 08:00:00,71.62,-0.95
2023-04-02 09:00:00,150.98,1.11
2023-04-02 10:00:00,229.35,2.7
2023-04-02 11:00:00,240.4,4.12
2023-04-02 12:00:00,294.45,5.32
2023-04-02 13:00:00,187.38,5.72
2023-04-02 14:00:00,140.6,5.14
2023-04-02 15:00:00,136.62,3.87
2023-04-02 16:00:00,63.08,2.35
2023-04-02 17:00:00,14.0,0.64
2023-04-02 18:00:00,1.38,-0.88
2023-04-02 19:00:00,0.0,-1.96
2023-04-02 20:00:00,0.0,-2.85
2023-04-02 21:00:00,0.0,-3.49
2023-04-02 22:00:00,0.0,-4.09
2023-04-02 23:00:00,0.0,-4.46
2023-04-03 00:00:00,0.0,-4.95
2023-04-03 01:00:00,0.0,-5.16
2023-04-03 02:00:00,0.0,-5.22
2023-04-03 03:00:00,0.0,-5.87
2023-04-03 04:00:00,0.0,-6.34
2023-04-03 05:00:00,0.0,-6.64
2023-04-03 06:00:00,26.85,-6.38
2023-04-03 07:00:00,65.47,-4.74
2023-04-03 08:00:00,103.55,-3.12
2023-04-03 09:00:00,225.12,-1.33
2023-04-03 10:00:00,307.05,0.16
2023-04-03 11:00:00,264.85,1.01
2023-04-03 12:00:00,424.77,1.68
2023-04-03 13:00:00,365.58,2.12
2023-04-03 14:00:00,275.73,2.17
2023-04-03 15:00:00,257.12,1.72
2023-04-03 16:00:00,135.4,0.74
2023-04-03 17:00:00,54.92,-1.01
2023-04-03 18:00:00,2.15,-3.88
2023-04-03 19:00:00,0.0,-4.98
2023-04-03 20:00:00,0.0,-4.93
2023-04-03 21:00:00,0.0,-4.86
2023-04-03 22:00:00,0.0,-4.84
2023-04-03 23:00:00,0.0,-4.9
2023-04-04 00:00:00,0.0,-5.14
2023-04-04 01:00:00,0.0,-5.86
2023-04-04 02:00:00,0.0,-6.44
2023-04-04 03:00:00,0.0,-5.76
2023-04-04 04:00:00,0.0,-5.36
2023-04-04 05:00:00,0.0,-4.96
2023-04-04 06:00:00,62.45,-3.65
2023-04-04 07:00:00,193.52,-0.26
2023-04-04 08:00:00,361.48,1.88
2023-04-04 09:00:00,546.5,2.98
2023-04-04 10:00:00,626.0,3.97
2023-04-04 11:00:00,565.6,4.77
2023-04-04 12:00:00,351.83,5.46
2023-04-04 13:00:00,274.38,5.5
2023-04-04 14:00:00,171.0,5.07
2023-04-04 15:00:00,93.97,4.26
2023-04-04 16:00:00,51.25,2.24
2023-04-04 17:00:00,24.3,-0.15
2023-04-04 18:00:00,1.33,-1.86
2023-04-04 19:00:00,0.0,-2.95
2023-04-04 20:00:00,0.0,-3.84
2023-04-04 21:00:00,0.0,-4.63
2023-04-04 22:00:00,0.0,-5.16
2023-04-04 23:00:00,0.0,-5.69
2023-04-05 00:00:00,0.0,-6.38
2023-04-05 01:00:00,0.0,-6.62
2023-04-05 02:00:00,0.0,-6.67
2023-04-05 03:00:00,0.0,-6.81
2023-04-05 04:00:00,0.0,-6.94
2023-04-05 05:00:00,0.0,-7.08
2023-04-05 06:00:00,45.35,-6.48
2023-04-05 07:00:00,94.03,-4.55
2023-04-05 08:00:00,108.68,-2.58
2023-04-05 09:00:00,196.25,-0.77
2023-04-05 10:00:00,268.42,0.57
2023-04-05 11:00:00,286.38,0.89
2023-04-05 12:00:00,324.0,0.58
2023-04-05 13:00:00,366.98,0.17
2023-04-05 14:00:00,254.73,-0.09
2023-04-05 15:00:00,175.23,-0.33
2023-04-05 16:00:00,60.25,-0.76
2023-04-05 17:00:00,49.35,-2.29
2023-04-05 18:00:00,3.75,-5.25
2023-04-05 19:00:00,0.0,-6.99
2023-04-05 20:00:00,0.0,-7.94
2023-04-05 21:00:00,0.0,-8.53
2023-04-05 22:00:00,0.0,-8.63
2023-04-05 23:00:00,0.0,-8.6
2023-04-06 00:00:00,0.0,-8.72
2023-04-06 01:00:00,0.0,-8.6
2023-04-06 02:00:00,0.0,-8.4
2023-04-06 03:00:00,0.0,-8.17
2023-04-06 04:00:00,0.0,-8.0
2023-04-06 05:00:00,0.0,-7.9
2023-04-06 06:00:00,121.03,-5.86
2023-04-06 07:00:00,354.52,-1.43
2023-04-06 08:00:00,583.1,2.01
2023-04-06 09:00:00,780.95,4.15
2023-04-06 10:00:00,924.83,5.82
2023-04-06 11:00:00,972.8,7.18
2023-04-06 12:00:00,975.62,8.22
2023-04-06 13:00:00,911.55,8.88
2023-04-06 14:00:00,780.92,9.0
2023-04-06 15:00:00,597.28,8.3
2023-04-06 16:00:00,362.4,6.85
2023-04-06 17:00:00,135.45,4.04
2023-04-06 18:00:00,6.07,-1.43
2023-04-06 19:00:00,0.0,-2.93
2023-04-06 20:00:00,0.0,-3.37
2023-04-06 21:00:00,0.0,-2.69
2023-04-06 22:00:00,0.0,-2.44
2023-04-06 23:00:00,0.0,-2.88
2023-04-07 00:00:00,0.0,-4.0
2023-04-07 01:00:00,0.0,-5.34
2023-04-07 02:00:00,0.0,-5.58
2023-04-07 03:00:00,0.0,-5.22
2023-04-07 04:00:00,0.0,-5.03
2023-04-07 05:00:00,0.0,-5.06
2023-04-07 06:00:00,75.6,-4.61
2023-04-07 07:00:00,185.07,-3.13
2023-04-07 08:00:00,326.12,-1.78
2023-04-07 09:00:00,516.4,-0.46
2023-04-07 10:00:00,628.28,0.7
2023-04-07 11:00:00,681.22,2.19
2023-04-07 12:00:00,751.5,3.79
2023-04-07 13:00:00,562.88,4.57
2023-04-07 14:00:00,421.1,4.27
2023-04-07 15:00:00,289.08,3.13
2023-04-07 16:00:00,188.07,1.97
2023-04-07 17:00:00,71.25,0.36
2023-04-07 18:00:00,4.28,-1.17
2023-04-07 19:00:00,0.0,-1.93
2023-04-07 20:00:00,0.0,-2.26
2023-04-07 21:00:00,0.0,-2.42
2023-04-07 22:00:00,0.0,-2.52
2023-04-07 23:00:00,0.0,-4.38
2023-04-08 00:00:00,0.0,-3.0
2023-04-08 01:00:00,0.0,-3.54
2023-04-08 02:00:00,0.0,-4.07
2023-04-08 03:00:00,0.0,-4.14
2023-04-08 04:00:00,0.0,-4.08
2023-04-08 05:00:00,0.0,-4.09
2023-04-08 06:00:00,112.72,-1.42
2023-04-08 07:00:00,317.6,2.73
2023-04-08 08:00:00,539.25,6.56
2023-04-08 09:00:00,731.3,9.05
2023-04-08 10:00:00,872.47,11.19
2023-04-08 11:00:00,965.45,12.64
2023-04-08 12:00:00,971.12,13.54
2023-04-08 13:00:00,896.47,13.97
2023-04-08 14:00:00,737.47,13.98
2023-04-08 15:00:00,486.0,13.48
2023-04-08 16:00:00,298.35,12.32
2023-04-08 17:00:00,117.12,9.18
2023-04-08 18:00:00,6.15,5.56
2023-04-08 19:00:00,0.0,4.38
2023-04-08 20:00:00,0.0,3.51
2023-04-08 21:00:00,0.0,1.82
2023-04-08 22:00:00,0.0,1.03
2023-04-08 23:00:00,0.0,0.8
2023-04-09 00:00:00,0.0,0.66
2023-04-09 01:00:00,0.0,0.01
2023-04-09 02:00:00,0.0,-0.6
2023-04-09 03:00:00,0.0,-1.03
2023-04-09 04:00:00,0.0,-2.07
2023-04-09 05:00:00,0.0,-2.97
2023-04-09 06:00:00,106.1,0.07
2023-04-09 07:00:00,292.35,5.15
2023-04-09 08:00:00,506.8,9.7
2023-04-09 09:00:00,715.33,12.44
2023-04-09 10:00:00,848.62,13.81
2023-04-09 11:00:00,962.12,14.5
2023-04-09 12:00:00,932.78,14.06
2023-04-09 13:00:00,847.6,12.83
2023-04-09 14:00:00,710.85,13.18
2023-04-09 15:00:00,543.47,13.64
2023-04-09 16:00:00,337.08,13.01
2023-04-09 17:00:00,129.65,11.09
2023-04-09 18:00:00,7.0,6.94
2023-04-09 19:00:00,0.0,4.95
2023-04-09 20:00:00,0.0,3.16
2023-04-09 21:00:00,0.0,1.11
2023-04-09 22:00:00,0.0,-0.31
2023-04-09 23:00:00,0.0,-0.97
2023-04-10 00:00:00,0.0,-1.31
2023-04-10 01:00:00,0.0,-1.51
2023-04-10 02:00:00,0.0,-1.72
2023-04-10 03:00:00,0.0,-1.92
2023-04-10 04:00:00,0.0,-1.94
2023-04-10 05:00:00,3.95,-1.94
2023-04-10 06:00:00,124.2,0.94
2023-04-10 07:00:00,346.55,5.58
2023-04-10 08:00:00,565.72,11.01
2023-04-10 09:00:00,730.97,13.62
2023-04-10 10:00:00,886.62,14.69
2023-04-10 11:00:00,951.7,15.41
2023-04-10 12:00:00,940.03,15.56
2023-04-10 13:00:00,853.6,14.61
2023-04-10 14:00:00,553.03,13.0
2023-04-10 15:00:00,350.38,11.54
2023-04-10 16:00:00,207.6,10.21
2023-04-10 17:00:00,89.72,8.26
2023-04-10 18:00:00,6.38,4.91
2023-04-10 19:00:00,0.0,2.35
2023-04-10 20:00:00,0.0,1.34
2023-04-10 21:00:00,0.0,1.09
2023-04-10 22:00:00,0.0,0.7
2023-04-10 23:00:00,0.0,-0.17
2023-04-11 00:00:00,0.0,-1.57
2023-04-11 01:00:00,0.0,-2.58
2023-04-11 02:00:00,0.0,-2.98
2023-04-11 03:00:00,0.0,-3.28
2023-04-11 04:00:00,0.0,-3.36
2023-04-11 05:00:00,3.78,-2.87
2023-04-11 06:00:00,99.47,-0.07
2023-04-11 07:00:00,291.65,4.2
2023-04-11 08:00:00,499.77,8.55
2023-04-11 09:00:00,686.1,11.38
2023-04-11 10:00:00,788.35,13.42
2023-04-11 11:00:00,873.58,14.95
2023-04-11 12:00:00,879.62,15.94
2023-04-11 13:00:00,689.5,16.15
2023-04-11 14:00:00,567.67,14.73
2023-04-11 15:00:00,407.0,12.86
2023-04-11 16:00:00,243.05,12.82
2023-04-11 17:00:00,96.9,11.17
2023-04-11 18:00:00,6.3,7.3
2023-04-11 19:00:00,0.0,4.98
2023-04-11 20:00:00,0.0,3.71
2023-04-11 21:00:00,0.0,2.75
2023-04-11 22:00:00,0.0,2.1
2023-04-11 23:00:00,0.0,2.12
2023-04-12 00:00:00,0.0,2.44
2023-04-12 01:00:00,0.0,2.54
2023-04-12 02:00:00,0.0,2.79
2023-04-12 03:00:00,0.0,3.15
2023-04-12 04:00:00,0.0,2.52
2023-04-12 05:00:00,4.9,0.96
2023-04-12 06:00:00,111.9,2.94
2023-04-12 07:00:00,322.8,6.76
2023-04-12 08:00:00,546.65,12.02
2023-04-12 09:00:00,743.2,14.86
2023-04-12 10:00:00,889.47,16.68
2023-04-12 11:00:00,871.28,17.87
2023-04-12 12:00:00,881.1,18.71
2023-04-12 13:00:00,823.9,19.02
2023-04-12 14:00:00,739.72,18.48
2023-04-12 15:00:00,429.38,16.56
2023-04-12 16:00:00,251.25,14.42
2023-04-12 17:00:00,96.15,12.11
2023-04-12 18:00:00,6.0,9.27
2023-04-12 19:00:00,0.0,8.08
2023-04-12 20:00:00,0.0,7.34
2023-04-12 21:00:00,0.0,6.67
2023-04-12 22:00:00,0.0,6.12
2023-04-12 23:00:00,0.0,5.46
2023-04-13 00:00:00,0.0,4.79
2023-04-13 01:00:00,0.0,4.18
2023-04-13 02:00:00,0.0,3.66
2023-04-13 03:00:00,0.0,3.24
2023-04-13 04:00:00,0.0,2.8
2023-04-13 05:00:00,2.85,2.3
2023-04-13 06:00:00,61.85,1.89
2023-04-13 07:00:00,153.2,2.25
2023-04-13 08:00:00,276.0,3.92
2023-04-13 09:00:00,441.6,6.41
2023-04-13 10:00:00,561.45,8.65
2023-04-13 11:00:00,610.5,10.12
2023-04-13 12:00:00,740.45,10.82
2023-04-13 13:00:00,698.85,10.85
2023-04-13 14:00:00,609.03,9.62
2023-04-13 15:00:00,243.68,7.5
2023-04-13 16:00:00,146.68,4.88
2023-04-13 17:00:00,65.82,3.98
2023-04-13 18:00:00,5.18,2.68
2023-04-13 19:00:00,0.0,1.49
2023-04-13 20:00:00,0.0,0.78
2023-04-13 21:00:00,0.0,0.19
2023-04-13 22:00:00,0.0,-0.33
2023-04-13 23:00:00,0.0,-0.92
2023-04-14 00:00:00,0.0,-1.27
2023-04-14 01:00:00,0.0,-1.94
2023-04-14 02:00:00,0.0,-2.24
2023-04-14 03:00:00,0.0,-2.38
2023-04-14 04:00:00,0.0,-2.94
2023-04-14 05:00:00,3.22,-3.42
2023-04-14 06:00:00,66.38,-1.91
2023-04-14 07:00:00,170.7,0.99
2023-04-14 08:00:00,290.83,3.52
2023-04-14 09:00:00,451.1,5.93
2023-04-14 10:00:00,691.42,8.12
2023-04-14 11:00:00,935.67,9.74
2023-04-14 12:00:00,962.45,10.71
2023-04-14 13:00:00,892.7,11.14
2023-04-14 14:00:00,763.1,11.09
2023-04-14 15:00:00,485.73,10.64
2023-04-14 16:00:00,297.17,10.07
2023-04-14 17:00:00,128.38,8.57
2023-04-14 18:00:00,9.02,3.84
2023-04-14 19:00:00,0.0,2.56
2023-04-14 20:00:00,0.0,1.97
2023-04-14 21:00:00,0.0,0.34
2023-04-14 22:00:00,0.0,-1.18
2023-04-14 23:00:00,0.0,-2.1
2023-04-15 00:00:00,0.0,-2.6
2023-04-15 01:00:00,0.0,-2.81
2023-04-15 02:00:00,0.0,-2.98
2023-04-15 03:00:00,0.0,-3.33
2023-04-15 04:00:00,0.0,-3.67
2023-04-15 05:00:00,7.3,-3.72
2023-04-15 06:00:00,148.62,0.35
2023-04-15 07:00:00,380.38,4.99
2023-04-15 08:00:00,607.4,9.59
2023-04-15 09:00:00,788.22,12.48
2023-04-15 10:00:00,920.6,14.54
2023-04-15 11:00:00,991.22,15.98
2023-04-15 12:00:00,986.97,17.04
2023-04-15 13:00:00,912.65,17.9
2023-04-15 14:00:00,768.67,18.32
2023-04-15 15:00:00,564.35,18.15
2023-04-15 16:00:00,333.73,17.31
2023-04-15 17:00:00,136.15,14.47
2023-04-15 18:00:00,9.73,9.68
2023-04-15 19:00:00,0.0,9.52
2023-04-15 20:00:00,0.0,9.15
2023-04-15 21:00:00,0.0,8.35
2023-04-15 22:00:00,0.0,7.65
2023-04-15 23:00:00,0.0,6.43
2023-04-16 00:00:00,0.0,5.05
2023-04-16 01:00:00,0.0,3.32
2023-04-16 02:00:00,0.0,1.65
2023-04-16 03:00:00,0.0,0.31
2023-04-16 04:00:00,0.0,-0.93
2023-04-16 05:00:00,8.35,-1.71
2023-04-16 06:00:00,153.55,2.38
2023-04-16 07:00:00,386.55,7.66
2023-04-16 08:00:00,612.45,12.57
2023-04-16 09:00:00,803.22,17.25
2023-04-16 10:00:00,943.0,19.66
2023-04-16 11:00:00,1014.35,21.49
2023-04-16 12:00:00,1019.85,22.75
2023-04-16 13:00:00,953.35,23.43
2023-04-16 14:00:00,817.85,23.51
2023-04-16 15:00:00,631.6,22.96
2023-04-16 16:00:00,399.6,21.66
2023-04-16 17:00:00,162.3,18.16
2023-04-16 18:00:00,10.62,13.41
2023-04-16 19:00:00,0.0,11.24
2023-04-16 20:00:00,0.0,9.7
2023-04-16 21:00:00,0.0,9.06
2023-04-16 22:00:00,0.0,8.4
2023-04-16 23:00:00,0.0,7.77
2023-04-17 00:00:00,0.0,6.82
2023-04-17 01:00:00,0.0,6.05
2023-04-17 02:00:00,0.0,4.58
2023-04-17 03:00:00,0.0,3.44
2023-04-17 04:00:00,0.0,3.49
2023-04-17 05:00:00,8.52,3.64
2023-04-17 06:00:00,140.77,6.28
2023-04-17 07:00:00,352.62,8.91
2023-04-17 08:00:00,564.08,11.89
2023-04-17 09:00:00,744.47,14.18
2023-04-17 10:00:00,876.5,15.78
2023-04-17 11:00:00,959.8,16.79
2023-04-17 12:00:00,961.25,17.33
2023-04-17 13:00:00,892.25,17.24
2023-04-17 14:00:00,758.8,16.39
2023-04-17 15:00:00,576.53,15.27
2023-04-17 16:00:00,352.77,14.09
2023-04-17 17:00:00,143.2,12.35
2023-04-17 18:00:00,11.6,8.83
2023-04-17 19:00:00,0.0,7.22
2023-04-17 20:00:00,0.0,6.7
2023-04-17 21:00:00,0.0,6.4
2023-04-17 22:00:00,0.0,5.75
2023-04-17 23:00:00,0.0,4.27
2023-04-18 00:00:00,0.0,3.36
2023-04-18 01:00:00,0.0,3.16
2023-04-18 02:00:00,0.0,3.01
2023-04-18 03:00:00,0.0,2.83
2023-04-18 04:00:00,0.0,2.84
2023-04-18 05:00:00,8.65,2.78
2023-04-18 06:00:00,122.75,5.12
2023-04-18 07:00:00,306.23,9.71
2023-04-18 08:00:00,494.1,13.38
2023-04-18 09:00:00,580.15,15.83
2023-04-18 10:00:00,546.97,17.71
2023-04-18 11:00:00,675.7,19.06
2023-04-18 12:00:00,616.2,18.85
2023-04-18 13:00:00,786.95,17.16
2023-04-18 14:00:00,688.15,12.55
2023-04-18 15:00:00,532.4,9.64
2023-04-18 16:00:00,341.77,8.3
2023-04-18 17:00:00,143.23,8.3
2023-04-18 18:00:00,11.65,7.8
2023-04-18 19:00:00,0.0,6.63
2023-04-18 20:00:00,0.0,5.51
2023-04-18 21:00:00,0.0,5.14
2023-04-18 22:00:00,0.0,4.99
2023-04-18 23:00:00,0.0,4.65
2023-04-19 00:00:00,0.0,4.32
2023-04-19 01:00:00,0.0,4.16
2023-04-19 02:00:00,0.0,4.13
2023-04-19 03:00:00,0.0,4.08
2023-04-19 04:00:00,0.0,3.97
2023-04-19 05:00:00,11.18,4.05
2023-04-19 06:00:00,162.15,6.59
2023-04-19 07:00:00,387.73,10.8
2023-04-19 08:00:00,604.95,16.33
2023-04-19 09:00:00,786.12,19.93
2023-04-19 10:00:00,914.97,21.76
2023-04-19 11:00:00,941.38,22.92
2023-04-19 12:00:00,885.88,23.41
2023-04-19 13:00:00,782.53,22.74
2023-04-19 14:00:00,588.28,20.63
2023-04-19 15:00:00,430.73,17.64
2023-04-19 16:00:00,218.3,15.19
2023-04-19 17:00:00,94.68,12.28
2023-04-19 18:00:00,9.05,8.83
2023-04-19 19:00:00,0.0,6.1
2023-04-19 20:00:00,0.0,4.28
2023-04-19 21:00:00,0.0,3.13
2023-04-19 22:00:00,0.0,2.27
2023-04-19 23:00:00,0.0,1.5
2023-04-20 00:00:00,0.0,0.65
2023-04-20 01:00:00,0.0,-0.16
2023-04-20 02:00:00,0.0,-0.9
2023-04-20 03:00:00,0.0,-1.52
2023-04-20 04:00:00,0.0,-1.88
2023-04-20 05:00:00,2.25,-2.05
2023-04-20 06:00:00,24.08,-1.7
2023-04-20 07:00:00,66.6,-0.73
2023-04-20 08:00:00,106.28,0.69
2023-04-20 09:00:00,202.8,2.34
2023-04-20 10:00:00,229.48,4.2
2023-04-20 11:00:00,409.88,6.15
2023-04-20 12:00:00,457.42,7.94
2023-04-20 13:00:00,311.75,9.1
2023-04-20 14:00:00,208.65,9.28
2023-04-20 15:00:00,165.77,8.84
2023-04-20 16:00:00,85.55,7.37
2023-04-20 17:00:00,46.65,4.93
2023-04-20 18:00:00,4.5,2.88
2023-04-20 19:00:00,0.0,1.52
2023-04-20 20:00:00,0.0,0.93
2023-04-20 21:00:00,0.0,0.36
2023-04-20 22:00:00,0.0,0.1
2023-04-20 23:00:00,0.0,-0.04
2023-04-21 00:00:00,0.0,-0.17
2023-04-21 01:00:00,0.0,-0.41
2023-04-21 02:00:00,0.0,-0.57
2023-04-21 03:00:00,0.0,-0.54
2023-04-21 04:00:00,0.0,-0.66
2023-04-21 05:00:00,5.9,-0.96
2023-04-21 06:00:00,48.65,-0.28
2023-04-21 07:00:00,111.75,1.24
2023-04-21 08:00:00,176.57,3.08
2023-04-21 09:00:00,258.85,5.22
2023-04-21 10:00:00,313.42,7.31
2023-04-21 11:00:00,346.0,9.32
2023-04-21 12:00:00,309.75,10.79
2023-04-21 13:00:00,266.5,11.21
2023-04-21 14:00:00,243.27,10.78
2023-04-21 15:00:00,185.02,9.8
2023-04-21 16:00:00,95.55,8.22
2023-04-21 17:00:00,55.17,5.99
2023-04-21 18:00:00,4.88,3.54
2023-04-21 19:00:00,0.0,1.96
2023-04-21 20:00:00,0.0,1.02
2023-04-21 21:00:00,0.0,0.35
2023-04-21 22:00:00,0.0,-0.37
2023-04-21 23:00:00,0.0,-0.84
2023-04-22 00:00:00,0.0,-1.23
2023-04-22 01:00:00,0.0,-1.64
2023-04-22 02:00:00,0.0,-2.01
2023-04-22 03:00:00,0.0,-2.29
2023-04-22 04:00:00,0.0,-2.63
2023-04-22 05:00:00,6.1,-3.12
2023-04-22 06:00:00,63.25,-1.72
2023-04-22 07:00:00,144.07,0.12
2023-04-22 08:00:00,242.15,1.88
2023-04-22 09:00:00,336.9,3.9
2023-04-22 10:00:00,484.12,5.85
2023-04-22 11:00:00,437.38,7.8
2023-04-22 12:00:00,354.45,9.53
2023-04-22 13:00:00,292.77,9.74
2023-04-22 14:00:00,195.02,9.38
2023-04-22 15:00:00,126.65,8.01
2023-04-22 16:00:00,74.93,5.94
2023-04-22 17:00:00,32.25,3.4
2023-04-22 18:00:00,3.35,1.36
2023-04-22 19:00:00,0.0,0.06
2023-04-22 20:00:00,0.0,-0.83
2023-04-22 21:00:00,0.0,-1.81
2023-04-22 22:00:00,0.0,-2.59
2023-04-22 23:00:00,0.0,-3.3
2023-04-23 00:00:00,0.0,-3.88
2023-04-23 01:00:00,0.0,-4.16
2023-04-23 02:00:00,0.0,-4.28
2023-04-23 03:00:00,0.0,-4.12
2023-04-23 04:00:00,0.0,-4.17
2023-04-23 05:00:00,5.65,-4.16
2023-04-23 06:00:00,48.8,-3.34
2023-04-23 07:00:00,96.2,-1.93
2023-04-23 08:00:00,164.5,-0.74
2023-04-23 09:00:00,257.0,0.65
2023-04-23 10:00:00,287.52,2.12
2023-04-23 11:00:00,393.73,3.75
2023-04-23 12:00:00,243.05,4.93
2023-04-23 13:00:00,209.62,5.62
2023-04-23 14:00:00,236.43,5.68
2023-04-23 15:00:00,234.82,5.11
2023-04-23 16:00:00,129.75,4.05
2023-04-23 17:00:00,63.92,2.55
2023-04-23 18:00:00,6.62,0.68
2023-04-23 19:00:00,0.0,-0.47
2023-04-23 20:00:00,0.0,-1.02
2023-04-23 21:00:00,0.0,-1.87
2023-04-23 22:00:00,0.0,-2.32
2023-04-23 23:00:00,0.0,-2.67
2023-04-24 00:00:00,0.0,-2.95
2023-04-24 01:00:00,0.0,-2.79
2023-04-24 02:00:00,0.0,-2.9
2023-04-24 03:00:00,0.0,-3.13
2023-04-24 04:00:00,0.0,-3.29
2023-04-24 05:00:00,7.38,-3.32
2023-04-24 06:00:00,57.58,-0.61
2023-04-24 07:00:00,117.32,2.23
2023-04-24 08:00:00,179.2,4.17
2023-04-24 09:00:00,285.12,5.5
2023-04-24 10:00:00,338.5,6.22
2023-04-24 11:00:00,275.08,6.72
2023-04-24 12:00:00,300.38,7.14
2023-04-24 13:00:00,365.05,7.04
2023-04-24 14:00:00,351.23,6.28
2023-04-24 15:00:00,287.92,5.36
2023-04-24 16:00:00,178.3,4.47
2023-04-24 17:00:00,74.35,3.29
2023-04-24 18:00:00,9.15,1.43
2023-04-24 19:00:00,0.0,-0.26
2023-04-24 20:00:00,0.0,-1.27
2023-04-24 21:00:00,0.0,-1.98
2023-04-24 22:00:00,0.0,-2.83
2023-04-24 23:00:00,0.0,-3.43
2023-04-25 00:00:00,0.0,-4.25
2023-04-25 01:00:00,0.0,-4.66
2023-04-25 02:00:00,0.0,-4.6
2023-04-25 03:00:00,0.0,-4.35
2023-04-25 04:00:00,0.0,-4.21
2023-04-25 05:00:00,14.82,-4.01
2023-04-25 06:00:00,148.85,-0.2
2023-04-25 07:00:00,360.7,3.56
2023-04-25 08:00:00,589.1,6.36
2023-04-25 09:00:00,776.75,8.66
2023-04-25 10:00:00,918.17,10.58
2023-04-25 11:00:00,1014.85,12.13
2023-04-25 12:00:00,1015.78,13.31
2023-04-25 13:00:00,946.9,14.08
2023-04-25 14:00:00,819.62,14.33
2023-04-25 15:00:00,636.0,14.07
2023-04-25 16:00:00,416.75,13.24
2023-04-25 17:00:00,189.45,11.37
2023-04-25 18:00:00,18.88,5.86
2023-04-25 19:00:00,0.0,2.88
2023-04-25 20:00:00,0.0,1.54
2023-04-25 21:00:00,0.0,0.64
2023-04-25 22:00:00,0.0,0.09
2023-04-25 23:00:00,0.0,-0.62
2023-04-26 00:00:00,0.0,-1.3
2023-04-26 01:00:00,0.0,-1.64
2023-04-26 02:00:00,0.0,-1.79
2023-04-26 03:00:00,0.0,-1.9
2023-04-26 04:00:00,0.0,-2.11
2023-04-26 05:00:00,22.08,-2.04
2023-04-26 06:00:00,207.8,2.2
2023-04-26 07:00:00,441.8,6.32
2023-04-26 08:00:00,661.6,11.21
2023-04-26 09:00:00,843.58,13.92
2023-04-26 10:00:00,973.7,15.44
2023-04-26 11:00:00,1030.32,16.55
2023-04-26 12:00:00,1015.42,17.29
2023-04-26 13:00:00,928.75,17.76
2023-04-26 14:00:00,788.15,17.63
2023-04-26 15:00:00,615.22,16.48
2023-04-26 16:00:00,374.8,15.1
2023-04-26 17:00:00,164.55,13.2
2023-04-26 18:00:00,16.02,10.14
2023-04-26 19:00:00,0.0,8.12
2023-04-26 20:00:00,0.0,7.27
2023-04-26 21:00:00,0.0,6.04
2023-04-26 22:00:00,0.0,5.45
2023-04-26 23:00:00,0.0,5.04
2023-04-27 00:00:00,0.0,4.7
2023-04-27 01:00:00,0.0,3.95
2023-04-27 02:00:00,0.0,2.48
2023-04-27 03:00:00,0.0,0.86
2023-04-27 04:00:00,0.0,-0.46
2023-04-27 05:00:00,5.65,-1.04
2023-04-27 06:00:00,49.1,0.12
2023-04-27 07:00:00,105.68,1.58
2023-04-27 08:00:00,148.43,3.33
2023-04-27 09:00:00,122.03,5.25
2023-04-27 10:00:00,146.7,7.08
2023-04-27 11:00:00,100.78,8.49
2023-04-27 12:00:00,147.23,7.51
2023-04-27 13:00:00,150.07,5.83
2023-04-27 14:00:00,186.9,5.96
2023-04-27 15:00:00,119.18,6.69
2023-04-27 16:00:00,74.9,6.51
2023-04-27 17:00:00,17.8,5.57
2023-04-27 18:00:00,4.53,3.15
2023-04-27 19:00:00,0.0,0.58
2023-04-27 20:00:00,0.0,-0.74
2023-04-27 21:00:00,0.0,-1.55
2023-04-27 22:00:00,0.0,-2.23
2023-04-27 23:00:00,0.0,-2.62
2023-04-28 00:00:00,0.0,-2.99
2023-04-28 01:00:00,0.0,-3.35
2023-04-28 02:00:00,0.0,-3.68
2023-04-28 03:00:00,0.0,-3.71
2023-04-28 04:00:00,0.0,-3.35
2023-04-28 05:00:00,9.48,-3.09
2023-04-28 06:00:00,87.1,-2.65
2023-04-28 07:00:00,174.77,-1.95
2023-04-28 08:00:00,286.45,0.12
2023-04-28 09:00:00,539.15,2.7
2023-04-28 10:00:00,850.38,4.31
2023-04-28 11:00:00,902.8,5.56
2023-04-28 12:00:00,922.25,6.59
2023-04-28 13:00:00,908.38,7.49
2023-04-28 14:00:00,813.78,7.83
2023-04-28 15:00:00,613.8,7.47
2023-04-28 16:00:00,397.88,6.46
2023-04-28 17:00:00,188.3,4.76
2023-04-28 18:00:00,22.23,0.94
2023-04-28 19:00:00,0.0,-2.37
2023-04-28 20:00:00,0.0,-3.6
2023-04-28 21:00:00,0.0,-4.52
2023-04-28 22:00:00,0.0,-4.96
2023-04-28 23:00:00,0.0,-4.94
2023-04-29 00:00:00,0.0,-4.83
2023-04-29 01:00:00,0.0,-4.89
2023-04-29 02:00:00,0.0,-5.11
2023-04-29 03:00:00,0.0,-5.18
2023-04-29 04:00:00,0.0,-4.93
2023-04-29 05:00:00,28.52,-4.12
2023-04-29 06:00:00,222.07,-0.17
2023-04-29 07:00:00,451.62,4.28
2023-04-29 08:00:00,666.4,8.39
2023-04-29 09:00:00,844.42,10.55
2023-04-29 10:00:00,971.9,11.86
2023-04-29 11:00:00,1032.8,12.88
2023-04-29 12:00:00,1031.3,13.83
2023-04-29 13:00:00,962.4,14.59
2023-04-29 14:00:00,831.97,14.86
2023-04-29 15:00:00,650.05,14.39
2023-04-29 16:00:00,432.15,13.12
2023-04-29 17:00:00,203.77,11.14
2023-04-29 18:00:00,23.5,6.24
2023-04-29 19:00:00,0.0,2.84
2023-04-29 20:00:00,0.0,1.75
2023-04-29 21:00:00,0.0,2.03
2023-04-29 22:00:00,0.0,2.58
2023-04-29 23:00:00,0.0,1.78
2023-04-30 00:00:00,0.0,0.42
2023-04-30 01:00:00,0.0,-0.78
2023-04-30 02:00:00,0.0,-1.63
2023-04-30 03:00:00,0.0,-2.21
2023-04-30 04:00:00,0.0,-2.6
2023-04-30 05:00:00,26.4,-2.55
2023-04-30 06:00:00,211.0,1.75
2023-04-30 07:00:00,439.83,6.09
2023-04-30 08:00:00,655.75,10.14
2023-04-30 09:00:00,834.35,13.07
2023-04-30 10:00:00,960.8,15.47
2023-04-30 11:00:00,1026.8,17.21
2023-04-30 12:00:00,1024.65,18.39
2023-04-30 13:00:00,957.4,19.08
2023-04-30 14:00:00,817.12,19.24
2023-04-30 15:00:00,629.58,18.83
2023-04-30 16:00:00,415.6,17.62
2023-04-30 17:00:00,192.62,15.21
2023-04-30 18:00:00,22.48,11.21
2023-04-30 19:00:00,0.0,8.01
2023-04-30 20:00:00,0.0,6.16
2023-04-30 21:00:00,0.0,4.95
2023-04-30 22:00:00,0.0,4.16
2023-04-30 23:00:00,0.0,3.89
2023-05-01 00:00:00,0.0,3.73
2023-05-01 01:00:00,0.0,3.63
2023-05-01 02:00:00,0.0,3.68
2023-05-01 03:00:00,0.0,4.0
2023-05-01 04:00:00,0.0,4.16
2023-05-01 05:00:00,18.12,4.06
2023-05-01 06:00:00,150.82,5.42
2023-05-01 07:00:00,226.93,7.36
2023-05-01 08:00:00,379.7,9.55
2023-05-01 09:00:00,449.17,9.32
2023-05-01 10:00:00,604.9,9.19
2023-05-01 11:00:00,456.38,11.46
2023-05-01 12:00:00,473.98,13.47
2023-05-01 13:00:00,532.05,14.55
2023-05-01 14:00:00,481.33,14.51
2023-05-01 15:00:00,325.9,13.85
2023-05-01 16:00:00,202.95,12.56
2023-05-01 17:00:00,97.68,11.06
2023-05-01 18:00:00,13.62,9.0
2023-05-01 19:00:00,0.0,6.48
2023-05-01 20:00:00,0.0,5.35
2023-05-01 21:00:00,0.0,4.86
2023-05-01 22:00:00,0.0,4.61
2023-05-01 23:00:00,0.0,3.43
2023-05-02 00:00:00,0.0,2.57
2023-05-02 01:00:00,0.0,2.44
2023-05-02 02:00:00,0.0,2.67
2023-05-02 03:00:00,0.0,2.54
2023-05-02 04:00:00,0.0,2.22
2023-05-02 05:00:00,20.67,1.84
2023-05-02 06:00:00,131.75,5.73
2023-05-02 07:00:00,275.75,9.23
2023-05-02 08:00:00,417.65,13.76
2023-05-02 09:00:00,609.05,15.94
2023-05-02 10:00:00,816.5,17.06
2023-05-02 11:00:00,871.0,17.49
2023-05-02 12:00:00,920.62,18.4
2023-05-02 13:00:00,705.62,18.42
2023-05-02 14:00:00,579.88,17.67
2023-05-02 15:00:00,375.83,16.24
2023-05-02 16:00:00,229.45,14.55
2023-05-02 17:00:00,90.03,12.67
2023-05-02 18:00:00,15.15,10.55
2023-05-02 19:00:00,0.0,9.0
2023-05-02 20:00:00,0.0,8.24
2023-05-02 21:00:00,0.0,7.77
2023-05-02 22:00:00,0.0,7.19
2023-05-02 23:00:00,0.0,5.92
2023-05-03 00:00:00,0.0,5.51
2023-05-03 01:00:00,0.0,5.05
2023-05-03 02:00:00,0.0,4.4
2023-05-03 03:00:00,0.0,3.72
2023-05-03 04:00:00,0.0,2.94
2023-05-03 05:00:00,11.6,2.95
2023-05-03 06:00:00,83.93,6.71
2023-05-03 07:00:00,174.8,10.46
2023-05-03 08:00:00,308.2,13.05
2023-05-03 09:00:00,464.98,15.15
2023-05-03 10:00:00,599.17,17.01
2023-05-03 11:00:00,693.05,18.44
2023-05-03 12:00:00,716.47,19.46
2023-05-03 13:00:00,821.9,19.85
2023-05-03 14:00:00,637.45,19.44
2023-05-03 15:00:00,416.52,18.3
2023-05-03 16:00:00,249.62,16.97
2023-05-03 17:00:00,124.28,15.18
2023-05-03 18:00:00,16.08,12.55
2023-05-03 19:00:00,0.0,10.41
2023-05-03 20:00:00,0.0,9.23
2023-05-03 21:00:00,0.0,8.65
2023-05-03 22:00:00,0.0,8.11
2023-05-03 23:00:00,0.0,7.66
2023-05-04 00:00:00,0.0,6.92
2023-05-04 01:00:00,0.0,5.02
2023-05-04 02:00:00,0.0,2.54
2023-05-04 03:00:00,0.0,1.63
2023-05-04 04:00:00,0.0,1.42
2023-05-04 05:00:00,11.75,1.33
2023-05-04 06:00:00,70.8,1.79
2023-05-04 07:00:00,139.45,3.04
2023-05-04 08:00:00,221.43,4.73
2023-05-04 09:00:00,183.18,6.51
2023-05-04 10:00:00,319.0,7.85
2023-05-04 11:00:00,444.23,9.83
2023-05-04 12:00:00,511.45,11.09
2023-05-04 13:00:00,635.28,11.5
2023-05-04 14:00:00,652.08,11.41
2023-05-04 15:00:00,537.3,10.94
2023-05-04 16:00:00,345.98,10.13
2023-05-04 17:00:00,160.43,9.08
2023-05-04 18:00:00,23.08,7.49
2023-05-04 19:00:00,0.0,5.63
2023-05-04 20:00:00,0.0,4.65
2023-05-04 21:00:00,0.0,3.81
2023-05-04 22:00:00,0.0,3.56
2023-05-04 23:00:00,0.0,3.47
2023-05-05 00:00:00,0.0,3.14
2023-05-05 01:00:00,0.0,2.79
2023-05-05 02:00:00,0.0,2.56
2023-05-05 03:00:00,0.0,2.07
2023-05-05 04:00:00,0.0,1.24
2023-05-05 05:00:00,12.07,0.08
2023-05-05 06:00:00,61.83,1.84
2023-05-05 07:00:00,119.68,3.9
2023-05-05 08:00:00,181.8,5.48
2023-05-05 09:00:00,192.85,7.24
2023-05-05 10:00:00,177.52,9.03
2023-05-05 11:00:00,198.25,10.64
2023-05-05 12:00:00,277.75,11.75
2023-05-05 13:00:00,272.5,11.86
2023-05-05 14:00:00,222.88,10.94
2023-05-05 15:00:00,101.43,9.05
2023-05-05 16:00:00,64.2,7.08
2023-05-05 17:00:00,34.55,5.8
2023-05-05 18:00:00,5.88,4.97
2023-05-05 19:00:00,0.0,4.41
2023-05-05 20:00:00,0.0,4.15
2023-05-05 21:00:00,0.0,3.97
2023-05-05 22:00:00,0.0,3.81
2023-05-05 23:00:00,0.0,3.56
2023-05-06 00:00:00,0.0,3.36
2023-05-06 01:00:00,0.0,3.12
2023-05-06 02:00:00,0.0,2.55
2023-05-06 03:00:00,0.0,2.37
2023-05-06 04:00:00,0.0,1.99
2023-05-06 05:00:00,22.2,1.94
2023-05-06 06:00:00,154.27,3.08
2023-05-06 07:00:00,319.55,4.94
2023-05-06 08:00:00,536.7,7.03
2023-05-06 09:00:00,532.3,9.11
2023-05-06 10:00:00,533.95,10.91
2023-05-06 11:00:00,532.1,11.88
2023-05-06 12:00:00,420.88,12.32
2023-05-06 13:00:00,410.48,12.1
2023-05-06 14:00:00,439.95,11.42
2023-05-06 15:00:00,399.08,10.15
2023-05-06 16:00:00,248.05,8.89
2023-05-06 17:00:00,109.3,7.56
2023-05-06 18:00:00,16.4,6.1
2023-05-06 19:00:00,0.0,4.88
2023-05-06 20:00:00,0.0,3.94
2023-05-06 21:00:00,0.0,3.24
2023-05-06 22:00:00,0.0,2.56
2023-05-06 23:00:00,0.0,1.68
2023-05-07 00:00:00,0.0,1.13
2023-05-07 01:00:00,0.0,0.75
2023-05-07 02:00:00,0.0,0.44
2023-05-07 03:00:00,0.0,0.21
2023-05-07 04:00:00,0.0,0.03
2023-05-07 05:00:00,11.68,-0.05
2023-05-07 06:00:00,74.1,0.51
2023-05-07 07:00:00,128.9,1.55
2023-05-07 08:00:00,169.02,3.04
2023-05-07 09:00:00,283.73,4.98
2023-05-07 10:00:00,476.25,6.8
2023-05-07 11:00:00,374.0,8.33
2023-05-07 12:00:00,371.65,9.46
2023-05-07 13:00:00,320.05,10.29
2023-05-07 14:00:00,242.12,10.78
2023-05-07 15:00:00,195.38,11.0
2023-05-07 16:00:00,157.95,10.74
2023-05-07 17:00:00,86.4,9.74
2023-05-07 18:00:00,16.55,6.99
2023-05-07 19:00:00,0.0,3.99
2023-05-07 20:00:00,0.0,2.86
2023-05-07 21:00:00,0.0,2.62
2023-05-07 22:00:00,0.0,2.87
2023-05-07 23:00:00,0.0,2.83
2023-05-08 00:00:00,0.0,2.47
2023-05-08 01:00:00,0.0,1.98
2023-05-08 02:00:00,0.0,1.66
2023-05-08 03:00:00,0.0,1.78
2023-05-08 04:00:00,0.0,1.75
2023-05-08 05:00:00,5.7,1.74
2023-05-08 06:00:00,22.95,2.5
2023-05-08 07:00:00,36.42,3.61
2023-05-08 08:00:00,48.4,4.88
2023-05-08 09:00:00,102.15,7.16
2023-05-08 10:00:00,88.03,9.83
2023-05-08 11:00:00,203.2,12.0
2023-05-08 12:00:00,252.95,13.47
2023-05-08 13:00:00,177.82,13.67
2023-05-08 14:00:00,192.68,12.36
2023-05-08 15:00:00,131.75,10.71
2023-05-08 16:00:00,63.95,8.98
2023-05-08 17:00:00,26.27,7.02
2023-05-08 18:00:00,7.03,4.96
2023-05-08 19:00:00,0.0,3.37
2023-05-08 20:00:00,0.0,2.52
2023-05-08 21:00:00,0.0,1.98
2023-05-08 22:00:00,0.0,1.7
2023-05-08 23:00:00,0.0,1.56
2023-05-09 00:00:00,0.0,1.34
2023-05-09 01:00:00,0.0,1.02
2023-05-09 02:00:00,0.0,0.51
2023-05-09 03:00:00,0.0,0.29
2023-05-09 04:00:00,0.0,0.27
2023-05-09 05:00:00,15.65,0.36
2023-05-09 06:00:00,93.55,1.22
2023-05-09 07:00:00,189.25,2.6
2023-05-09 08:00:00,297.35,4.29
2023-05-09 09:00:00,328.02,6.22
2023-05-09 10:00:00,381.2,7.94
2023-05-09 11:00:00,258.8,9.38
2023-05-09 12:00:00,301.88,9.26
2023-05-09 13:00:00,284.23,8.45
2023-05-09 14:00:00,164.02,8.08
2023-05-09 15:00:00,166.8,6.96
2023-05-09 16:00:00,121.5,5.64
2023-05-09 17:00:00,69.93,4.2
2023-05-09 18:00:00,14.25,2.94
2023-05-09 19:00:00,0.0,2.07
2023-05-09 20:00:00,0.0,1.2
2023-05-09 21:00:00,0.0,0.79
2023-05-09 22:00:00,0.0,0.61
2023-05-09 23:00:00,0.0,0.23
2023-05-10 00:00:00,0.0,0.1
2023-05-10 01:00:00,0.0,-0.11
2023-05-10 02:00:00,0.0,-0.29
2023-05-10 03:00:00,0.0,-0.57
2023-05-10 04:00:00,0.0,-0.79
2023-05-10 05:00:00,14.57,-0.99
2023-05-10 06:00:00,84.88,-0.28
2023-05-10 07:00:00,181.1,0.86
2023-05-10 08:00:00,287.55,2.37
2023-05-10 09:00:00,457.6,3.9
2023-05-10 10:00:00,485.6,5.11
2023-05-10 11:00:00,464.42,6.13
2023-05-10 12:00:00,465.9,6.76
2023-05-10 13:00:00,342.1,7.26
2023-05-10 14:00:00,226.68,6.9
2023-05-10 15:00:00,161.3,5.88
2023-05-10 16:00:00,161.48,4.98
2023-05-10 17:00:00,72.07,4.0
2023-05-10 18:00:00,12.88,2.7
2023-05-10 19:00:00,0.0,1.55
2023-05-10 20:00:00,0.0,0.82
2023-05-10 21:00:00,0.0,0.55
2023-05-10 22:00:00,0.0,0.46
2023-05-10 23:00:00,0.0,0.45
2023-05-11 00:00:00,0.0,0.13
2023-05-11 01:00:00,0.0,-0.15
2023-05-11 02:00:00,0.0,-0.48
2023-05-11 03:00:00,0.0,-0.99
2023-05-11 04:00:00,0.0,-1.29
2023-05-11 05:00:00,32.53,-0.83
2023-05-11 06:00:00,189.0,1.6
2023-05-11 07:00:00,394.67,4.04
2023-05-11 08:00:00,617.28,5.61
2023-05-11 09:00:00,774.35,6.97
2023-05-11 10:00:00,818.22,7.9
2023-05-11 11:00:00,789.65,8.4
2023-05-11 12:00:00,734.08,8.65
2023-05-11 13:00:00,689.97,8.16
2023-05-11 14:00:00,512.15,6.92
2023-05-11 15:00:00,384.62,6.19
2023-05-11 16:00:00,246.0,6.1
2023-05-11 17:00:00,121.2,5.94
2023-05-11 18:00:00,25.4,4.74
2023-05-11 19:00:00,0.0,3.81
2023-05-11 20:00:00,0.0,3.66
2023-05-11 21:00:00,0.0,3.31
2023-05-11 22:00:00,0.0,2.65
2023-05-11 23:00:00,0.0,2.33
2023-05-12 00:00:00,0.0,1.98
2023-05-12 01:00:00,0.0,1.68
2023-05-12 02:00:00,0.0,1.4
2023-05-12 03:00:00,0.0,0.91
2023-05-12 04:00:00,0.0,0.54
2023-05-12 05:00:00,37.45,1.0
2023-05-12 06:00:00,185.43,2.86
2023-05-12 07:00:00,382.88,5.03
2023-05-12 08:00:00,580.67,6.5
2023-05-12 09:00:00,795.08,7.57
2023-05-12 10:00:00,843.2,8.31
2023-05-12 11:00:00,847.35,9.22
2023-05-12 12:00:00,775.3,9.38
2023-05-12 13:00:00,638.55,9.6
2023-05-12 14:00:00,551.05,9.6
2023-05-12 15:00:00,426.35,9.4
2023-05-12 16:00:00,282.58,9.07
2023-05-12 17:00:00,150.43,8.42
2023-05-12 18:00:00,29.62,6.82
2023-05-12 19:00:00,0.0,5.32
2023-05-12 20:00:00,0.0,4.63
2023-05-12 21:00:00,0.0,3.45
2023-05-12 22:00:00,0.0,2.21
2023-05-12 23:00:00,0.0,1.32
2023-05-13 00:00:00,0.0,0.52
2023-05-13 01:00:00,0.0,-0.32
2023-05-13 02:00:00,0.0,-0.96
2023-05-13 03:00:00,0.0,-1.24
2023-05-13 04:00:00,0.0,-1.37
2023-05-13 05:00:00,42.33,-0.57
2023-05-13 06:00:00,225.23,3.1
2023-05-13 07:00:00,441.9,7.63
2023-05-13 08:00:00,653.38,11.24
2023-05-13 09:00:00,830.17,13.2
2023-05-13 10:00:00,956.83,14.63
2023-05-13 11:00:00,1050.25,15.66
2023-05-13 12:00:00,1047.7,16.36
2023-05-13 13:00:00,982.88,16.78
2023-05-13 14:00:00,851.28,16.8
2023-05-13 15:00:00,661.45,16.43
2023-05-13 16:00:00,449.48,15.68
2023-05-13 17:00:00,232.23,14.35
2023-05-13 18:00:00,41.28,10.57
2023-05-13 19:00:00,0.0,9.23
2023-05-13 20:00:00,0.0,8.75
2023-05-13 21:00:00,0.0,7.13
2023-05-13 22:00:00,0.0,5.02
2023-05-13 23:00:00,0.0,3.27
2023-05-14 00:00:00,0.0,1.95
2023-05-14 01:00:00,0.0,1.02
2023-05-14 02:00:00,0.0,0.32
2023-05-14 03:00:00,0.0,-0.24
2023-05-14 04:00:00,0.0,-0.66
2023-05-14 05:00:00,43.38,-0.05
2023-05-14 06:00:00,223.6,4.85
2023-05-14 07:00:00,434.9,8.8
2023-05-14 08:00:00,644.45,13.96
2023-05-14 09:00:00,820.78,16.53
2023-05-14 10:00:00,947.17,18.01
2023-05-14 11:00:00,1030.3,19.0
2023-05-14 12:00:00,1022.0,19.63
2023-05-14 13:00:00,932.4,19.84
2023-05-14 14:00:00,829.9,19.72
2023-05-14 15:00:00,650.17,19.17
2023-05-14 16:00:00,436.67,18.22
2023-05-14 17:00:00,219.23,16.64
2023-05-14 18:00:00,39.15,12.44
2023-05-14 19:00:00,0.0,8.84
2023-05-14 20:00:00,0.0,7.52
2023-05-14 21:00:00,0.0,6.73
2023-05-14 22:00:00,0.0,5.98
2023-05-14 23:00:00,0.0,5.13
2023-05-15 00:00:00,0.0,4.42
2023-05-15 01:00:00,0.0,3.91
2023-05-15 02:00:00,0.0,3.54
2023-05-15 03:00:00,0.0,3.26
2023-05-15 04:00:00,0.0,3.01
2023-05-15 05:00:00,52.5,3.77
2023-05-15 06:00:00,246.7,7.94
2023-05-15 07:00:00,461.98,11.41
2023-05-15 08:00:00,665.42,16.32
2023-05-15 09:00:00,839.17,19.26
2023-05-15 10:00:00,946.25,20.99
2023-05-15 11:00:00,953.83,22.25
2023-05-15 12:00:00,979.35,23.06
2023-05-15 13:00:00,873.0,23.43
2023-05-15 14:00:00,717.9,23.32
2023-05-15 15:00:00,507.83,22.58
2023-05-15 16:00:00,323.2,21.2
2023-05-15 17:00:00,156.0,19.11
2023-05-15 18:00:00,30.98,15.88
2023-05-15 19:00:00,0.0,12.94
2023-05-15 20:00:00,0.0,11.58
2023-05-15 21:00:00,0.0,10.54
2023-05-15 22:00:00,0.0,9.8
2023-05-15 23:00:00,0.0,9.3
2023-05-16 00:00:00,0.0,8.61
2023-05-16 01:00:00,0.0,8.04
2023-05-16 02:00:00,0.0,7.68
2023-05-16 03:00:00,0.0,5.97
2023-05-16 04:00:00,0.0,4.94
2023-05-16 05:00:00,43.6,5.27
2023-05-16 06:00:00,210.8,8.32
2023-05-16 07:00:00,407.4,11.1
2023-05-16 08:00:00,599.65,14.08
2023-05-16 09:00:00,802.8,16.78
2023-05-16 10:00:00,928.47,18.49
2023-05-16 11:00:00,995.45,19.1
2023-05-16 12:00:00,975.3,19.31
2023-05-16 13:00:00,861.62,19.28
2023-05-16 14:00:00,726.95,18.79
2023-05-16 15:00:00,526.1,17.82
2023-05-16 16:00:00,311.23,16.17
2023-05-16 17:00:00,149.68,14.12
2023-05-16 18:00:00,22.83,11.49
2023-05-16 19:00:00,0.0,8.09
2023-05-16 20:00:00,0.0,6.3
2023-05-16 21:00:00,0.0,4.9
2023-05-16 22:00:00,0.0,4.36
2023-05-16 23:00:00,0.0,4.18
2023-05-17 00:00:00,0.0,4.04
2023-05-17 01:00:00,0.0,4.05
2023-05-17 02:00:00,0.0,4.08
2023-05-17 03:00:00,0.0,3.91
2023-05-17 04:00:00,0.0,3.63
2023-05-17 05:00:00,15.0,4.12
2023-05-17 06:00:00,48.03,6.32
2023-05-17 07:00:00,78.75,7.65
2023-05-17 08:00:00,101.4,8.24
2023-05-17 09:00:00,206.6,8.41
2023-05-17 10:00:00,324.9,8.24
2023-05-17 11:00:00,377.1,8.41
2023-05-17 12:00:00,398.75,9.41
2023-05-17 13:00:00,381.85,10.12
2023-05-17 14:00:00,422.75,9.89
2023-05-17 15:00:00,349.73,9.8
2023-05-17 16:00:00,228.2,9.57
2023-05-17 17:00:00,114.82,9.27
2023-05-17 18:00:00,24.23,8.29
2023-05-17 19:00:00,0.0,6.63
2023-05-17 20:00:00,0.0,5.2
2023-05-17 21:00:00,0.0,4.45
2023-05-17 22:00:00,0.0,3.94
2023-05-17 23:00:00,0.0,3.5
2023-05-18 00:00:00,0.0,2.97
2023-05-18 01:00:00,0.0,2.18
2023-05-18 02:00:00,0.0,1.4
2023-05-18 03:00:00,0.0,0.84
2023-05-18 04:00:00,0.0,0.36
2023-05-18 05:00:00,44.95,1.14
2023-05-18 06:00:00,223.25,5.61
2023-05-18 07:00:00,409.25,9.61
2023-05-18 08:00:00,614.33,13.54
2023-05-18 09:00:00,790.53,15.79
2023-05-18 10:00:00,915.12,17.6
2023-05-18 11:00:00,1052.62,18.83
2023-05-18 12:00:00,1048.8,19.67
2023-05-18 13:00:00,984.45,20.19
2023-05-18 14:00:00,847.45,20.3
2023-05-18 15:00:00,668.62,19.92
2023-05-18 16:00:00,455.95,18.98
2023-05-18 17:00:00,244.32,17.52
2023-05-18 18:00:00,51.33,14.01
2023-05-18 19:00:00,0.0,10.97
2023-05-18 20:00:00,0.0,9.73
2023-05-18 21:00:00,0.0,8.47
2023-05-18 22:00:00,0.0,7.07
2023-05-18 23:00:00,0.0,5.99
2023-05-19 00:00:00,0.0,5.08
2023-05-19 01:00:00,0.0,4.31
2023-05-19 02:00:00,0.0,3.66
2023-05-19 03:00:00,0.0,3.1
2023-05-19 04:00:00,0.0,2.75
2023-05-19 05:00:00,54.28,3.64
2023-05-19 06:00:00,245.45,8.31
2023-05-19 07:00:00,468.02,12.11
2023-05-19 08:00:00,685.75,16.77
2023-05-19 09:00:00,856.42,19.12
2023-05-19 10:00:00,978.72,20.51
2023-05-19 11:00:00,1035.55,21.48
2023-05-19 12:00:00,990.17,22.16
2023-05-19 13:00:00,781.58,22.54
2023-05-19 14:00:00,515.7,22.56
2023-05-19 15:00:00,456.4,22.14
2023-05-19 16:00:00,320.3,21.26
2023-05-19 17:00:00,172.3,19.53
2023-05-19 18:00:00,39.92,15.51
2023-05-19 19:00:00,0.0,11.56
2023-05-19 20:00:00,0.0,10.0
2023-05-19 21:00:00,0.0,8.66
2023-05-19 22:00:00,0.0,7.52
2023-05-19 23:00:00,0.0,6.62
2023-05-20 00:00:00,0.0,5.84
2023-05-20 01:00:00,0.0,5.16
2023-05-20 02:00:00,0.0,4.47
2023-05-20 03:00:00,0.0,3.79
2023-05-20 04:00:00,0.0,3.37
2023-05-20 05:00:00,27.62,4.03
2023-05-20 06:00:00,118.9,7.86
2023-05-20 07:00:00,222.8,10.89
2023-05-20 08:00:00,342.48,12.74
2023-05-20 09:00:00,509.08,14.56
2023-05-20 10:00:00,632.0,16.11
2023-05-20 11:00:00,688.7,17.3
2023-05-20 12:00:00,546.58,17.63
2023-05-20 13:00:00,450.48,17.07
2023-05-20 14:00:00,450.9,16.03
2023-05-20 15:00:00,313.15,14.81
2023-05-20 16:00:00,190.77,13.52
2023-05-20 17:00:00,98.65,11.69
2023-05-20 18:00:00,22.12,10.45
2023-05-20 19:00:00,0.0,9.74
2023-05-20 20:00:00,0.0,9.13
2023-05-20 21:00:00,0.0,8.43
2023-05-20 22:00:00,0.0,7.22
2023-05-20 23:00:00,0.0,5.8
2023-05-21 00:00:00,0.0,2.28
2023-05-21 01:00:00,0.0,-0.84
2023-05-21 02:00:00,0.0,-2.36
2023-05-21 03:00:00,0.0,-3.02
2023-05-21 04:00:00,0.0,-3.43
2023-05-21 05:00:00,15.98,-3.37
2023-05-21 06:00:00,94.18,-1.88
2023-05-21 07:00:00,181.38,-0.13
2023-05-21 08:00:00,268.5,1.86
2023-05-21 09:00:00,444.85,3.51
2023-05-21 10:00:00,486.55,4.89
2023-05-21 11:00:00,482.4,6.52
2023-05-21 12:00:00,509.12,8.5
2023-05-21 13:00:00,455.0,9.81
2023-05-21 14:00:00,495.6,10.11
2023-05-21 15:00:00,422.58,9.6
2023-05-21 16:00:00,257.17,8.54
2023-05-21 17:00:00,142.2,7.18
2023-05-21 18:00:00,34.7,5.36
2023-05-21 19:00:00,0.0,3.18
2023-05-21 20:00:00,0.0,2.39
2023-05-21 21:00:00,0.0,1.72
2023-05-21 22:00:00,0.0,1.21
2023-05-21 23:00:00,0.0,0.96
2023-05-22 00:00:00,0.0,0.64
2023-05-22 01:00:00,0.0,0.18
2023-05-22 02:00:00,0.0,-0.2
2023-05-22 03:00:00,0.0,0.26
2023-05-22 04:00:00,0.0,0.51
2023-05-22 05:00:00,53.2,1.01
2023-05-22 06:00:00,237.82,2.88
2023-05-22 07:00:00,464.12,5.34
2023-05-22 08:00:00,683.2,8.13
2023-05-22 09:00:00,845.88,10.73
2023-05-22 10:00:00,961.15,12.52
2023-05-22 11:00:00,1028.88,13.64
2023-05-22 12:00:00,1031.28,14.09
2023-05-22 13:00:00,954.38,14.0
2023-05-22 14:00:00,859.58,13.31
2023-05-22 15:00:00,669.65,12.59
2023-05-22 16:00:00,448.12,12.29
2023-05-22 17:00:00,230.85,11.16
2023-05-22 18:00:00,49.42,9.0
2023-05-22 19:00:00,0.0,5.68
2023-05-22 20:00:00,0.0,5.01
2023-05-22 21:00:00,0.0,4.82
2023-05-22 22:00:00,0.0,4.23
2023-05-22 23:00:00,0.0,3.87
2023-05-23 00:00:00,0.0,3.49
2023-05-23 01:00:00,0.0,3.48
2023-05-23 02:00:00,0.0,3.42
2023-05-23 03:00:00,0.0,3.29
2023-05-23 04:00:00,0.0,3.08
2023-05-23 05:00:00,32.62,3.37
2023-05-23 06:00:00,127.32,5.46
2023-05-23 07:00:00,252.23,8.09
2023-05-23 08:00:00,448.1,10.75
2023-05-23 09:00:00,719.15,13.09
2023-05-23 10:00:00,909.88,14.97
2023-05-23 11:00:00,979.47,16.42
2023-05-23 12:00:00,909.55,17.55
2023-05-23 13:00:00,890.95,18.26
2023-05-23 14:00:00,759.92,18.63
2023-05-23 15:00:00,624.1,18.55
2023-05-23 16:00:00,434.77,18.07
2023-05-23 17:00:00,237.23,16.93
2023-05-23 18:00:00,55.45,14.19
2023-05-23 19:00:00,0.0,11.13
2023-05-23 20:00:00,0.0,9.02
2023-05-23 21:00:00,0.0,7.43
2023-05-23 22:00:00,0.0,6.24
2023-05-23 23:00:00,0.0,5.25
2023-05-24 00:00:00,0.0,4.4
2023-05-24 01:00:00,0.0,3.65
2023-05-24 02:00:00,0.0,3.05
2023-05-24 03:00:00,0.0,2.62
2023-05-24 04:00:00,0.0,2.42
2023-05-24 05:00:00,41.53,3.12
2023-05-24 06:00:00,147.02,6.71
2023-05-24 07:00:00,255.8,9.46
2023-05-24 08:00:00,326.77,12.3
2023-05-24 09:00:00,378.12,15.74
2023-05-24 10:00:00,419.98,18.72
2023-05-24 11:00:00,706.15,20.33
2023-05-24 12:00:00,786.15,20.89
2023-05-24 13:00:00,772.9,20.19
2023-05-24 14:00:00,562.85,18.74
2023-05-24 15:00:00,422.1,16.79
2023-05-24 16:00:00,248.73,14.38
2023-05-24 17:00:00,133.2,12.15
2023-05-24 18:00:00,30.55,10.42
2023-05-24 19:00:00,0.0,9.23
2023-05-24 20:00:00,0.0,8.56
2023-05-24 21:00:00,0.0,8.14
2023-05-24 22:00:00,0.0,7.82
2023-05-24 23:00:00,0.0,7.43
2023-05-25 00:00:00,0.0,7.06
2023-05-25 01:00:00,0.0,6.57
2023-05-25 02:00:00,0.0,5.87
2023-05-25 03:00:00,0.0,5.01
2023-05-25 04:00:00,0.0,4.05
2023-05-25 05:00:00,18.48,3.45
2023-05-25 06:00:00,69.18,3.87
2023-05-25 07:00:00,144.15,4.87
2023-05-25 08:00:00,235.9,6.3
2023-05-25 09:00:00,388.02,7.67
2023-05-25 10:00:00,594.22,9.04
2023-05-25 11:00:00,616.72,10.51
2023-05-25 12:00:00,511.6,11.5
2023-05-25 13:00:00,469.95,11.61
2023-05-25 14:00:00,438.1,10.83
2023-05-25 15:00:00,424.8,9.96
2023-05-25 16:00:00,285.77,9.15
2023-05-25 17:00:00,138.43,8.11
2023-05-25 18:00:00,33.62,6.57
2023-05-25 19:00:00,0.0,4.92
2023-05-25 20:00:00,0.0,3.16
2023-05-25 21:00:00,0.0,2.95
2023-05-25 22:00:00,0.0,3.24
2023-05-25 23:00:00,0.0,3.25
2023-05-26 00:00:00,0.0,3.18
2023-05-26 01:00:00,0.0,3.08
2023-05-26 02:00:00,0.0,2.94
2023-05-26 03:00:00,0.0,2.88
2023-05-26 04:00:00,0.0,2.74
2023-05-26 05:00:00,16.52,2.98
2023-05-26 06:00:00,69.9,3.99
2023-05-26 07:00:00,159.45,5.92
2023-05-26 08:00:00,256.05,8.29
2023-05-26 09:00:00,501.65,10.81
2023-05-26 10:00:00,554.75,12.98
2023-05-26 11:00:00,763.1,14.94
2023-05-26 12:00:00,619.22,16.51
2023-05-26 13:00:00,673.38,17.51
2023-05-26 14:00:00,561.6,17.72
2023-05-26 15:00:00,450.6,16.96
2023-05-26 16:00:00,289.62,15.61
2023-05-26 17:00:00,140.6,13.73
2023-05-26 18:00:00,31.62,11.64
2023-05-26 19:00:00,0.0,9.64
2023-05-26 20:00:00,0.0,8.62
2023-05-26 21:00:00,0.0,8.22
2023-05-26 22:00:00,0.0,7.97
2023-05-26 23:00:00,0.0,7.67
2023-05-27 00:00:00,0.0,7.38
2023-05-27 01:00:00,0.0,7.02
2023-05-27 02:00:00,0.0,6.71
2023-05-27 03:00:00,0.0,5.85
2023-05-27 04:00:00,0.0,4.79
2023-05-27 05:00:00,6.97,3.94
2023-05-27 06:00:00,32.67,5.02
2023-05-27 07:00:00,77.15,7.53
2023-05-27 08:00:00,202.57,9.55
2023-05-27 09:00:00,325.73,11.14
2023-05-27 10:00:00,485.77,12.79
2023-05-27 11:00:00,493.1,14.13
2023-05-27 12:00:00,417.25,15.02
2023-05-27 13:00:00,369.23,15.39
2023-05-27 14:00:00,251.73,15.18
2023-05-27 15:00:00,252.85,14.25
2023-05-27 16:00:00,168.18,12.77
2023-05-27 17:00:00,91.62,11.04
2023-05-27 18:00:00,23.85,9.55
2023-05-27 19:00:00,0.0,8.53
2023-05-27 20:00:00,0.0,8.11
2023-05-27 21:00:00,0.0,7.96
2023-05-27 22:00:00,0.0,7.76
2023-05-27 23:00:00,0.0,7.62
2023-05-28 00:00:00,0.0,7.49
2023-05-28 01:00:00,0.0,7.32
2023-05-28 02:00:00,0.0,7.12
2023-05-28 03:00:00,0.0,6.68
2023-05-28 04:00:00,0.0,6.47
2023-05-28 05:00:00,22.02,6.68
2023-05-28 06:00:00,87.62,7.05
2023-05-28 07:00:00,180.68,7.97
2023-05-28 08:00:00,335.7,9.52
2023-05-28 09:00:00,453.77,11.57
2023-05-28 10:00:00,693.47,13.64
2023-05-28 11:00:00,640.3,15.1
2023-05-28 12:00:00,719.65,16.28
2023-05-28 13:00:00,718.0,16.47
2023-05-28 14:00:00,575.95,15.73
2023-05-28 15:00:00,417.12,14.78
2023-05-28 16:00:00,259.95,13.59
2023-05-28 17:00:00,121.62,12.45
2023-05-28 18:00:00,26.3,11.22
2023-05-28 19:00:00,0.0,9.96
2023-05-28 20:00:00,0.0,9.18
2023-05-28 21:00:00,0.0,8.51
2023-05-28 22:00:00,0.0,7.96
2023-05-28 23:00:00,0.0,7.52
2023-05-29 00:00:00,0.0,7.17
2023-05-29 01:00:00,0.0,6.92
2023-05-29 02:00:00,0.0,6.61
2023-05-29 03:00:00,0.0,6.33
2023-05-29 04:00:00,0.0,6.11
2023-05-29 05:00:00,13.27,7.04
2023-05-29 06:00:00,48.65,9.81
2023-05-29 07:00:00,88.75,12.98
2023-05-29 08:00:00,405.65,15.77
2023-05-29 09:00:00,727.7,18.15
2023-05-29 10:00:00,900.62,19.79
2023-05-29 11:00:00,965.12,20.57
2023-05-29 12:00:00,881.72,20.72
2023-05-29 13:00:00,866.55,20.92
2023-05-29 14:00:00,769.83,21.18
2023-05-29 15:00:00,629.42,21.12
2023-05-29 16:00:00,416.65,20.59
2023-05-29 17:00:00,230.45,19.61
2023-05-29 18:00:00,61.03,17.21
2023-05-29 19:00:00,0.0,13.92
2023-05-29 20:00:00,0.0,13.38
2023-05-29 21:00:00,0.0,13.07
2023-05-29 22:00:00,0.0,12.52
2023-05-29 23:00:00,0.0,11.4
2023-05-30 00:00:00,0.0,10.39
2023-05-30 01:00:00,0.0,9.4
2023-05-30 02:00:00,0.0,8.62
2023-05-30 03:00:00,0.0,8.11
2023-05-30 04:00:00,0.0,7.84
2023-05-30 05:00:00,39.78,8.01
2023-05-30 06:00:00,128.52,9.48
2023-05-30 07:00:00,276.05,11.84
2023-05-30 08:00:00,411.55,13.88
2023-05-30 09:00:00,679.67,15.48
2023-05-30 10:00:00,707.3,16.9
2023-05-30 11:00:00,765.17,17.84
2023-05-30 12:00:00,930.67,18.85
2023-05-30 13:00:00,874.2,18.77
2023-05-30 14:00:00,704.42,18.11
2023-05-30 15:00:00,597.03,17.56
2023-05-30 16:00:00,379.5,16.64
2023-05-30 17:00:00,186.02,15.49
2023-05-30 18:00:00,45.8,14.06
2023-05-30 19:00:00,0.0,12.4
2023-05-30 20:00:00,0.0,11.37
2023-05-30 21:00:00,0.0,10.85
2023-05-30 22:00:00,0.0,10.04
2023-05-30 23:00:00,0.0,9.73
2023-05-31 00:00:00,0.0,9.6
2023-05-31 01:00:00,0.0,9.44
2023-05-31 02:00:00,0.0,9.18
2023-05-31 03:00:00,0.0,8.86
2023-05-31 04:00:00,0.0,7.15
2023-05-31 05:00:00,9.82,3.69
2023-05-31 06:00:00,42.67,1.96
2023-05-31 07:00:00,74.8,3.71
2023-05-31 08:00:00,155.6,6.22
2023-05-31 09:00:00,180.12,9.04
2023-05-31 10:00:00,280.98,11.57
2023-05-31 11:00:00,513.4,13.34
2023-05-31 12:00:00,524.53,14.49
2023-05-31 13:00:00,413.35,15.03
2023-05-31 14:00:00,413.6,15.06
2023-05-31 15:00:00,366.2,14.43
2023-05-31 16:00:00,273.8,13.05
2023-05-31 17:00:00,129.0,11.47
2023-05-31 18:00:00,34.6,9.94
2023-05-31 19:00:00,0.0,8.58
2023-05-31 20:00:00,0.0,7.71
2023-05-31 21:00:00,0.0,6.99
2023-05-31 22:00:00,0.0,6.67
2023-05-31 23:00:00,0.0,6.24
2023-06-01 00:00:00,0.0,5.85
2023-06-01 01:00:00,0.0,5.39
2023-06-01 02:00:00,0.0,4.97
2023-06-01 03:00:00,0.0,4.17
2023-06-01 04:00:00,0.0,3.78
2023-06-01 05:00:00,48.35,4.97
2023-06-01 06:00:00,151.2,7.44
2023-06-01 07:00:00,327.33,9.96
2023-06-01 08:00:00,469.77,11.95
2023-06-01 09:00:00,656.15,13.24
2023-06-01 10:00:00,639.75,13.88
2023-06-01 11:00:00,716.25,14.5
2023-06-01 12:00:00,772.17,15.18
2023-06-01 13:00:00,493.65,15.57
2023-06-01 14:00:00,339.02,15.45
2023-06-01 15:00:00,309.0,14.87
2023-06-01 16:00:00,188.2,13.84
2023-06-01 17:00:00,100.97,12.45
2023-06-01 18:00:00,24.38,10.37
2023-06-01 19:00:00,0.0,7.98
2023-06-01 20:00:00,0.0,7.03
2023-06-01 21:00:00,0.0,6.45
2023-06-01 22:00:00,0.0,5.37
2023-06-01 23:00:00,0.0,3.01
2023-06-02 00:00:00,0.0,2.35
2023-06-02 01:00:00,0.0,2.28
2023-06-02 02:00:00,0.0,2.24
2023-06-02 03:00:00,0.0,2.33
2023-06-02 04:00:00,0.0,2.43
2023-06-02 05:00:00,12.57,2.55
2023-06-02 06:00:00,68.3,3.88
2023-06-02 07:00:00,128.85,5.72
2023-06-02 08:00:00,210.73,7.39
2023-06-02 09:00:00,317.85,8.91
2023-06-02 10:00:00,320.73,10.49
2023-06-02 11:00:00,272.05,12.0
2023-06-02 12:00:00,235.52,12.98
2023-06-02 13:00:00,203.75,12.99
2023-06-02 14:00:00,172.9,12.64
2023-06-02 15:00:00,151.48,11.95
2023-06-02 16:00:00,127.03,10.83
2023-06-02 17:00:00,64.38,9.53
2023-06-02 18:00:00,15.1,8.15
2023-06-02 19:00:00,0.0,7.2
2023-06-02 20:00:00,0.0,6.79
2023-06-02 21:00:00,0.0,6.48
2023-06-02 22:00:00,0.0,6.2
2023-06-02 23:00:00,0.0,5.89
2023-06-03 00:00:00,0.0,5.37
2023-06-03 01:00:00,0.0,4.7
2023-06-03 02:00:00,0.0,4.26
2023-06-03 03:00:00,0.0,3.58
2023-06-03 04:00:00,0.0,3.58
2023-06-03 05:00:00,21.05,4.53
2023-06-03 06:00:00,76.35,6.29
2023-06-03 07:00:00,121.28,8.39
2023-06-03 08:00:00,205.43,9.54
2023-06-03 09:00:00,182.32,10.29
2023-06-03 10:00:00,180.68,11.07
2023-06-03 11:00:00,179.93,11.62
2023-06-03 12:00:00,241.62,12.25
2023-06-03 13:00:00,180.6,12.56
2023-06-03 14:00:00,147.43,12.23
2023-06-03 15:00:00,114.82,11.41
2023-06-03 16:00:00,70.45,10.46
2023-06-03 17:00:00,54.62,9.45
2023-06-03 18:00:00,16.45,8.2
2023-06-03 19:00:00,0.0,7.11
2023-06-03 20:00:00,0.0,6.61
2023-06-03 21:00:00,0.0,6.17
2023-06-03 22:00:00,0.0,5.77
2023-06-03 23:00:00,0.0,5.42
2023-06-04 00:00:00,0.0,5.08
2023-06-04 01:00:00,0.0,4.76
2023-06-04 02:00:00,0.0,4.47
2023-06-04 03:00:00,0.0,4.2
2023-06-04 04:00:00,0.0,3.97
2023-06-04 05:00:00,10.38,3.9
2023-06-04 06:00:00,48.15,4.48
2023-06-04 07:00:00,65.93,5.87
2023-06-04 08:00:00,105.78,7.37
2023-06-04 09:00:00,204.35,8.93
2023-06-04 10:00:00,243.35,10.63
2023-06-04 11:00:00,261.23,12.12
2023-06-04 12:00:00,250.95,13.11
2023-06-04 13:00:00,218.77,13.58
2023-06-04 14:00:00,215.27,13.4
2023-06-04 15:00:00,152.77,12.55
2023-06-04 16:00:00,90.95,11.33
2023-06-04 17:00:00,63.75,10.0
2023-06-04 18:00:00,19.0,8.34
2023-06-04 19:00:00,0.0,6.95
2023-06-04 20:00:00,0.0,5.74
2023-06-04 21:00:00,0.0,4.96
2023-06-04 22:00:00,0.0,4.75
2023-06-04 23:00:00,0.0,4.03
2023-06-05 00:00:00,0.0,3.36
2023-06-05 01:00:00,0.0,3.02
2023-06-05 02:00:00,0.0,2.99
2023-06-05 03:00:00,0.0,3.35
2023-06-05 04:00:00,0.0,3.26
2023-06-05 05:00:00,53.53,3.79
2023-06-05 06:00:00,191.77,4.92
2023-06-05 07:00:00,342.0,6.75
2023-06-05 08:00:00,545.12,9.19
2023-06-05 09:00:00,737.05,11.71
2023-06-05 10:00:00,799.47,13.69
2023-06-05 11:00:00,849.1,14.88
2023-06-05 12:00:00,871.17,15.35
2023-06-05 13:00:00,823.15,15.32
2023-06-05 14:00:00,761.88,15.06
2023-06-05 15:00:00,594.1,14.6
2023-06-05 16:00:00,390.55,13.74
2023-06-05 17:00:00,216.55,12.47
2023-06-05 18:00:00,67.03,10.9
2023-06-05 19:00:00,0.0,9.01
2023-06-05 20:00:00,0.0,7.98
2023-06-05 21:00:00,0.0,7.15
2023-06-05 22:00:00,0.0,6.64
2023-06-05 23:00:00,0.0,6.14
2023-06-06 00:00:00,0.0,5.61
2023-06-06 01:00:00,0.0,5.25
2023-06-06 02:00:00,0.0,4.87
2023-06-06 03:00:00,0.0,4.61
2023-06-06 04:00:00,0.0,4.38
2023-06-06 05:00:00,64.75,5.43
2023-06-06 06:00:00,235.98,8.22
2023-06-06 07:00:00,441.48,11.52
2023-06-06 08:00:00,601.35,13.42
2023-06-06 09:00:00,652.38,14.6
2023-06-06 10:00:00,562.7,15.48
2023-06-06 11:00:00,406.77,15.89
2023-06-06 12:00:00,478.05,15.9
2023-06-06 13:00:00,499.73,15.45
2023-06-06 14:00:00,464.1,14.52
2023-06-06 15:00:00,277.75,13.29
2023-06-06 16:00:00,135.4,11.71
2023-06-06 17:00:00,75.75,10.24
2023-06-06 18:00:00,21.23,9.23
2023-06-06 19:00:00,0.0,8.63
2023-06-06 20:00:00,0.0,7.95
2023-06-06 21:00:00,0.0,7.8
2023-06-06 22:00:00,0.0,7.4
2023-06-06 23:00:00,0.0,7.11
2023-06-07 00:00:00,0.0,6.89
2023-06-07 01:00:00,0.0,6.58
2023-06-07 02:00:00,0.0,6.54
2023-06-07 03:00:00,0.0,6.64
2023-06-07 04:00:00,0.0,6.67
2023-06-07 05:00:00,34.55,7.26
2023-06-07 06:00:00,132.23,8.51
2023-06-07 07:00:00,256.73,9.36
2023-06-07 08:00:00,472.42,10.49
2023-06-07 09:00:00,700.67,11.47
2023-06-07 10:00:00,852.67,12.09
2023-06-07 11:00:00,900.7,13.02
2023-06-07 12:00:00,852.08,14.34
2023-06-07 13:00:00,742.12,15.3
2023-06-07 14:00:00,623.38,15.78
2023-06-07 15:00:00,436.83,15.8
2023-06-07 16:00:00,293.75,15.35
2023-06-07 17:00:00,176.43,14.5
2023-06-07 18:00:00,67.15,12.46
2023-06-07 19:00:00,0.0,10.63
2023-06-07 20:00:00,0.0,10.64
2023-06-07 21:00:00,0.0,10.35
2023-06-07 22:00:00,0.0,9.85
2023-06-07 23:00:00,0.0,9.3
2023-06-08 00:00:00,0.0,8.91
2023-06-08 01:00:00,0.0,8.6
2023-06-08 02:00:00,0.0,8.63
2023-06-08 03:00:00,0.0,8.25
2023-06-08 04:00:00,0.0,7.53
2023-06-08 05:00:00,66.2,7.86
2023-06-08 06:00:00,229.73,9.36
2023-06-08 07:00:00,432.23,11.44
2023-06-08 08:00:00,613.97,13.31
2023-06-08 09:00:00,814.95,14.75
2023-06-08 10:00:00,942.45,15.84
2023-06-08 11:00:00,956.85,16.57
2023-06-08 12:00:00,899.78,17.25
2023-06-08 13:00:00,892.12,17.85
2023-06-08 14:00:00,774.95,18.02
2023-06-08 15:00:00,602.58,17.87
2023-06-08 16:00:00,422.38,17.32
2023-06-08 17:00:00,236.1,16.39
2023-06-08 18:00:00,74.25,14.31
2023-06-08 19:00:00,0.0,12.57
2023-06-08 20:00:00,0.0,11.78
2023-06-08 21:00:00,0.0,10.8
2023-06-08 22:00:00,0.0,9.78
2023-06-08 23:00:00,0.0,8.91
2023-06-09 00:00:00,0.0,8.09
2023-06-09 01:00:00,0.0,7.68
2023-06-09 02:00:00,0.0,7.12
2023-06-09 03:00:00,0.0,6.6
2023-06-09 04:00:00,0.0,6.39
2023-06-09 05:00:00,59.67,7.2
2023-06-09 06:00:00,201.8,10.85
2023-06-09 07:00:00,379.7,13.6
2023-06-09 08:00:00,563.42,15.54
2023-06-09 09:00:00,677.1,16.81
2023-06-09 10:00:00,844.97,17.64
2023-06-09 11:00:00,825.53,18.13
2023-06-09 12:00:00,715.33,18.37
2023-06-09 13:00:00,615.42,18.42
2023-06-09 14:00:00,553.97,18.2
2023-06-09 15:00:00,472.8,17.64
2023-06-09 16:00:00,416.35,16.93
2023-06-09 17:00:00,234.55,16.13
2023-06-09 18:00:00,77.47,14.88
2023-06-09 19:00:00,0.0,12.54
2023-06-09 20:00:00,0.0,10.58
2023-06-09 21:00:00,0.0,9.25
2023-06-09 22:00:00,0.0,8.28
2023-06-09 23:00:00,0.0,7.59
2023-06-10 00:00:00,0.0,6.95
2023-06-10 01:00:00,0.0,6.12
2023-06-10 02:00:00,0.0,5.58
2023-06-10 03:00:00,0.0,5.22
2023-06-10 04:00:00,0.0,4.78
2023-06-10 05:00:00,76.15,6.15
2023-06-10 06:00:00,260.67,10.24
2023-06-10 07:00:00,470.98,14.13
2023-06-10 08:00:00,680.72,17.42
2023-06-10 09:00:00,854.35,18.77
2023-06-10 10:00:00,891.65,19.8
2023-06-10 11:00:00,849.88,20.48
2023-06-10 12:00:00,868.88,20.84
2023-06-10 13:00:00,781.03,20.79
2023-06-10 14:00:00,673.6,20.41
2023-06-10 15:00:00,452.58,19.6
2023-06-10 16:00:00,240.23,18.56
2023-06-10 17:00:00,130.05,17.48
2023-06-10 18:00:00,41.7,15.84
2023-06-10 19:00:00,0.0,14.22
2023-06-10 20:00:00,0.0,12.81
2023-06-10 21:00:00,0.0,11.66
2023-06-10 22:00:00,0.0,10.89
2023-06-10 23:00:00,0.0,10.28
2023-06-11 00:00:00,0.0,9.78
2023-06-11 01:00:00,0.0,9.35
2023-06-11 02:00:00,0.0,9.05
2023-06-11 03:00:00,0.0,8.78
2023-06-11 04:00:00,0.0,8.56
2023-06-11 05:00:00,42.6,9.29
2023-06-11 06:00:00,149.98,11.9
2023-06-11 07:00:00,286.1,14.12
2023-06-11 08:00:00,458.52,16.0
2023-06-11 09:00:00,558.75,15.59
2023-06-11 10:00:00,669.15,15.13
2023-06-11 11:00:00,730.0,14.87
2023-06-11 12:00:00,687.88,14.45
2023-06-11 13:00:00,581.97,14.17
2023-06-11 14:00:00,491.85,14.11
2023-06-11 15:00:00,387.05,14.01
2023-06-11 16:00:00,245.85,13.45
2023-06-11 17:00:00,132.4,12.68
2023-06-11 18:00:00,37.2,11.5
2023-06-11 19:00:00,0.0,10.23
2023-06-11 20:00:00,0.0,9.7
2023-06-11 21:00:00,0.0,9.09
2023-06-11 22:00:00,0.0,8.45
2023-06-11 23:00:00,0.0,7.76
2023-06-12 00:00:00,0.0,7.26
2023-06-12 01:00:00,0.0,6.87
2023-06-12 02:00:00,0.0,6.71
2023-06-12 03:00:00,0.0,6.46
2023-06-12 04:00:00,0.0,6.12
2023-06-12 05:00:00,6.75,6.77
2023-06-12 06:00:00,49.58,8.38
2023-06-12 07:00:00,96.65,10.04
2023-06-12 08:00:00,105.57,11.77
2023-06-12 09:00:00,108.97,13.57
2023-06-12 10:00:00,142.98,14.69
2023-06-12 11:00:00,169.95,14.72
2023-06-12 12:00:00,486.67,14.24
2023-06-12 13:00:00,679.28,13.95
2023-06-12 14:00:00,773.7,13.9
2023-06-12 15:00:00,619.47,13.74
2023-06-12 16:00:00,412.98,13.12
2023-06-12 17:00:00,237.7,12.4
2023-06-12 18:00:00,79.75,11.02
2023-06-12 19:00:00,0.0,9.37
2023-06-12 20:00:00,0.0,8.96
2023-06-12 21:00:00,0.0,7.6
2023-06-12 22:00:00,0.0,6.5
2023-06-12 23:00:00,0.0,5.73
2023-06-13 00:00:00,0.0,5.09
2023-06-13 01:00:00,0.0,4.27
2023-06-13 02:00:00,0.0,3.49
2023-06-13 03:00:00,0.0,2.82
2023-06-13 04:00:00,0.0,2.2
2023-06-13 05:00:00,82.55,3.55
2023-06-13 06:00:00,277.5,7.66
2023-06-13 07:00:00,492.9,11.29
2023-06-13 08:00:00,694.4,14.02
2023-06-13 09:00:00,848.9,15.99
2023-06-13 10:00:00,935.45,17.34
2023-06-13 11:00:00,901.58,18.24
2023-06-13 12:00:00,890.3,18.85
2023-06-13 13:00:00,785.03,19.1
2023-06-13 14:00:00,790.25,18.94
2023-06-13 15:00:00,633.67,18.44
2023-06-13 16:00:00,455.15,17.64
2023-06-13 17:00:00,258.88,16.44
2023-06-13 18:00:00,84.3,14.05
2023-06-13 19:00:00,0.0,11.36
2023-06-13 20:00:00,0.0,10.8
2023-06-13 21:00:00,0.0,10.44
2023-06-13 22:00:00,0.0,10.08
2023-06-13 23:00:00,0.0,9.22
2023-06-14 00:00:00,0.0,8.22
2023-06-14 01:00:00,0.0,7.29
2023-06-14 02:00:00,0.0,6.66
2023-06-14 03:00:00,0.0,6.14
2023-06-14 04:00:00,0.0,5.68
2023-06-14 05:00:00,75.03,6.47
2023-06-14 06:00:00,263.9,10.19
2023-06-14 07:00:00,479.1,13.2
2023-06-14 08:00:00,692.8,15.32
2023-06-14 09:00:00,863.12,16.93
2023-06-14 10:00:00,981.65,18.29
2023-06-14 11:00:00,1024.93,19.49
2023-06-14 12:00:00,1030.7,20.35
2023-06-14 13:00:00,954.8,20.81
2023-06-14 14:00:00,826.58,20.77
2023-06-14 15:00:00,653.42,20.29
2023-06-14 16:00:00,442.27,19.18
2023-06-14 17:00:00,236.77,17.47
2023-06-14 18:00:00,71.45,15.08
2023-06-14 19:00:00,0.0,12.23
2023-06-14 20:00:00,0.0,10.97
2023-06-14 21:00:00,0.0,10.04
2023-06-14 22:00:00,0.0,8.97
2023-06-14 23:00:00,0.0,8.25
2023-06-15 00:00:00,0.0,7.64
2023-06-15 01:00:00,0.0,6.98
2023-06-15 02:00:00,0.0,6.45
2023-06-15 03:00:00,0.0,5.89
2023-06-15 04:00:00,0.0,5.37
2023-06-15 05:00:00,55.95,7.07
2023-06-15 06:00:00,176.7,10.52
2023-06-15 07:00:00,331.77,14.78
2023-06-15 08:00:00,533.33,17.74
2023-06-15 09:00:00,730.08,18.89
2023-06-15 10:00:00,840.1,19.57
2023-06-15 11:00:00,899.22,20.42
2023-06-15 12:00:00,942.5,20.77
2023-06-15 13:00:00,748.7,19.91
2023-06-15 14:00:00,608.72,19.09
2023-06-15 15:00:00,424.2,18.17
2023-06-15 16:00:00,246.7,17.35
2023-06-15 17:00:00,141.6,16.5
2023-06-15 18:00:00,49.47,14.87
2023-06-15 19:00:00,0.0,12.29
2023-06-15 20:00:00,0.0,10.56
2023-06-15 21:00:00,0.0,9.28
2023-06-15 22:00:00,0.0,8.29
2023-06-15 23:00:00,0.0,7.53
2023-06-16 00:00:00,0.0,6.97
2023-06-16 01:00:00,0.0,6.64
2023-06-16 02:00:00,0.0,6.63
2023-06-16 03:00:00,0.0,6.43
2023-06-16 04:00:00,0.0,5.9
2023-06-16 05:00:00,34.78,7.44
2023-06-16 06:00:00,125.47,10.6
2023-06-16 07:00:00,230.9,14.31
2023-06-16 08:00:00,346.7,16.6
2023-06-16 09:00:00,482.6,17.42
2023-06-16 10:00:00,670.2,17.71
2023-06-16 11:00:00,741.2,17.54
2023-06-16 12:00:00,811.95,17.03
2023-06-16 13:00:00,740.7,16.38
2023-06-16 14:00:00,519.85,15.8
2023-06-16 15:00:00,330.48,15.3
2023-06-16 16:00:00,217.48,14.86
2023-06-16 17:00:00,144.32,14.14
2023-06-16 18:00:00,47.78,12.88
2023-06-16 19:00:00,0.0,11.17
2023-06-16 20:00:00,0.0,10.15
2023-06-16 21:00:00,0.0,9.17
2023-06-16 22:00:00,0.0,7.63
2023-06-16 23:00:00,0.0,7.04
2023-06-17 00:00:00,0.0,6.78
2023-06-17 01:00:00,0.0,6.4
2023-06-17 02:00:00,0.0,5.96
2023-06-17 03:00:00,0.0,5.68
2023-06-17 04:00:00,0.0,5.42
2023-06-17 05:00:00,27.33,6.71
2023-06-17 06:00:00,97.55,9.46
2023-06-17 07:00:00,198.52,13.31
2023-06-17 08:00:00,356.2,15.78
2023-06-17 09:00:00,523.45,17.1
2023-06-17 10:00:00,674.8,18.25
2023-06-17 11:00:00,626.33,19.45
2023-06-17 12:00:00,514.45,20.03
2023-06-17 13:00:00,483.23,20.03
2023-06-17 14:00:00,438.42,19.0
2023-06-17 15:00:00,325.02,17.33
2023-06-17 16:00:00,123.6,16.1
2023-06-17 17:00:00,73.5,15.19
2023-06-17 18:00:00,28.83,13.6
2023-06-17 19:00:00,0.0,11.7
2023-06-17 20:00:00,0.0,10.3
2023-06-17 21:00:00,0.0,9.81
2023-06-17 22:00:00,0.0,9.53
2023-06-17 23:00:00,0.0,8.93
2023-06-18 00:00:00,0.0,8.48
2023-06-18 01:00:00,0.0,8.14
2023-06-18 02:00:00,0.0,7.84
2023-06-18 03:00:00,0.0,7.42
2023-06-18 04:00:00,0.0,6.95
2023-06-18 05:00:00,14.8,7.39
2023-06-18 06:00:00,54.0,8.85
2023-06-18 07:00:00,107.22,11.2
2023-06-18 08:00:00,231.8,13.25
2023-06-18 09:00:00,346.33,14.74
2023-06-18 10:00:00,581.38,15.66
2023-06-18 11:00:00,841.6,16.66
2023-06-18 12:00:00,863.03,17.37
2023-06-18 13:00:00,853.2,17.89
2023-06-18 14:00:00,729.4,18.24
2023-06-18 15:00:00,630.05,18.29
2023-06-18 16:00:00,476.05,17.92
2023-06-18 17:00:00,272.15,16.96
2023-06-18 18:00:00,92.55,14.74
2023-06-18 19:00:00,0.0,12.65
2023-06-18 20:00:00,0.0,12.38
2023-06-18 21:00:00,0.0,11.91
2023-06-18 22:00:00,0.0,10.55
2023-06-18 23:00:00,0.0,9.85
2023-06-19 00:00:00,0.0,8.94
2023-06-19 01:00:00,0.0,7.71
2023-06-19 02:00:00,0.0,7.28
2023-06-19 03:00:00,0.0,6.81
2023-06-19 04:00:00,0.0,5.73
2023-06-19 05:00:00,45.03,6.84
2023-06-19 06:00:00,159.27,11.32
2023-06-19 07:00:00,295.77,14.88
2023-06-19 08:00:00,542.83,16.56
2023-06-19 09:00:00,711.12,16.3
2023-06-19 10:00:00,899.05,15.67
2023-06-19 11:00:00,941.9,15.79
2023-06-19 12:00:00,963.8,16.43
2023-06-19 13:00:00,885.35,17.01
2023-06-19 14:00:00,792.38,17.6
2023-06-19 15:00:00,639.97,17.89
2023-06-19 16:00:00,441.35,17.67
2023-06-19 17:00:00,241.75,16.96
2023-06-19 18:00:00,84.22,15.21
2023-06-19 19:00:00,0.0,12.62
2023-06-19 20:00:00,0.0,11.62
2023-06-19 21:00:00,0.0,11.36
2023-06-19 22:00:00,0.0,10.39
2023-06-19 23:00:00,0.0,9.5
2023-06-20 00:00:00,0.0,8.89
2023-06-20 01:00:00,0.0,8.14
2023-06-20 02:00:00,0.0,7.54
2023-06-20 03:00:00,0.0,7.11
2023-06-20 04:00:00,0.0,7.01
2023-06-20 05:00:00,34.78,7.71
2023-06-20 06:00:00,116.03,10.92
2023-06-20 07:00:00,254.12,13.79
2023-06-20 08:00:00,421.9,16.46
2023-06-20 09:00:00,602.7,17.34
2023-06-20 10:00:00,556.5,17.56
2023-06-20 11:00:00,674.58,17.69
2023-06-20 12:00:00,427.95,17.51
2023-06-20 13:00:00,375.6,16.77
2023-06-20 14:00:00,347.75,15.65
2023-06-20 15:00:00,268.83,14.79
2023-06-20 16:00:00,220.7,14.05
2023-06-20 17:00:00,106.12,12.9
2023-06-20 18:00:00,43.03,11.33
2023-06-20 19:00:00,0.0,9.53
2023-06-20 20:00:00,0.0,8.45
2023-06-20 21:00:00,0.0,7.55
2023-06-20 22:00:00,0.0,5.87
2023-06-20 23:00:00,0.0,5.19
2023-06-21 00:00:00,0.0,4.71
2023-06-21 01:00:00,0.0,4.24
2023-06-21 02:00:00,0.0,3.82
2023-06-21 03:00:00,0.0,3.42
2023-06-21 04:00:00,0.0,2.96
2023-06-21 05:00:00,68.47,4.69
2023-06-21 06:00:00,244.1,8.79
2023-06-21 07:00:00,450.95,13.26
2023-06-21 08:00:00,650.15,16.26
2023-06-21 09:00:00,817.5,17.94
2023-06-21 10:00:00,938.85,19.17
2023-06-21 11:00:00,1034.25,19.99
2023-06-21 12:00:00,1037.7,20.52
2023-06-21 13:00:00,975.03,20.8
2023-06-21 14:00:00,862.55,20.75
2023-06-21 15:00:00,693.83,20.27
2023-06-21 16:00:00,496.4,19.43
2023-06-21 17:00:00,286.98,18.16
2023-06-21 18:00:00,100.2,15.51
2023-06-21 19:00:00,0.0,11.51
2023-06-21 20:00:00,0.0,10.06
2023-06-21 21:00:00,0.0,8.99
2023-06-21 22:00:00,0.0,8.12
2023-06-21 23:00:00,0.0,7.46
2023-06-22 00:00:00,0.0,6.83
2023-06-22 01:00:00,0.0,6.29
2023-06-22 02:00:00,0.0,5.81
2023-06-22 03:00:00,0.0,5.36
2023-06-22 04:00:00,0.0,4.89
2023-06-22 05:00:00,76.1,6.5
2023-06-22 06:00:00,264.73,10.84
2023-06-22 07:00:00,474.75,14.79
2023-06-22 08:00:00,670.35,17.58
2023-06-22 09:00:00,832.3,19.22
2023-06-22 10:00:00,947.95,20.57
2023-06-22 11:00:00,1001.5,21.56
2023-06-22 12:00:00,993.08,22.21
2023-06-22 13:00:00,943.67,22.47
2023-06-22 14:00:00,817.88,22.38
2023-06-22 15:00:00,662.5,21.89
2023-06-22 16:00:00,467.25,20.94
2023-06-22 17:00:00,268.45,19.44
2023-06-22 18:00:00,92.15,16.62
2023-06-22 19:00:00,0.0,12.44
2023-06-22 20:00:00,0.0,11.06
2023-06-22 21:00:00,0.0,10.23
2023-06-22 22:00:00,0.0,9.62
2023-06-22 23:00:00,0.0,8.76
2023-06-23 00:00:00,0.0,8.0
2023-06-23 01:00:00,0.0,7.61
2023-06-23 02:00:00,0.0,7.43
2023-06-23 03:00:00,0.0,7.04
2023-06-23 04:00:00,0.0,6.46
2023-06-23 05:00:00,63.85,8.23
2023-06-23 06:00:00,224.12,12.6
2023-06-23 07:00:00,416.27,14.97
2023-06-23 08:00:00,542.4,15.86
2023-06-23 09:00:00,622.88,16.01
2023-06-23 10:00:00,705.0,16.09
2023-06-23 11:00:00,728.4,16.06
2023-06-23 12:00:00,710.95,14.94
2023-06-23 13:00:00,508.92,13.15
2023-06-23 14:00:00,128.02,12.84
2023-06-23 15:00:00,47.22,12.75
2023-06-23 16:00:00,163.07,12.6
2023-06-23 17:00:00,94.53,12.52
2023-06-23 18:00:00,34.95,12.02
2023-06-23 19:00:00,0.0,10.39
2023-06-23 20:00:00,0.0,9.44
2023-06-23 21:00:00,0.0,8.27
2023-06-23 22:00:00,0.0,7.33
2023-06-23 23:00:00,0.0,6.55
2023-06-24 00:00:00,0.0,5.92
2023-06-24 01:00:00,0.0,5.44
2023-06-24 02:00:00,0.0,5.14
2023-06-24 03:00:00,0.0,4.99
2023-06-24 04:00:00,0.0,5.09
2023-06-24 05:00:00,56.83,6.67
2023-06-24 06:00:00,212.25,11.27
2023-06-24 07:00:00,406.33,14.95
2023-06-24 08:00:00,586.88,17.0
2023-06-24 09:00:00,711.83,18.26
2023-06-24 10:00:00,798.45,19.18
2023-06-24 11:00:00,920.53,19.78
2023-06-24 12:00:00,782.97,20.05
2023-06-24 13:00:00,753.38,19.98
2023-06-24 14:00:00,692.33,19.7
2023-06-24 15:00:00,515.45,18.82
2023-06-24 16:00:00,295.88,17.38
2023-06-24 17:00:00,162.3,16.08
2023-06-24 18:00:00,55.0,14.55
2023-06-24 19:00:00,0.0,12.92
2023-06-24 20:00:00,0.0,12.25
2023-06-24 21:00:00,0.0,11.59
2023-06-24 22:00:00,0.0,10.72
2023-06-24 23:00:00,0.0,10.05
2023-06-25 00:00:00,0.0,9.18
2023-06-25 01:00:00,0.0,8.03
2023-06-25 02:00:00,0.0,7.05
2023-06-25 03:00:00,0.0,6.46
2023-06-25 04:00:00,0.0,5.88
2023-06-25 05:00:00,63.88,7.21
2023-06-25 06:00:00,238.48,9.8
2023-06-25 07:00:00,446.3,13.74
2023-06-25 08:00:00,646.38,16.92
2023-06-25 09:00:00,814.72,18.95
2023-06-25 10:00:00,943.45,20.63
2023-06-25 11:00:00,1007.38,21.87
2023-06-25 12:00:00,963.08,22.68
2023-06-25 13:00:00,954.28,23.05
2023-06-25 14:00:00,831.2,22.91
2023-06-25 15:00:00,635.92,22.29
2023-06-25 16:00:00,365.45,21.25
2023-06-25 17:00:00,191.68,20.04
2023-06-25 18:00:00,69.45,17.88
2023-06-25 19:00:00,0.0,14.76
2023-06-25 20:00:00,0.0,13.66
2023-06-25 21:00:00,0.0,12.78
2023-06-25 22:00:00,0.0,11.14
2023-06-25 23:00:00,0.0,9.39
2023-06-26 00:00:00,0.0,7.85
2023-06-26 01:00:00,0.0,7.18
2023-06-26 02:00:00,0.0,6.88
2023-06-26 03:00:00,0.0,6.34
2023-06-26 04:00:00,0.0,5.66
2023-06-26 05:00:00,62.28,7.0
2023-06-26 06:00:00,227.25,9.4
2023-06-26 07:00:00,429.58,12.79
2023-06-26 08:00:00,628.08,16.32
2023-06-26 09:00:00,787.65,19.04
2023-06-26 10:00:00,845.15,20.21
2023-06-26 11:00:00,731.08,20.84
2023-06-26 12:00:00,799.97,20.69
2023-06-26 13:00:00,889.5,19.12
2023-06-26 14:00:00,761.58,18.29
2023-06-26 15:00:00,625.67,17.61
2023-06-26 16:00:00,431.88,17.27
2023-06-26 17:00:00,238.57,16.85
2023-06-26 18:00:00,81.03,15.73
2023-06-26 19:00:00,0.0,12.5
2023-06-26 20:00:00,0.0,11.23
2023-06-26 21:00:00,0.0,10.82
2023-06-26 22:00:00,0.0,10.56
2023-06-26 23:00:00,0.0,10.48
2023-06-27 00:00:00,0.0,10.52
2023-06-27 01:00:00,0.0,10.54
2023-06-27 02:00:00,0.0,10.33
2023-06-27 03:00:00,0.0,10.45
2023-06-27 04:00:00,0.0,10.59
2023-06-27 05:00:00,45.78,10.8
2023-06-27 06:00:00,160.2,11.71
2023-06-27 07:00:00,311.08,12.85
2023-06-27 08:00:00,483.52,14.18
2023-06-27 09:00:00,517.5,15.33
2023-06-27 10:00:00,411.83,16.18
2023-06-27 11:00:00,627.62,16.79
2023-06-27 12:00:00,522.67,17.91
2023-06-27 13:00:00,240.45,18.66
2023-06-27 14:00:00,193.32,18.39
2023-06-27 15:00:00,177.25,17.98
2023-06-27 16:00:00,85.4,17.25
2023-06-27 17:00:00,79.05,16.27
2023-06-27 18:00:00,32.12,14.97
2023-06-27 19:00:00,0.0,13.4
2023-06-27 20:00:00,0.0,12.58
2023-06-27 21:00:00,0.0,11.43
2023-06-27 22:00:00,0.0,10.35
2023-06-27 23:00:00,0.0,9.62
2023-06-28 00:00:00,0.0,8.86
2023-06-28 01:00:00,0.0,7.98
2023-06-28 02:00:00,0.0,7.53
2023-06-28 03:00:00,0.0,7.96
2023-06-28 04:00:00,0.0,8.44
2023-06-28 05:00:00,15.88,9.29
2023-06-28 06:00:00,63.15,11.66
2023-06-28 07:00:00,112.55,13.52
2023-06-28 08:00:00,195.12,15.23
2023-06-28 09:00:00,299.4,16.79
2023-06-28 10:00:00,399.6,17.97
2023-06-28 11:00:00,383.5,18.91
2023-06-28 12:00:00,322.92,19.38
2023-06-28 13:00:00,246.25,19.47
2023-06-28 14:00:00,302.08,18.79
2023-06-28 15:00:00,193.6,17.9
2023-06-28 16:00:00,109.35,17.13
2023-06-28 17:00:00,67.6,16.12
2023-06-28 18:00:00,33.05,14.46
2023-06-28 19:00:00,0.0,11.96
2023-06-28 20:00:00,0.0,11.13
2023-06-28 21:00:00,0.0,9.28
2023-06-28 22:00:00,0.0,8.04
2023-06-28 23:00:00,0.0,7.37
2023-06-29 00:00:00,0.0,6.77
2023-06-29 01:00:00,0.0,6.33
2023-06-29 02:00:00,0.0,5.95
2023-06-29 03:00:00,0.0,5.54
2023-06-29 04:00:00,0.0,5.3
2023-06-29 05:00:00,56.8,6.67
2023-06-29 06:00:00,219.62,9.39
2023-06-29 07:00:00,424.25,12.69
2023-06-29 08:00:00,624.88,15.91
2023-06-29 09:00:00,795.03,18.32
2023-06-29 10:00:00,909.2,20.63
2023-06-29 11:00:00,998.2,21.99
2023-06-29 12:00:00,983.3,22.58
2023-06-29 13:00:00,922.35,22.91
2023-06-29 14:00:00,794.75,22.59
2023-06-29 15:00:00,653.58,22.22
2023-06-29 16:00:00,422.3,21.8
2023-06-29 17:00:00,239.18,20.78
2023-06-29 18:00:00,85.85,18.26
2023-06-29 19:00:00,0.0,14.51
2023-06-29 20:00:00,0.0,13.11
2023-06-29 21:00:00,0.0,12.25
2023-06-29 22:00:00,0.0,11.65
2023-06-29 23:00:00,0.0,10.99
2023-06-30 00:00:00,0.0,10.17
2023-06-30 01:00:00,0.0,9.53
2023-06-30 02:00:00,0.0,8.93
2023-06-30 03:00:00,0.0,8.41
2023-06-30 04:00:00,0.0,7.95
2023-06-30 05:00:00,62.3,9.24
2023-06-30 06:00:00,238.95,13.06
2023-06-30 07:00:00,446.6,16.79
2023-06-30 08:00:00,645.38,19.82
2023-06-30 09:00:00,813.53,21.77
2023-06-30 10:00:00,933.3,23.34
2023-06-30 11:00:00,1010.8,24.09
2023-06-30 12:00:00,1014.97,23.9
2023-06-30 13:00:00,941.12,24.27
2023-06-30 14:00:00,743.17,24.62
2023-06-30 15:00:00,557.95,24.22
2023-06-30 16:00:00,430.83,23.1
2023-06-30 17:00:00,221.55,21.49
2023-06-30 18:00:00,78.8,18.93
2023-06-30 19:00:00,0.0,16.33
2023-06-30 20:00:00,0.0,14.52
2023-06-30 21:00:00,0.0,13.14
2023-06-30 22:00:00,0.0,12.52
2023-06-30 23:00:00,0.0,12.13
2023-07-01 00:00:00,0.0,11.69
2023-07-01 01:00:00,0.0,11.45
2023-07-01 02:00:00,0.0,11.29
2023-07-01 03:00:00,0.0,11.07
2023-07-01 04:00:00,0.0,11.16
2023-07-01 05:00:00,35.78,11.54
2023-07-01 06:00:00,158.02,12.03
2023-07-01 07:00:00,62.5,12.9
2023-07-01 08:00:00,102.8,14.22
2023-07-01 09:00:00,168.9,16.07
2023-07-01 10:00:00,305.62,17.78
2023-07-01 11:00:00,414.1,18.06
2023-07-01 12:00:00,470.55,18.05
2023-07-01 13:00:00,473.52,18.27
2023-07-01 14:00:00,320.75,18.49
2023-07-01 15:00:00,390.3,18.42
2023-07-01 16:00:00,362.17,17.96
2023-07-01 17:00:00,193.55,17.05
2023-07-01 18:00:00,73.88,15.53
2023-07-01 19:00:00,0.0,13.69
2023-07-01 20:00:00,0.0,13.14
2023-07-01 21:00:00,0.0,12.74
2023-07-01 22:00:00,0.0,12.4
2023-07-01 23:00:00,0.0,11.9
2023-07-02 00:00:00,0.0,11.56
2023-07-02 01:00:00,0.0,11.38
2023-07-02 02:00:00,0.0,11.29
2023-07-02 03:00:00,0.0,11.41
2023-07-02 04:00:00,0.0,11.08
2023-07-02 05:00:00,37.92,11.31
2023-07-02 06:00:00,146.95,12.51
2023-07-02 07:00:00,301.52,13.09
2023-07-02 08:00:00,432.35,14.04
2023-07-02 09:00:00,457.05,15.21
2023-07-02 10:00:00,491.95,16.33
2023-07-02 11:00:00,444.65,17.38
2023-07-02 12:00:00,332.35,18.7
2023-07-02 13:00:00,158.15,19.97
2023-07-02 14:00:00,203.18,20.12
2023-07-02 15:00:00,165.55,19.3
2023-07-02 16:00:00,55.8,17.87
2023-07-02 17:00:00,51.95,16.19
2023-07-02 18:00:00,25.05,14.68
2023-07-02 19:00:00,0.0,13.77
2023-07-02 20:00:00,0.0,13.56
2023-07-02 21:00:00,0.0,13.47
2023-07-02 22:00:00,0.0,13.23
2023-07-02 23:00:00,0.0,12.53
2023-07-03 00:00:00,0.0,11.64
2023-07-03 01:00:00,0.0,9.73
2023-07-03 02:00:00,0.0,7.25
2023-07-03 03:00:00,0.0,5.96
2023-07-03 04:00:00,0.0,5.74
2023-07-03 05:00:00,18.42,5.81
2023-07-03 06:00:00,83.85,6.36
2023-07-03 07:00:00,179.4,7.23
2023-07-03 08:00:00,259.5,8.87
2023-07-03 09:00:00,348.0,11.11
2023-07-03 10:00:00,489.85,13.13
2023-07-03 11:00:00,808.42,14.5
2023-07-03 12:00:00,901.95,15.27
2023-07-03 13:00:00,843.42,15.96
2023-07-03 14:00:00,687.0,16.17
2023-07-03 15:00:00,575.7,15.9
2023-07-03 16:00:00,450.45,15.41
2023-07-03 17:00:00,258.9,14.63
2023-07-03 18:00:00,94.05,12.84
2023-07-03 19:00:00,0.0,9.97
2023-07-03 20:00:00,0.0,9.29
2023-07-03 21:00:00,0.0,8.67
2023-07-03 22:00:00,0.0,7.58
2023-07-03 23:00:00,0.0,6.42
2023-07-04 00:00:00,0.0,5.58
2023-07-04 01:00:00,0.0,4.92
2023-07-04 02:00:00,0.0,4.44
2023-07-04 03:00:00,0.0,4.06
2023-07-04 04:00:00,0.0,3.73
2023-07-04 05:00:00,63.6,5.36
2023-07-04 06:00:00,248.52,10.16
2023-07-04 07:00:00,473.4,13.65
2023-07-04 08:00:00,675.95,16.68
2023-07-04 09:00:00,845.3,18.51
2023-07-04 10:00:00,966.38,19.96
2023-07-04 11:00:00,1036.57,21.05
2023-07-04 12:00:00,1039.65,21.81
2023-07-04 13:00:00,982.47,22.26
2023-07-04 14:00:00,868.1,22.42
2023-07-04 15:00:00,705.65,22.2
2023-07-04 16:00:00,504.6,21.55
2023-07-04 17:00:00,287.48,20.23
2023-07-04 18:00:00,98.53,16.96
2023-07-04 19:00:00,0.0,12.81
2023-07-04 20:00:00,0.0,11.46
2023-07-04 21:00:00,0.0,10.54
2023-07-04 22:00:00,0.0,9.79
2023-07-04 23:00:00,0.0,9.67
2023-07-05 00:00:00,0.0,9.76
2023-07-05 01:00:00,0.0,9.47
2023-07-05 02:00:00,0.0,8.89
2023-07-05 03:00:00,0.0,8.72
2023-07-05 04:00:00,0.0,8.45
2023-07-05 05:00:00,15.05,9.52
2023-07-05 06:00:00,43.65,11.38
2023-07-05 07:00:00,64.97,12.16
2023-07-05 08:00:00,123.0,12.95
2023-07-05 09:00:00,158.62,13.8
2023-07-05 10:00:00,323.42,14.79
2023-07-05 11:00:00,362.7,15.35
2023-07-05 12:00:00,507.88,15.43
2023-07-05 13:00:00,550.62,15.07
2023-07-05 14:00:00,417.95,14.59
2023-07-05 15:00:00,240.3,14.48
2023-07-05 16:00:00,292.95,14.4
2023-07-05 17:00:00,153.73,14.04
2023-07-05 18:00:00,69.68,13.14
2023-07-05 19:00:00,0.0,11.27
2023-07-05 20:00:00,0.0,10.73
2023-07-05 21:00:00,0.0,9.37
2023-07-05 22:00:00,0.0,8.23
2023-07-05 23:00:00,0.0,7.66
2023-07-06 00:00:00,0.0,7.31
2023-07-06 01:00:00,0.0,7.25
2023-07-06 02:00:00,0.0,7.73
2023-07-06 03:00:00,0.0,8.0
2023-07-06 04:00:00,0.0,8.1
2023-07-06 05:00:00,45.92,8.82
2023-07-06 06:00:00,200.85,11.21
2023-07-06 07:00:00,386.92,14.38
2023-07-06 08:00:00,605.62,16.54
2023-07-06 09:00:00,815.95,18.05
2023-07-06 10:00:00,923.45,19.54
2023-07-06 11:00:00,1006.67,20.69
2023-07-06 12:00:00,1018.5,21.62
2023-07-06 13:00:00,962.55,22.13
2023-07-06 14:00:00,854.62,22.19
2023-07-06 15:00:00,634.47,21.82
2023-07-06 16:00:00,451.98,21.11
2023-07-06 17:00:00,261.12,19.96
2023-07-06 18:00:00,93.55,16.96
2023-07-06 19:00:00,0.0,13.62
2023-07-06 20:00:00,0.0,12.86
2023-07-06 21:00:00,0.0,12.32
2023-07-06 22:00:00,0.0,11.7
2023-07-06 23:00:00,0.0,11.47
2023-07-07 00:00:00,0.0,10.96
2023-07-07 01:00:00,0.0,10.62
2023-07-07 02:00:00,0.0,10.35
2023-07-07 03:00:00,0.0,10.12
2023-07-07 04:00:00,0.0,9.6
2023-07-07 05:00:00,27.45,9.92
2023-07-07 06:00:00,99.72,13.11
2023-07-07 07:00:00,190.73,16.19
2023-07-07 08:00:00,276.9,18.31
2023-07-07 09:00:00,263.98,19.61
2023-07-07 10:00:00,289.05,20.6
2023-07-07 11:00:00,370.55,20.95
2023-07-07 12:00:00,337.05,20.76
2023-07-07 13:00:00,691.22,20.69
2023-07-07 14:00:00,740.1,20.69
2023-07-07 15:00:00,634.2,20.57
2023-07-07 16:00:00,470.55,20.08
2023-07-07 17:00:00,269.55,19.18
2023-07-07 18:00:00,92.05,16.85
2023-07-07 19:00:00,0.0,13.17
2023-07-07 20:00:00,0.0,11.95
2023-07-07 21:00:00,0.0,11.07
2023-07-07 22:00:00,0.0,10.34
2023-07-07 23:00:00,0.0,9.81
2023-07-08 00:00:00,0.0,9.52
2023-07-08 01:00:00,0.0,9.36
2023-07-08 02:00:00,0.0,9.09
2023-07-08 03:00:00,0.0,8.77
2023-07-08 04:00:00,0.0,8.41
2023-07-08 05:00:00,44.67,9.8
2023-07-08 06:00:00,188.95,13.92
2023-07-08 07:00:00,361.25,17.22
2023-07-08 08:00:00,534.0,19.83
2023-07-08 09:00:00,605.15,21.08
2023-07-08 10:00:00,648.67,21.92
2023-07-08 11:00:00,777.85,22.23
2023-07-08 12:00:00,743.25,21.97
2023-07-08 13:00:00,737.28,22.0
2023-07-08 14:00:00,627.45,22.0
2023-07-08 15:00:00,482.25,21.79
2023-07-08 16:00:00,318.55,21.2
2023-07-08 17:00:00,193.18,20.36
2023-07-08 18:00:00,77.6,18.27
2023-07-08 19:00:00,0.0,15.21
2023-07-08 20:00:00,0.0,14.24
2023-07-08 21:00:00,0.0,13.23
2023-07-08 22:00:00,0.0,12.08
2023-07-08 23:00:00,0.0,11.11
2023-07-09 00:00:00,0.0,10.4
2023-07-09 01:00:00,0.0,9.86
2023-07-09 02:00:00,0.0,9.42
2023-07-09 03:00:00,0.0,8.96
2023-07-09 04:00:00,0.0,8.53
2023-07-09 05:00:00,48.08,9.91
2023-07-09 06:00:00,204.5,14.15
2023-07-09 07:00:00,384.02,17.69
2023-07-09 08:00:00,567.17,20.65
2023-07-09 09:00:00,811.05,22.42
2023-07-09 10:00:00,918.42,23.81
2023-07-09 11:00:00,1020.88,24.9
2023-07-09 12:00:00,1026.82,25.66
2023-07-09 13:00:00,971.2,26.08
2023-07-09 14:00:00,856.4,26.16
2023-07-09 15:00:00,695.75,25.88
2023-07-09 16:00:00,500.33,25.24
2023-07-09 17:00:00,289.8,23.64
2023-07-09 18:00:00,99.78,20.39
2023-07-09 19:00:00,0.0,17.82
2023-07-09 20:00:00,0.0,16.68
2023-07-09 21:00:00,0.0,15.8
2023-07-09 22:00:00,0.0,15.21
2023-07-09 23:00:00,0.0,14.7
2023-07-10 00:00:00,0.0,14.46
2023-07-10 01:00:00,0.0,14.3
2023-07-10 02:00:00,0.0,13.49
2023-07-10 03:00:00,0.0,12.77
2023-07-10 04:00:00,0.0,12.16
2023-07-10 05:00:00,47.05,13.3
2023-07-10 06:00:00,210.48,15.83
2023-07-10 07:00:00,402.9,19.39
2023-07-10 08:00:00,597.38,23.54
2023-07-10 09:00:00,755.05,25.51
2023-07-10 10:00:00,892.92,26.73
2023-07-10 11:00:00,952.75,27.35
2023-07-10 12:00:00,930.45,27.8
2023-07-10 13:00:00,831.8,26.5
2023-07-10 14:00:00,773.8,25.15
2023-07-10 15:00:00,569.8,24.23
2023-07-10 16:00:00,397.3,22.95
2023-07-10 17:00:00,212.85,21.31
2023-07-10 18:00:00,69.93,19.37
2023-07-10 19:00:00,0.0,17.88
2023-07-10 20:00:00,0.0,17.08
2023-07-10 21:00:00,0.0,16.57
2023-07-10 22:00:00,0.0,16.1
2023-07-10 23:00:00,0.0,15.67
2023-07-11 00:00:00,0.0,15.35
2023-07-11 01:00:00,0.0,14.98
2023-07-11 02:00:00,0.0,14.62
2023-07-11 03:00:00,0.0,14.41
2023-07-11 04:00:00,0.0,14.28
2023-07-11 05:00:00,16.52,14.8
2023-07-11 06:00:00,68.68,15.56
2023-07-11 07:00:00,134.85,16.27
2023-07-11 08:00:00,220.98,17.14
2023-07-11 09:00:00,269.27,17.86
2023-07-11 10:00:00,361.08,18.48
2023-07-11 11:00:00,305.27,19.08
2023-07-11 12:00:00,262.52,19.48
2023-07-11 13:00:00,234.82,19.8
2023-07-11 14:00:00,244.4,20.05
2023-07-11 15:00:00,222.02,20.01
2023-07-11 16:00:00,190.02,19.55
2023-07-11 17:00:00,98.68,18.62
2023-07-11 18:00:00,25.33,17.22
2023-07-11 19:00:00,0.0,15.69
2023-07-11 20:00:00,0.0,14.93
2023-07-11 21:00:00,0.0,14.49
2023-07-11 22:00:00,0.0,14.03
2023-07-11 23:00:00,0.0,13.67
2023-07-12 00:00:00,0.0,13.65
2023-07-12 01:00:00,0.0,13.63
2023-07-12 02:00:00,0.0,13.29
2023-07-12 03:00:00,0.0,12.89
2023-07-12 04:00:00,0.0,12.59
2023-07-12 05:00:00,6.72,13.36
2023-07-12 06:00:00,28.2,14.9
2023-07-12 07:00:00,47.53,15.72
2023-07-12 08:00:00,57.95,16.65
2023-07-12 09:00:00,67.97,17.47
2023-07-12 10:00:00,88.47,17.85
2023-07-12 11:00:00,100.28,17.66
2023-07-12 12:00:00,114.07,17.14
2023-07-12 13:00:00,127.82,16.58
2023-07-12 14:00:00,83.05,15.69
2023-07-12 15:00:00,101.22,14.88
2023-07-12 16:00:00,88.47,13.98
2023-07-12 17:00:00,54.97,12.88
2023-07-12 18:00:00,17.58,11.76
2023-07-12 19:00:00,0.0,11.15
2023-07-12 20:00:00,0.0,10.78
2023-07-12 21:00:00,0.0,10.05
2023-07-12 22:00:00,0.0,8.96
2023-07-12 23:00:00,0.0,7.9
2023-07-13 00:00:00,0.0,7.12
2023-07-13 01:00:00,0.0,6.57
2023-07-13 02:00:00,0.0,6.24
2023-07-13 03:00:00,0.0,5.86
2023-07-13 04:00:00,0.0,5.24
2023-07-13 05:00:00,10.15,5.22
2023-07-13 06:00:00,49.03,4.87
2023-07-13 07:00:00,93.88,4.85
2023-07-13 08:00:00,162.23,6.94
2023-07-13 09:00:00,246.05,9.71
2023-07-13 10:00:00,316.38,11.09
2023-07-13 11:00:00,345.98,11.81
2023-07-13 12:00:00,353.45,12.64
2023-07-13 13:00:00,315.5,13.25
2023-07-13 14:00:00,312.55,13.4
2023-07-13 15:00:00,201.1,12.65
2023-07-13 16:00:00,144.15,12.09
2023-07-13 17:00:00,91.32,11.64
2023-07-13 18:00:00,35.08,10.68
2023-07-13 19:00:00,0.0,9.05
2023-07-13 20:00:00,0.0,8.15
2023-07-13 21:00:00,0.0,7.85
2023-07-13 22:00:00,0.0,7.64
2023-07-13 23:00:00,0.0,7.72
2023-07-14 00:00:00,0.0,6.83
2023-07-14 01:00:00,0.0,6.28
2023-07-14 02:00:00,0.0,5.96
2023-07-14 03:00:00,0.0,5.77
2023-07-14 04:00:00,0.0,5.66
2023-07-14 05:00:00,25.52,7.08
2023-07-14 06:00:00,109.22,9.02
2023-07-14 07:00:00,212.48,9.87
2023-07-14 08:00:00,255.65,10.95
2023-07-14 09:00:00,480.17,12.93
2023-07-14 10:00:00,549.92,15.33
2023-07-14 11:00:00,662.03,17.23
2023-07-14 12:00:00,752.8,18.34
2023-07-14 13:00:00,865.6,18.8
2023-07-14 14:00:00,710.53,18.85
2023-07-14 15:00:00,612.1,18.48
2023-07-14 16:00:00,412.08,17.78
2023-07-14 17:00:00,223.82,16.66
2023-07-14 18:00:00,71.68,14.29
2023-07-14 19:00:00,0.0,12.21
2023-07-14 20:00:00,0.0,12.47
2023-07-14 21:00:00,0.0,12.14
2023-07-14 22:00:00,0.0,10.61
2023-07-14 23:00:00,0.0,9.7
2023-07-15 00:00:00,0.0,8.38
2023-07-15 01:00:00,0.0,7.38
2023-07-15 02:00:00,0.0,6.61
2023-07-15 03:00:00,0.0,5.98
2023-07-15 04:00:00,0.0,5.52
2023-07-15 05:00:00,47.67,6.54
2023-07-15 06:00:00,230.23,11.05
2023-07-15 07:00:00,440.27,14.54
2023-07-15 08:00:00,641.28,17.0
2023-07-15 09:00:00,819.15,18.23
2023-07-15 10:00:00,884.38,19.16
2023-07-15 11:00:00,932.47,19.81
2023-07-15 12:00:00,926.65,20.2
2023-07-15 13:00:00,836.58,20.36
2023-07-15 14:00:00,742.6,20.25
2023-07-15 15:00:00,565.45,19.93
2023-07-15 16:00:00,403.73,19.31
2023-07-15 17:00:00,230.85,18.41
2023-07-15 18:00:00,80.35,16.54
2023-07-15 19:00:00,0.0,15.32
2023-07-15 20:00:00,0.0,14.96
2023-07-15 21:00:00,0.0,13.98
2023-07-15 22:00:00,0.0,12.85
2023-07-15 23:00:00,0.0,11.27
2023-07-16 00:00:00,0.0,10.27
2023-07-16 01:00:00,0.0,9.09
2023-07-16 02:00:00,0.0,8.06
2023-07-16 03:00:00,0.0,7.28
2023-07-16 04:00:00,0.0,6.62
2023-07-16 05:00:00,44.22,7.45
2023-07-16 06:00:00,221.1,11.94
2023-07-16 07:00:00,429.6,15.34
2023-07-16 08:00:00,634.67,18.28
2023-07-16 09:00:00,810.53,19.82
2023-07-16 10:00:00,924.97,20.99
2023-07-16 11:00:00,947.72,21.8
2023-07-16 12:00:00,938.6,22.28
2023-07-16 13:00:00,892.67,22.52
2023-07-16 14:00:00,770.53,22.48
2023-07-16 15:00:00,613.78,22.1
2023-07-16 16:00:00,412.8,21.36
2023-07-16 17:00:00,237.05,20.16
2023-07-16 18:00:00,82.43,17.18
2023-07-16 19:00:00,0.0,14.11
2023-07-16 20:00:00,0.0,13.16
2023-07-16 21:00:00,0.0,12.26
2023-07-16 22:00:00,0.0,11.2
2023-07-16 23:00:00,0.0,10.08
2023-07-17 00:00:00,0.0,9.17
2023-07-17 01:00:00,0.0,8.43
2023-07-17 02:00:00,0.0,7.84
2023-07-17 03:00:00,0.0,7.39
2023-07-17 04:00:00,0.0,7.05
2023-07-17 05:00:00,30.55,8.34
2023-07-17 06:00:00,148.4,12.93
2023-07-17 07:00:00,291.92,16.4
2023-07-17 08:00:00,443.83,19.49
2023-07-17 09:00:00,577.62,20.59
2023-07-17 10:00:00,748.55,21.16
2023-07-17 11:00:00,921.85,21.35
2023-07-17 12:00:00,889.7,21.34
2023-07-17 13:00:00,640.38,20.9
2023-07-17 14:00:00,433.6,20.14
2023-07-17 15:00:00,362.5,19.27
2023-07-17 16:00:00,291.85,18.53
2023-07-17 17:00:00,147.23,17.53
2023-07-17 18:00:00,42.72,15.95
2023-07-17 19:00:00,0.0,14.35
2023-07-17 20:00:00,0.0,13.6
2023-07-17 21:00:00,0.0,12.71
2023-07-17 22:00:00,0.0,12.06
2023-07-17 23:00:00,0.0,11.57
2023-07-18 00:00:00,0.0,11.14
2023-07-18 01:00:00,0.0,10.81
2023-07-18 02:00:00,0.0,10.43
2023-07-18 03:00:00,0.0,9.96
2023-07-18 04:00:00,0.0,9.49
2023-07-18 05:00:00,28.98,10.19
2023-07-18 06:00:00,148.62,11.94
2023-07-18 07:00:00,298.7,14.14
2023-07-18 08:00:00,469.52,16.13
2023-07-18 09:00:00,684.45,17.51
2023-07-18 10:00:00,831.58,17.97
2023-07-18 11:00:00,858.75,18.06
2023-07-18 12:00:00,849.95,18.21
2023-07-18 13:00:00,571.5,18.09
2023-07-18 14:00:00,349.8,17.42
2023-07-18 15:00:00,238.05,16.49
2023-07-18 16:00:00,284.3,15.7
2023-07-18 17:00:00,171.48,15.12
2023-07-18 18:00:00,66.57,14.25
2023-07-18 19:00:00,0.0,12.8
2023-07-18 20:00:00,0.0,11.9
2023-07-18 21:00:00,0.0,11.44
2023-07-18 22:00:00,0.0,11.01
2023-07-18 23:00:00,0.0,10.53
2023-07-19 00:00:00,0.0,9.79
2023-07-19 01:00:00,0.0,9.07
2023-07-19 02:00:00,0.0,8.77
2023-07-19 03:00:00,0.0,8.66
2023-07-19 04:00:00,0.0,8.5
2023-07-19 05:00:00,30.85,8.98
2023-07-19 06:00:00,164.35,10.97
2023-07-19 07:00:00,329.65,14.32
2023-07-19 08:00:00,496.88,18.02
2023-07-19 09:00:00,784.62,20.52
2023-07-19 10:00:00,921.75,22.24
2023-07-19 11:00:00,999.03,23.23
2023-07-19 12:00:00,1013.05,23.76
2023-07-19 13:00:00,951.83,23.71
2023-07-19 14:00:00,814.08,23.34
2023-07-19 15:00:00,587.3,23.0
2023-07-19 16:00:00,276.75,22.34
2023-07-19 17:00:00,142.55,21.27
2023-07-19 18:00:00,38.08,18.84
2023-07-19 19:00:00,0.0,16.51
2023-07-19 20:00:00,0.0,15.29
2023-07-19 21:00:00,0.0,13.74
2023-07-19 22:00:00,0.0,11.68
2023-07-19 23:00:00,0.0,10.38
2023-07-20 00:00:00,0.0,9.91
2023-07-20 01:00:00,0.0,9.87
2023-07-20 02:00:00,0.0,9.66
2023-07-20 03:00:00,0.0,9.11
2023-07-20 04:00:00,0.0,8.47
2023-07-20 05:00:00,26.45,8.97
2023-07-20 06:00:00,162.62,10.62
2023-07-20 07:00:00,337.9,12.63
2023-07-20 08:00:00,552.65,14.76
2023-07-20 09:00:00,717.17,16.38
2023-07-20 10:00:00,810.88,17.68
2023-07-20 11:00:00,751.55,17.91
2023-07-20 12:00:00,722.28,17.86
2023-07-20 13:00:00,572.3,18.38
2023-07-20 14:00:00,605.6,18.58
2023-07-20 15:00:00,412.15,18.38
2023-07-20 16:00:00,261.38,17.92
2023-07-20 17:00:00,153.57,17.15
2023-07-20 18:00:00,59.42,15.42
2023-07-20 19:00:00,0.0,13.76
2023-07-20 20:00:00,0.0,12.34
2023-07-20 21:00:00,0.0,11.91
2023-07-20 22:00:00,0.0,11.79
2023-07-20 23:00:00,0.0,10.97
2023-07-21 00:00:00,0.0,9.51
2023-07-21 01:00:00,0.0,8.84
2023-07-21 02:00:00,0.0,8.33
2023-07-21 03:00:00,0.0,7.75
2023-07-21 04:00:00,0.0,6.9
2023-07-21 05:00:00,37.35,7.57
2023-07-21 06:00:00,212.15,10.84
2023-07-21 07:00:00,423.67,13.88
2023-07-21 08:00:00,630.6,16.95
2023-07-21 09:00:00,806.55,19.34
2023-07-21 10:00:00,936.55,20.82
2023-07-21 11:00:00,1025.45,21.73
2023-07-21 12:00:00,1025.43,22.28
2023-07-21 13:00:00,978.47,22.47
2023-07-21 14:00:00,861.9,22.35
2023-07-21 15:00:00,701.12,21.93
2023-07-21 16:00:00,502.27,21.31
2023-07-21 17:00:00,284.98,20.28
2023-07-21 18:00:00,87.3,17.19
2023-07-21 19:00:00,0.0,13.89
2023-07-21 20:00:00,0.0,12.48
2023-07-21 21:00:00,0.0,11.6
2023-07-21 22:00:00,0.0,10.99
2023-07-21 23:00:00,0.0,10.64
2023-07-22 00:00:00,0.0,10.22
2023-07-22 01:00:00,0.0,9.67
2023-07-22 02:00:00,0.0,8.97
2023-07-22 03:00:00,0.0,7.84
2023-07-22 04:00:00,0.0,6.89
2023-07-22 05:00:00,39.12,7.49
2023-07-22 06:00:00,218.75,12.13
2023-07-22 07:00:00,429.67,15.76
2023-07-22 08:00:00,633.3,19.08
2023-07-22 09:00:00,804.38,21.19
2023-07-22 10:00:00,930.22,22.93
2023-07-22 11:00:00,1016.67,24.21
2023-07-22 12:00:00,1022.35,24.98
2023-07-22 13:00:00,968.3,25.35
2023-07-22 14:00:00,847.53,25.24
2023-07-22 15:00:00,689.12,24.67
2023-07-22 16:00:00,488.6,23.59
2023-07-22 17:00:00,265.4,21.86
2023-07-22 18:00:00,75.0,19.04
2023-07-22 19:00:00,0.0,15.86
2023-07-22 20:00:00,0.0,14.53
2023-07-22 21:00:00,0.0,13.57
2023-07-22 22:00:00,0.0,12.72
2023-07-22 23:00:00,0.0,12.01
2023-07-23 00:00:00,0.0,11.51
2023-07-23 01:00:00,0.0,11.41
2023-07-23 02:00:00,0.0,11.53
2023-07-23 03:00:00,0.0,11.45
2023-07-23 04:00:00,0.0,11.3
2023-07-23 05:00:00,27.55,11.8
2023-07-23 06:00:00,164.0,13.77
2023-07-23 07:00:00,318.8,15.8
2023-07-23 08:00:00,524.67,19.22
2023-07-23 09:00:00,700.4,21.14
2023-07-23 10:00:00,825.85,21.87
2023-07-23 11:00:00,932.12,22.12
2023-07-23 12:00:00,924.17,22.24
2023-07-23 13:00:00,523.97,21.5
2023-07-23 14:00:00,465.73,19.89
2023-07-23 15:00:00,363.83,18.43
2023-07-23 16:00:00,260.15,17.24
2023-07-23 17:00:00,139.05,16.18
2023-07-23 18:00:00,37.4,14.99
2023-07-23 19:00:00,0.0,13.99
2023-07-23 20:00:00,0.0,13.56
2023-07-23 21:00:00,0.0,12.79
2023-07-23 22:00:00,0.0,11.97
2023-07-23 23:00:00,0.0,11.43
2023-07-24 00:00:00,0.0,11.18
2023-07-24 01:00:00,0.0,10.97
2023-07-24 02:00:00,0.0,10.58
2023-07-24 03:00:00,0.0,9.99
2023-07-24 04:00:00,0.0,9.72
2023-07-24 05:00:00,22.27,10.49
2023-07-24 06:00:00,149.02,13.79
2023-07-24 07:00:00,343.05,16.25
2023-07-24 08:00:00,578.0,18.1
2023-07-24 09:00:00,755.92,19.72
2023-07-24 10:00:00,891.8,20.32
2023-07-24 11:00:00,908.5,20.5
2023-07-24 12:00:00,853.35,20.33
2023-07-24 13:00:00,658.88,20.64
2023-07-24 14:00:00,691.95,20.75
2023-07-24 15:00:00,636.67,20.57
2023-07-24 16:00:00,445.3,20.38
2023-07-24 17:00:00,249.9,19.73
2023-07-24 18:00:00,76.8,17.39
2023-07-24 19:00:00,0.0,15.31
2023-07-24 20:00:00,0.0,14.57
2023-07-24 21:00:00,0.0,13.55
2023-07-24 22:00:00,0.0,12.54
2023-07-24 23:00:00,0.0,11.87
2023-07-25 00:00:00,0.0,11.47
2023-07-25 01:00:00,0.0,11.04
2023-07-25 02:00:00,0.0,10.78
2023-07-25 03:00:00,0.0,10.65
2023-07-25 04:00:00,0.0,10.77
2023-07-25 05:00:00,34.6,11.22
2023-07-25 06:00:00,205.2,14.56
2023-07-25 07:00:00,413.15,17.96
2023-07-25 08:00:00,616.92,20.17
2023-07-25 09:00:00,789.12,21.56
2023-07-25 10:00:00,915.78,22.8
2023-07-25 11:00:00,952.2,23.72
2023-07-25 12:00:00,902.45,24.19
2023-07-25 13:00:00,799.08,24.19
2023-07-25 14:00:00,750.83,23.83
2023-07-25 15:00:00,593.33,23.1
2023-07-25 16:00:00,439.17,21.89
2023-07-25 17:00:00,237.85,20.39
2023-07-25 18:00:00,66.2,18.42
2023-07-25 19:00:00,0.0,16.68
2023-07-25 20:00:00,0.0,15.55
2023-07-25 21:00:00,0.0,14.72
2023-07-25 22:00:00,0.0,14.17
2023-07-25 23:00:00,0.0,13.78
2023-07-26 00:00:00,0.0,13.45
2023-07-26 01:00:00,0.0,12.94
2023-07-26 02:00:00,0.0,12.58
2023-07-26 03:00:00,0.0,12.54
2023-07-26 04:00:00,0.0,12.93
2023-07-26 05:00:00,30.0,13.25
2023-07-26 06:00:00,178.88,15.9
2023-07-26 07:00:00,351.85,18.14
2023-07-26 08:00:00,524.1,18.85
2023-07-26 09:00:00,668.78,19.0
2023-07-26 10:00:00,737.58,19.29
2023-07-26 11:00:00,760.08,19.73
2023-07-26 12:00:00,783.62,19.92
2023-07-26 13:00:00,670.83,19.71
2023-07-26 14:00:00,452.17,19.12
2023-07-26 15:00:00,269.55,18.48
2023-07-26 16:00:00,187.55,17.83
2023-07-26 17:00:00,98.53,16.79
2023-07-26 18:00:00,26.95,15.33
2023-07-26 19:00:00,0.0,13.62
2023-07-26 20:00:00,0.0,12.9
2023-07-26 21:00:00,0.0,12.32
2023-07-26 22:00:00,0.0,11.68
2023-07-26 23:00:00,0.0,10.98
2023-07-27 00:00:00,0.0,10.58
2023-07-27 01:00:00,0.0,10.17
2023-07-27 02:00:00,0.0,9.8
2023-07-27 03:00:00,0.0,9.52
2023-07-27 04:00:00,0.0,9.4
2023-07-27 05:00:00,10.23,9.9
2023-07-27 06:00:00,24.77,11.35
2023-07-27 07:00:00,93.65,12.18
2023-07-27 08:00:00,137.93,12.11
2023-07-27 09:00:00,140.8,12.4
2023-07-27 10:00:00,201.55,12.89
2023-07-27 11:00:00,236.0,13.43
2023-07-27 12:00:00,392.12,13.94
2023-07-27 13:00:00,354.17,14.47
2023-07-27 14:00:00,383.17,14.39
2023-07-27 15:00:00,355.35,14.23
2023-07-27 16:00:00,189.05,14.02
2023-07-27 17:00:00,90.82,13.42
2023-07-27 18:00:00,26.77,12.34
2023-07-27 19:00:00,0.0,10.64
2023-07-27 20:00:00,0.0,10.03
2023-07-27 21:00:00,0.0,9.29
2023-07-27 22:00:00,0.0,8.51
2023-07-27 23:00:00,0.0,8.14
2023-07-28 00:00:00,0.0,7.85
2023-07-28 01:00:00,0.0,7.35
2023-07-28 02:00:00,0.0,6.88
2023-07-28 03:00:00,0.0,6.51
2023-07-28 04:00:00,0.0,6.14
2023-07-28 05:00:00,21.48,6.87
2023-07-28 06:00:00,135.15,10.63
2023-07-28 07:00:00,276.55,13.51
2023-07-28 08:00:00,462.92,15.81
2023-07-28 09:00:00,650.75,17.44
2023-07-28 10:00:00,772.25,18.46
2023-07-28 11:00:00,889.33,19.33
2023-07-28 12:00:00,846.47,19.79
2023-07-28 13:00:00,808.88,20.04
2023-07-28 14:00:00,696.22,20.09
2023-07-28 15:00:00,581.8,19.69
2023-07-28 16:00:00,409.55,18.99
2023-07-28 17:00:00,207.88,17.86
2023-07-28 18:00:00,54.22,15.71
2023-07-28 19:00:00,0.0,13.25
2023-07-28 20:00:00,0.0,11.91
2023-07-28 21:00:00,0.0,11.03
2023-07-28 22:00:00,0.0,10.15
2023-07-28 23:00:00,0.0,9.38
2023-07-29 00:00:00,0.0,8.94
2023-07-29 01:00:00,0.0,8.38
2023-07-29 02:00:00,0.0,7.81
2023-07-29 03:00:00,0.0,7.2
2023-07-29 04:00:00,0.0,6.42
2023-07-29 05:00:00,25.05,6.67
2023-07-29 06:00:00,167.73,10.11
2023-07-29 07:00:00,353.7,13.0
2023-07-29 08:00:00,545.62,16.44
2023-07-29 09:00:00,733.88,18.58
2023-07-29 10:00:00,847.47,19.93
2023-07-29 11:00:00,970.75,20.9
2023-07-29 12:00:00,954.28,21.62
2023-07-29 13:00:00,863.83,22.07
2023-07-29 14:00:00,804.97,22.14
2023-07-29 15:00:00,620.15,21.81
2023-07-29 16:00:00,458.55,21.15
2023-07-29 17:00:00,244.8,19.87
2023-07-29 18:00:00,61.47,16.51
2023-07-29 19:00:00,0.0,13.13
2023-07-29 20:00:00,0.0,12.05
2023-07-29 21:00:00,0.0,11.3
2023-07-29 22:00:00,0.0,10.69
2023-07-29 23:00:00,0.0,10.03
2023-07-30 00:00:00,0.0,9.45
2023-07-30 01:00:00,0.0,8.91
2023-07-30 02:00:00,0.0,8.34
2023-07-30 03:00:00,0.0,7.72
2023-07-30 04:00:00,0.0,7.1
2023-07-30 05:00:00,21.3,7.55
2023-07-30 06:00:00,134.55,11.91
2023-07-30 07:00:00,274.3,15.62
2023-07-30 08:00:00,435.83,18.44
2023-07-30 09:00:00,666.35,19.96
2023-07-30 10:00:00,834.83,21.16
2023-07-30 11:00:00,966.0,22.06
2023-07-30 12:00:00,915.7,22.74
2023-07-30 13:00:00,856.72,23.1
2023-07-30 14:00:00,747.3,23.08
2023-07-30 15:00:00,576.38,22.67
2023-07-30 16:00:00,420.15,21.93
2023-07-30 17:00:00,222.88,20.62
2023-07-30 18:00:00,55.95,17.29
2023-07-30 19:00:00,0.0,14.21
2023-07-30 20:00:00,0.0,13.21
2023-07-30 21:00:00,0.0,12.76
2023-07-30 22:00:00,0.0,13.37
2023-07-30 23:00:00,0.0,12.94
2023-07-31 00:00:00,0.0,12.06
2023-07-31 01:00:00,0.0,11.61
2023-07-31 02:00:00,0.0,11.36
2023-07-31 03:00:00,0.0,10.64
2023-07-31 04:00:00,0.0,10.28
2023-07-31 05:00:00,26.27,10.83
2023-07-31 06:00:00,186.0,13.87
2023-07-31 07:00:00,376.5,16.21
2023-07-31 08:00:00,576.7,18.29
2023-07-31 09:00:00,748.53,19.84
2023-07-31 10:00:00,823.25,21.05
2023-07-31 11:00:00,874.65,21.92
2023-07-31 12:00:00,850.35,22.39
2023-07-31 13:00:00,754.58,22.7
2023-07-31 14:00:00,670.88,22.58
2023-07-31 15:00:00,501.05,22.13
2023-07-31 16:00:00,331.85,21.38
2023-07-31 17:00:00,182.35,20.43
2023-07-31 18:00:00,47.97,17.7
2023-07-31 19:00:00,0.0,14.58
2023-07-31 20:00:00,0.0,13.57
2023-07-31 21:00:00,0.0,12.75
2023-07-31 22:00:00,0.0,12.04
2023-07-31 23:00:00,0.0,11.44
2023-08-01 00:00:00,0.0,10.86
2023-08-01 01:00:00,0.0,10.22
2023-08-01 02:00:00,0.0,9.65
2023-08-01 03:00:00,0.0,9.24
2023-08-01 04:00:00,0.0,8.95
2023-08-01 05:00:00,17.77,9.74
2023-08-01 06:00:00,124.07,14.07
2023-08-01 07:00:00,286.02,17.47
2023-08-01 08:00:00,451.8,19.31
2023-08-01 09:00:00,679.17,20.11
2023-08-01 10:00:00,860.3,20.84
2023-08-01 11:00:00,870.65,21.69
2023-08-01 12:00:00,892.4,22.08
2023-08-01 13:00:00,817.97,22.35
2023-08-01 14:00:00,713.8,22.54
2023-08-01 15:00:00,565.58,22.39
2023-08-01 16:00:00,388.0,21.86
2023-08-01 17:00:00,196.98,20.66
2023-08-01 18:00:00,44.78,17.81
2023-08-01 19:00:00,0.0,14.58
2023-08-01 20:00:00,0.0,13.47
2023-08-01 21:00:00,0.0,12.58
2023-08-01 22:00:00,0.0,11.99
2023-08-01 23:00:00,0.0,11.57
2023-08-02 00:00:00,0.0,11.14
2023-08-02 01:00:00,0.0,10.68
2023-08-02 02:00:00,0.0,10.24
2023-08-02 03:00:00,0.0,9.88
2023-08-02 04:00:00,0.0,9.59
2023-08-02 05:00:00,24.27,10.07
2023-08-02 06:00:00,175.8,13.41
2023-08-02 07:00:00,349.23,17.26
2023-08-02 08:00:00,521.05,20.26
2023-08-02 09:00:00,690.12,21.97
2023-08-02 10:00:00,857.9,23.19
2023-08-02 11:00:00,916.28,24.04
2023-08-02 12:00:00,906.05,24.51
2023-08-02 13:00:00,829.9,24.8
2023-08-02 14:00:00,709.08,24.54
2023-08-02 15:00:00,583.4,23.93
2023-08-02 16:00:00,387.7,22.95
2023-08-02 17:00:00,204.15,21.4
2023-08-02 18:00:00,48.05,18.75
2023-08-02 19:00:00,0.0,15.62
2023-08-02 20:00:00,0.0,14.55
2023-08-02 21:00:00,0.0,13.63
2023-08-02 22:00:00,0.0,12.9
2023-08-02 23:00:00,0.0,12.0
2023-08-03 00:00:00,0.0,11.25
2023-08-03 01:00:00,0.0,10.66
2023-08-03 02:00:00,0.0,10.18
2023-08-03 03:00:00,0.0,9.86
2023-08-03 04:00:00,0.0,9.65
2023-08-03 05:00:00,22.38,10.34
2023-08-03 06:00:00,169.9,13.25
2023-08-03 07:00:00,345.67,17.21
2023-08-03 08:00:00,525.38,20.24
2023-08-03 09:00:00,739.62,22.28
2023-08-03 10:00:00,868.55,23.68
2023-08-03 11:00:00,926.05,24.69
2023-08-03 12:00:00,917.53,25.33
2023-08-03 13:00:00,741.5,25.3
2023-08-03 14:00:00,755.62,25.08
2023-08-03 15:00:00,572.03,24.21
2023-08-03 16:00:00,393.33,22.85
2023-08-03 17:00:00,206.45,21.37
2023-08-03 18:00:00,44.92,18.97
2023-08-03 19:00:00,0.0,16.11
2023-08-03 20:00:00,0.0,14.78
2023-08-03 21:00:00,0.0,13.75
2023-08-03 22:00:00,0.0,13.55
2023-08-03 23:00:00,0.0,13.22
2023-08-04 00:00:00,0.0,12.7
2023-08-04 01:00:00,0.0,12.14
2023-08-04 02:00:00,0.0,11.91
2023-08-04 03:00:00,0.0,11.67
2023-08-04 04:00:00,0.0,11.45
2023-08-04 05:00:00,18.7,11.76
2023-08-04 06:00:00,142.82,13.22
2023-08-04 07:00:00,300.25,14.13
2023-08-04 08:00:00,462.08,15.67
2023-08-04 09:00:00,668.95,17.33
2023-08-04 10:00:00,786.33,18.69
2023-08-04 11:00:00,744.6,19.18
2023-08-04 12:00:00,680.35,18.88
2023-08-04 13:00:00,582.75,18.13
2023-08-04 14:00:00,558.9,17.63
2023-08-04 15:00:00,455.55,17.37
2023-08-04 16:00:00,307.48,16.99
2023-08-04 17:00:00,150.65,16.5
2023-08-04 18:00:00,34.35,15.58
2023-08-04 19:00:00,0.0,14.49
2023-08-04 20:00:00,0.0,13.97
2023-08-04 21:00:00,0.0,13.58
2023-08-04 22:00:00,0.0,13.22
2023-08-04 23:00:00,0.0,12.89
2023-08-05 00:00:00,0.0,12.47
2023-08-05 01:00:00,0.0,12.02
2023-08-05 02:00:00,0.0,11.77
2023-08-05 03:00:00,0.0,11.53
2023-08-05 04:00:00,0.0,11.46
2023-08-05 05:00:00,17.02,11.64
2023-08-05 06:00:00,137.35,14.0
2023-08-05 07:00:00,294.5,16.42
2023-08-05 08:00:00,476.48,18.42
2023-08-05 09:00:00,622.33,20.03
2023-08-05 10:00:00,682.58,21.19
2023-08-05 11:00:00,603.55,21.96
2023-08-05 12:00:00,578.45,22.37
2023-08-05 13:00:00,558.53,22.35
2023-08-05 14:00:00,535.17,21.46
2023-08-05 15:00:00,435.55,20.19
2023-08-05 16:00:00,276.67,19.22
2023-08-05 17:00:00,134.55,18.28
2023-08-05 18:00:00,26.75,16.86
2023-08-05 19:00:00,0.0,15.91
2023-08-05 20:00:00,0.0,15.57
2023-08-05 21:00:00,0.0,15.3
2023-08-05 22:00:00,0.0,15.2
2023-08-05 23:00:00,0.0,15.14
2023-08-06 00:00:00,0.0,15.06
2023-08-06 01:00:00,0.0,14.9
2023-08-06 02:00:00,0.0,14.68
2023-08-06 03:00:00,0.0,14.69
2023-08-06 04:00:00,0.0,14.59
2023-08-06 05:00:00,9.48,14.1
2023-08-06 06:00:00,79.62,13.81
2023-08-06 07:00:00,172.02,13.86
2023-08-06 08:00:00,273.8,14.5
2023-08-06 09:00:00,349.27,15.18
2023-08-06 10:00:00,344.95,15.83
2023-08-06 11:00:00,384.52,16.62
2023-08-06 12:00:00,547.0,17.78
2023-08-06 13:00:00,644.22,18.67
2023-08-06 14:00:00,510.98,18.69
2023-08-06 15:00:00,316.3,17.91
2023-08-06 16:00:00,187.62,16.87
2023-08-06 17:00:00,94.28,15.59
2023-08-06 18:00:00,15.62,14.23
2023-08-06 19:00:00,0.0,13.27
2023-08-06 20:00:00,0.0,12.95
2023-08-06 21:00:00,0.0,12.81
2023-08-06 22:00:00,0.0,12.66
2023-08-06 23:00:00,0.0,12.49
2023-08-07 00:00:00,0.0,12.34
2023-08-07 01:00:00,0.0,12.16
2023-08-07 02:00:00,0.0,11.95
2023-08-07 03:00:00,0.0,11.7
2023-08-07 04:00:00,0.0,11.47
2023-08-07 05:00:00,9.3,11.61
2023-08-07 06:00:00,86.22,13.0
2023-08-07 07:00:00,190.2,14.34
2023-08-07 08:00:00,319.25,15.64
2023-08-07 09:00:00,495.77,17.33
2023-08-07 10:00:00,612.38,18.87
2023-08-07 11:00:00,692.67,20.08
2023-08-07 12:00:00,681.17,20.79
2023-08-07 13:00:00,716.28,20.9
2023-08-07 14:00:00,711.7,20.58
2023-08-07 15:00:00,576.4,20.2
2023-08-07 16:00:00,396.55,19.33
2023-08-07 17:00:00,213.62,18.23
2023-08-07 18:00:00,44.1,16.26
2023-08-07 19:00:00,0.0,13.94
2023-08-07 20:00:00,0.0,12.91
2023-08-07 21:00:00,0.0,12.12
2023-08-07 22:00:00,0.0,11.42
2023-08-07 23:00:00,0.0,10.88
2023-08-08 00:00:00,0.0,10.44
2023-08-08 01:00:00,0.0,10.2
2023-08-08 02:00:00,0.0,10.16
2023-08-08 03:00:00,0.0,10.23
2023-08-08 04:00:00,0.0,10.37
2023-08-08 05:00:00,11.5,10.95
2023-08-08 06:00:00,84.93,12.94
2023-08-08 07:00:00,202.25,16.03
2023-08-08 08:00:00,340.62,20.01
2023-08-08 09:00:00,511.67,22.0
2023-08-08 10:00:00,664.45,23.26
2023-08-08 11:00:00,743.75,24.15
2023-08-08 12:00:00,689.35,24.67
2023-08-08 13:00:00,773.65,24.83
2023-08-08 14:00:00,746.67,24.72
2023-08-08 15:00:00,562.8,24.28
2023-08-08 16:00:00,357.83,23.25
2023-08-08 17:00:00,184.7,21.75
2023-08-08 18:00:00,34.35,19.24
2023-08-08 19:00:00,0.0,16.76
2023-08-08 20:00:00,0.0,15.6
2023-08-08 21:00:00,0.0,14.75
2023-08-08 22:00:00,0.0,14.41
2023-08-08 23:00:00,0.0,14.14
2023-08-09 00:00:00,0.0,13.91
2023-08-09 01:00:00,0.0,13.79
2023-08-09 02:00:00,0.0,13.63
2023-08-09 03:00:00,0.0,13.25
2023-08-09 04:00:00,0.0,13.01
2023-08-09 05:00:00,6.7,13.06
2023-08-09 06:00:00,52.25,14.46
2023-08-09 07:00:00,128.82,17.21
2023-08-09 08:00:00,120.25,20.44
2023-08-09 09:00:00,409.5,22.5
2023-08-09 10:00:00,496.48,23.72
2023-08-09 11:00:00,429.98,24.55
2023-08-09 12:00:00,317.35,25.06
2023-08-09 13:00:00,335.62,25.3
2023-08-09 14:00:00,416.3,24.47
2023-08-09 15:00:00,309.73,23.48
2023-08-09 16:00:00,198.93,22.46
2023-08-09 17:00:00,98.93,21.21
2023-08-09 18:00:00,19.5,19.37
2023-08-09 19:00:00,0.0,17.81
2023-08-09 20:00:00,0.0,16.96
2023-08-09 21:00:00,0.0,16.12
2023-08-09 22:00:00,0.0,15.47
2023-08-09 23:00:00,0.0,15.45
2023-08-10 00:00:00,0.0,15.27
2023-08-10 01:00:00,0.0,14.8
2023-08-10 02:00:00,0.0,14.23
2023-08-10 03:00:00,0.0,13.45
2023-08-10 04:00:00,0.0,13.01
2023-08-10 05:00:00,9.82,13.31
2023-08-10 06:00:00,84.03,15.58
2023-08-10 07:00:00,192.07,16.97
2023-08-10 08:00:00,327.62,18.57
2023-08-10 09:00:00,490.67,20.5
2023-08-10 10:00:00,689.45,21.72
2023-08-10 11:00:00,715.85,22.52
2023-08-10 12:00:00,676.2,23.15
2023-08-10 13:00:00,613.95,23.29
2023-08-10 14:00:00,486.7,22.6
2023-08-10 15:00:00,367.65,21.32
2023-08-10 16:00:00,229.75,20.15
2023-08-10 17:00:00,118.65,18.83
2023-08-10 18:00:00,19.45,17.53
2023-08-10 19:00:00,0.0,16.89
2023-08-10 20:00:00,0.0,16.77
2023-08-10 21:00:00,0.0,16.61
2023-08-10 22:00:00,0.0,16.35
2023-08-10 23:00:00,0.0,15.88
2023-08-11 00:00:00,0.0,15.16
2023-08-11 01:00:00,0.0,14.54
2023-08-11 02:00:00,0.0,14.45
2023-08-11 03:00:00,0.0,14.35
2023-08-11 04:00:00,0.0,14.24
2023-08-11 05:00:00,3.2,14.34
2023-08-11 06:00:00,21.7,14.62
2023-08-11 07:00:00,44.72,14.22
2023-08-11 08:00:00,68.15,13.81
2023-08-11 09:00:00,129.57,13.73
2023-08-11 10:00:00,148.68,14.03
2023-08-11 11:00:00,203.88,14.92
2023-08-11 12:00:00,223.02,15.7
2023-08-11 13:00:00,222.12,15.91
2023-08-11 14:00:00,279.08,15.7
2023-08-11 15:00:00,245.25,15.16
2023-08-11 16:00:00,174.95,14.36
2023-08-11 17:00:00,92.18,13.45
2023-08-11 18:00:00,17.33,12.35
2023-08-11 19:00:00,0.0,11.23
2023-08-11 20:00:00,0.0,10.38
2023-08-11 21:00:00,0.0,9.43
2023-08-11 22:00:00,0.0,8.84
2023-08-11 23:00:00,0.0,8.41
2023-08-12 00:00:00,0.0,8.03
2023-08-12 01:00:00,0.0,7.64
2023-08-12 02:00:00,0.0,7.19
2023-08-12 03:00:00,0.0,6.75
2023-08-12 04:00:00,0.0,6.32
2023-08-12 05:00:00,15.5,6.3
2023-08-12 06:00:00,163.68,9.9
2023-08-12 07:00:00,374.23,13.4
2023-08-12 08:00:00,587.22,16.82
2023-08-12 09:00:00,767.12,18.72
2023-08-12 10:00:00,899.85,20.07
2023-08-12 11:00:00,957.58,21.02
2023-08-12 12:00:00,949.22,21.65
2023-08-12 13:00:00,885.7,22.0
2023-08-12 14:00:00,801.92,22.01
2023-08-12 15:00:00,637.75,21.65
2023-08-12 16:00:00,438.23,20.93
2023-08-12 17:00:00,226.75,19.65
2023-08-12 18:00:00,40.17,15.85
2023-08-12 19:00:00,0.0,13.14
2023-08-12 20:00:00,0.0,12.13
2023-08-12 21:00:00,0.0,11.34
2023-08-12 22:00:00,0.0,10.51
2023-08-12 23:00:00,0.0,9.59
2023-08-13 00:00:00,0.0,8.79
2023-08-13 01:00:00,0.0,8.16
2023-08-13 02:00:00,0.0,7.67
2023-08-13 03:00:00,0.0,7.26
2023-08-13 04:00:00,0.0,6.94
2023-08-13 05:00:00,16.5,7.12
2023-08-13 06:00:00,173.32,11.56
2023-08-13 07:00:00,395.5,14.72
2023-08-13 08:00:00,606.88,17.83
2023-08-13 09:00:00,784.67,20.5
2023-08-13 10:00:00,914.22,22.41
2023-08-13 11:00:00,997.28,23.48
2023-08-13 12:00:00,1003.55,24.2
2023-08-13 13:00:00,947.67,24.57
2023-08-13 14:00:00,826.75,24.57
2023-08-13 15:00:00,650.25,24.15
2023-08-13 16:00:00,447.73,23.28
2023-08-13 17:00:00,230.65,21.53
2023-08-13 18:00:00,39.35,16.97
2023-08-13 19:00:00,0.0,13.94
2023-08-13 20:00:00,0.0,12.79
2023-08-13 21:00:00,0.0,11.95
2023-08-13 22:00:00,0.0,11.12
2023-08-13 23:00:00,0.0,10.53
2023-08-14 00:00:00,0.0,9.69
2023-08-14 01:00:00,0.0,8.98
2023-08-14 02:00:00,0.0,8.74
2023-08-14 03:00:00,0.0,8.65
2023-08-14 04:00:00,0.0,8.39
2023-08-14 05:00:00,14.62,8.01
2023-08-14 06:00:00,158.1,11.96
2023-08-14 07:00:00,375.58,15.57
2023-08-14 08:00:00,593.8,19.69
2023-08-14 09:00:00,776.67,22.03
2023-08-14 10:00:00,906.1,23.58
2023-08-14 11:00:00,975.33,24.75
2023-08-14 12:00:00,972.3,25.54
2023-08-14 13:00:00,894.12,25.96
2023-08-14 14:00:00,750.25,25.96
2023-08-14 15:00:00,590.05,25.51
2023-08-14 16:00:00,385.12,24.36
2023-08-14 17:00:00,187.4,22.17
2023-08-14 18:00:00,28.95,18.88
2023-08-14 19:00:00,0.0,16.3
2023-08-14 20:00:00,0.0,14.68
2023-08-14 21:00:00,0.0,13.63
2023-08-14 22:00:00,0.0,13.23
2023-08-14 23:00:00,0.0,13.1
2023-08-15 00:00:00,0.0,12.93
2023-08-15 01:00:00,0.0,12.68
2023-08-15 02:00:00,0.0,12.46
2023-08-15 03:00:00,0.0,12.33
2023-08-15 04:00:00,0.0,12.16
2023-08-15 05:00:00,9.2,12.12
2023-08-15 06:00:00,85.47,12.68
2023-08-15 07:00:00,180.8,13.45
2023-08-15 08:00:00,297.38,14.44
2023-08-15 09:00:00,473.42,15.56
2023-08-15 10:00:00,659.5,16.75
2023-08-15 11:00:00,725.85,17.79
2023-08-15 12:00:00,729.65,18.68
2023-08-15 13:00:00,677.85,19.08
2023-08-15 14:00:00,607.97,19.15
2023-08-15 15:00:00,390.98,19.13
2023-08-15 16:00:00,245.1,18.98
2023-08-15 17:00:00,120.82,18.13
2023-08-15 18:00:00,19.38,16.24
2023-08-15 19:00:00,0.0,14.35
2023-08-15 20:00:00,0.0,13.31
2023-08-15 21:00:00,0.0,12.37
2023-08-15 22:00:00,0.0,12.1
2023-08-15 23:00:00,0.0,11.98
2023-08-16 00:00:00,0.0,11.85
2023-08-16 01:00:00,0.0,11.65
2023-08-16 02:00:00,0.0,11.45
2023-08-16 03:00:00,0.0,11.44
2023-08-16 04:00:00,0.0,11.33
2023-08-16 05:00:00,8.68,11.35
2023-08-16 06:00:00,83.12,13.7
2023-08-16 07:00:00,213.52,16.42
2023-08-16 08:00:00,359.98,19.05
2023-08-16 09:00:00,446.38,19.91
2023-08-16 10:00:00,523.0,20.01
2023-08-16 11:00:00,576.17,20.73
2023-08-16 12:00:00,492.55,20.65
2023-08-16 13:00:00,408.05,19.81
2023-08-16 14:00:00,308.25,18.8
2023-08-16 15:00:00,130.82,17.43
2023-08-16 16:00:00,76.53,15.87
2023-08-16 17:00:00,43.0,14.04
2023-08-16 18:00:00,3.67,12.42
2023-08-16 19:00:00,0.0,11.48
2023-08-16 20:00:00,0.0,10.96
2023-08-16 21:00:00,0.0,10.59
2023-08-16 22:00:00,0.0,10.32
2023-08-16 23:00:00,0.0,10.04
2023-08-17 00:00:00,0.0,9.81
2023-08-17 01:00:00,0.0,9.62
2023-08-17 02:00:00,0.0,9.35
2023-08-17 03:00:00,0.0,9.0
2023-08-17 04:00:00,0.0,8.68
2023-08-17 05:00:00,3.95,8.47
2023-08-17 06:00:00,39.5,8.52
2023-08-17 07:00:00,87.88,9.16
2023-08-17 08:00:00,117.72,10.51
2023-08-17 09:00:00,207.38,12.27
2023-08-17 10:00:00,296.83,13.98
2023-08-17 11:00:00,311.27,15.21
2023-08-17 12:00:00,324.45,15.85
2023-08-17 13:00:00,315.2,16.29
2023-08-17 14:00:00,327.33,16.3
2023-08-17 15:00:00,255.75,15.77
2023-08-17 16:00:00,148.5,14.9
2023-08-17 17:00:00,67.65,13.8
2023-08-17 18:00:00,6.72,12.24
2023-08-17 19:00:00,0.0,10.86
2023-08-17 20:00:00,0.0,10.57
2023-08-17 21:00:00,0.0,9.64
2023-08-17 22:00:00,0.0,8.7
2023-08-17 23:00:00,0.0,8.31
2023-08-18 00:00:00,0.0,8.03
2023-08-18 01:00:00,0.0,7.88
2023-08-18 02:00:00,0.0,7.78
2023-08-18 03:00:00,0.0,7.65
2023-08-18 04:00:00,0.0,7.43
2023-08-18 05:00:00,8.52,7.58
2023-08-18 06:00:00,116.78,9.74
2023-08-18 07:00:00,287.7,12.64
2023-08-18 08:00:00,481.05,14.75
2023-08-18 09:00:00,656.35,16.21
2023-08-18 10:00:00,773.95,17.58
2023-08-18 11:00:00,855.62,18.71
2023-08-18 12:00:00,886.25,18.96
2023-08-18 13:00:00,866.85,18.96
2023-08-18 14:00:00,777.03,18.82
2023-08-18 15:00:00,602.78,18.38
2023-08-18 16:00:00,397.77,17.78
2023-08-18 17:00:00,188.02,16.7
2023-08-18 18:00:00,24.38,14.14
2023-08-18 19:00:00,0.0,12.04
2023-08-18 20:00:00,0.0,11.06
2023-08-18 21:00:00,0.0,11.28
2023-08-18 22:00:00,0.0,11.99
2023-08-18 23:00:00,0.0,11.58
2023-08-19 00:00:00,0.0,10.45
2023-08-19 01:00:00,0.0,9.82
2023-08-19 02:00:00,0.0,9.25
2023-08-19 03:00:00,0.0,9.18
2023-08-19 04:00:00,0.0,9.32
2023-08-19 05:00:00,5.9,9.43
2023-08-19 06:00:00,67.97,10.92
2023-08-19 07:00:00,149.15,12.21
2023-08-19 08:00:00,248.3,12.94
2023-08-19 09:00:00,346.52,13.5
2023-08-19 10:00:00,493.98,14.01
2023-08-19 11:00:00,526.9,14.68
2023-08-19 12:00:00,555.47,15.13
2023-08-19 13:00:00,324.02,14.98
2023-08-19 14:00:00,311.35,14.48
2023-08-19 15:00:00,190.88,14.4
2023-08-19 16:00:00,131.85,14.19
2023-08-19 17:00:00,63.45,13.23
2023-08-19 18:00:00,6.18,11.81
2023-08-19 19:00:00,0.0,10.97
2023-08-19 20:00:00,0.0,10.69
2023-08-19 21:00:00,0.0,10.49
2023-08-19 22:00:00,0.0,10.36
2023-08-19 23:00:00,0.0,10.23
2023-08-20 00:00:00,0.0,10.22
2023-08-20 01:00:00,0.0,10.11
2023-08-20 02:00:00,0.0,9.75
2023-08-20 03:00:00,0.0,9.36
2023-08-20 04:00:00,0.0,9.09
2023-08-20 05:00:00,8.35,8.9
2023-08-20 06:00:00,111.85,10.88
2023-08-20 07:00:00,296.92,13.16
2023-08-20 08:00:00,512.72,15.41
2023-08-20 09:00:00,700.55,17.45
2023-08-20 10:00:00,842.58,18.9
2023-08-20 11:00:00,937.55,20.0
2023-08-20 12:00:00,952.22,20.63
2023-08-20 13:00:00,882.55,21.0
2023-08-20 14:00:00,756.72,21.22
2023-08-20 15:00:00,600.6,20.87
2023-08-20 16:00:00,393.0,20.19
2023-08-20 17:00:00,181.7,18.7
2023-08-20 18:00:00,20.88,15.16
2023-08-20 19:00:00,0.0,13.32
2023-08-20 20:00:00,0.0,12.75
2023-08-20 21:00:00,0.0,12.32
2023-08-20 22:00:00,0.0,11.71
2023-08-20 23:00:00,0.0,10.92
2023-08-21 00:00:00,0.0,10.19
2023-08-21 01:00:00,0.0,9.65
2023-08-21 02:00:00,0.0,8.59
2023-08-21 03:00:00,0.0,7.65
2023-08-21 04:00:00,0.0,7.16
2023-08-21 05:00:00,7.03,6.99
2023-08-21 06:00:00,117.3,10.4
2023-08-21 07:00:00,308.38,13.59
2023-08-21 08:00:00,525.12,15.44
2023-08-21 09:00:00,686.45,16.98
2023-08-21 10:00:00,818.67,18.23
2023-08-21 11:00:00,874.12,19.58
2023-08-21 12:00:00,865.28,20.33
2023-08-21 13:00:00,776.25,20.48
2023-08-21 14:00:00,697.95,20.17
2023-08-21 15:00:00,560.33,19.66
2023-08-21 16:00:00,356.9,18.87
2023-08-21 17:00:00,166.15,17.62
2023-08-21 18:00:00,18.88,14.93
2023-08-21 19:00:00,0.0,13.29
2023-08-21 20:00:00,0.0,12.53
2023-08-21 21:00:00,0.0,11.81
2023-08-21 22:00:00,0.0,10.9
2023-08-21 23:00:00,0.0,10.17
2023-08-22 00:00:00,0.0,9.5
2023-08-22 01:00:00,0.0,8.99
2023-08-22 02:00:00,0.0,8.88
2023-08-22 03:00:00,0.0,8.89
2023-08-22 04:00:00,0.0,8.74
2023-08-22 05:00:00,7.28,8.46
2023-08-22 06:00:00,118.97,9.28
2023-08-22 07:00:00,309.35,10.84
2023-08-22 08:00:00,541.62,13.74
2023-08-22 09:00:00,724.42,16.88
2023-08-22 10:00:00,863.2,18.89
2023-08-22 11:00:00,953.33,19.83
2023-08-22 12:00:00,867.58,20.19
2023-08-22 13:00:00,777.97,20.23
2023-08-22 14:00:00,570.6,19.76
2023-08-22 15:00:00,379.3,18.85
2023-08-22 16:00:00,227.07,17.49
2023-08-22 17:00:00,106.35,15.93
2023-08-22 18:00:00,11.8,13.33
2023-08-22 19:00:00,0.0,11.25
2023-08-22 20:00:00,0.0,10.53
2023-08-22 21:00:00,0.0,10.25
2023-08-22 22:00:00,0.0,9.84
2023-08-22 23:00:00,0.0,9.17
2023-08-23 00:00:00,0.0,8.32
2023-08-23 01:00:00,0.0,7.61
2023-08-23 02:00:00,0.0,6.96
2023-08-23 03:00:00,0.0,6.62
2023-08-23 04:00:00,0.0,6.49
2023-08-23 05:00:00,6.38,6.45
2023-08-23 06:00:00,100.88,7.58
2023-08-23 07:00:00,250.57,10.15
2023-08-23 08:00:00,439.83,13.11
2023-08-23 09:00:00,642.05,15.25
2023-08-23 10:00:00,767.17,16.55
2023-08-23 11:00:00,771.35,17.77
2023-08-23 12:00:00,818.55,18.61
2023-08-23 13:00:00,756.33,18.98
2023-08-23 14:00:00,707.85,18.91
2023-08-23 15:00:00,496.15,18.47
2023-08-23 16:00:00,326.2,17.67
2023-08-23 17:00:00,154.9,16.38
2023-08-23 18:00:00,16.9,12.62
2023-08-23 19:00:00,0.0,10.67
2023-08-23 20:00:00,0.0,9.63
2023-08-23 21:00:00,0.0,8.68
2023-08-23 22:00:00,0.0,7.95
2023-08-23 23:00:00,0.0,7.26
2023-08-24 00:00:00,0.0,6.63
2023-08-24 01:00:00,0.0,6.07
2023-08-24 02:00:00,0.0,5.62
2023-08-24 03:00:00,0.0,5.23
2023-08-24 04:00:00,0.0,4.85
2023-08-24 05:00:00,8.57,4.71
2023-08-24 06:00:00,141.62,8.33
2023-08-24 07:00:00,349.55,12.21
2023-08-24 08:00:00,557.42,15.61
2023-08-24 09:00:00,733.0,17.86
2023-08-24 10:00:00,859.55,19.54
2023-08-24 11:00:00,939.7,20.53
2023-08-24 12:00:00,942.22,21.03
2023-08-24 13:00:00,842.05,20.89
2023-08-24 14:00:00,756.72,20.32
2023-08-24 15:00:00,587.85,19.3
2023-08-24 16:00:00,370.83,18.17
2023-08-24 17:00:00,154.45,16.51
2023-08-24 18:00:00,13.68,13.89
2023-08-24 19:00:00,0.0,11.67
2023-08-24 20:00:00,0.0,10.82
2023-08-24 21:00:00,0.0,10.35
2023-08-24 22:00:00,0.0,10.26
2023-08-24 23:00:00,0.0,10.37
2023-08-25 00:00:00,0.0,10.26
2023-08-25 01:00:00,0.0,9.9
2023-08-25 02:00:00,0.0,9.71
2023-08-25 03:00:00,0.0,9.66
2023-08-25 04:00:00,0.0,9.45
2023-08-25 05:00:00,2.1,9.47
2023-08-25 06:00:00,21.3,10.48
2023-08-25 07:00:00,46.42,11.72
2023-08-25 08:00:00,72.53,13.2
2023-08-25 09:00:00,125.45,14.47
2023-08-25 10:00:00,140.02,15.1
2023-08-25 11:00:00,227.2,14.97
2023-08-25 12:00:00,192.73,14.36
2023-08-25 13:00:00,176.57,13.89
2023-08-25 14:00:00,187.77,14.11
2023-08-25 15:00:00,192.88,14.32
2023-08-25 16:00:00,112.85,14.02
2023-08-25 17:00:00,49.1,12.95
2023-08-25 18:00:00,5.3,11.32
2023-08-25 19:00:00,0.0,10.41
2023-08-25 20:00:00,0.0,9.93
2023-08-25 21:00:00,0.0,9.51
2023-08-25 22:00:00,0.0,9.19
2023-08-25 23:00:00,0.0,8.85
2023-08-26 00:00:00,0.0,8.44
2023-08-26 01:00:00,0.0,8.08
2023-08-26 02:00:00,0.0,7.74
2023-08-26 03:00:00,0.0,7.32
2023-08-26 04:00:00,0.0,7.01
2023-08-26 05:00:00,4.93,6.74
2023-08-26 06:00:00,64.65,7.13
2023-08-26 07:00:00,168.25,8.09
2023-08-26 08:00:00,288.02,9.18
2023-08-26 09:00:00,447.98,10.05
2023-08-26 10:00:00,561.85,10.36
2023-08-26 11:00:00,593.15,11.56
2023-08-26 12:00:00,645.22,13.7
2023-08-26 13:00:00,562.25,14.85
2023-08-26 14:00:00,516.45,15.05
2023-08-26 15:00:00,393.4,14.59
2023-08-26 16:00:00,249.62,13.86
2023-08-26 17:00:00,114.57,12.63
2023-08-26 18:00:00,11.05,10.24
2023-08-26 19:00:00,0.0,8.68
2023-08-26 20:00:00,0.0,8.32
2023-08-26 21:00:00,0.0,7.56
2023-08-26 22:00:00,0.0,6.6
2023-08-26 23:00:00,0.0,5.43
2023-08-27 00:00:00,0.0,4.64
2023-08-27 01:00:00,0.0,4.06
2023-08-27 02:00:00,0.0,3.5
2023-08-27 03:00:00,0.0,3.09
2023-08-27 04:00:00,0.0,2.76
2023-08-27 05:00:00,6.47,2.69
2023-08-27 06:00:00,117.3,6.31
2023-08-27 07:00:00,318.3,10.22
2023-08-27 08:00:00,540.05,13.0
2023-08-27 09:00:00,724.88,15.04
2023-08-27 10:00:00,860.22,16.47
2023-08-27 11:00:00,884.28,17.3
2023-08-27 12:00:00,796.58,17.78
2023-08-27 13:00:00,742.22,18.03
2023-08-27 14:00:00,677.58,17.88
2023-08-27 15:00:00,487.1,17.25
2023-08-27 16:00:00,321.35,16.25
2023-08-27 17:00:00,142.77,14.76
2023-08-27 18:00:00,11.75,12.36
2023-08-27 19:00:00,0.0,11.21
2023-08-27 20:00:00,0.0,10.64
2023-08-27 21:00:00,0.0,9.88
2023-08-27 22:00:00,0.0,8.8
2023-08-27 23:00:00,0.0,7.8
2023-08-28 00:00:00,0.0,7.08
2023-08-28 01:00:00,0.0,6.57
2023-08-28 02:00:00,0.0,6.07
2023-08-28 03:00:00,0.0,5.69
2023-08-28 04:00:00,0.0,5.28
2023-08-28 05:00:00,6.55,4.78
2023-08-28 06:00:00,127.82,7.18
2023-08-28 07:00:00,324.38,11.03
2023-08-28 08:00:00,543.78,14.05
2023-08-28 09:00:00,727.83,16.14
2023-08-28 10:00:00,854.35,17.73
2023-08-28 11:00:00,957.15,18.78
2023-08-28 12:00:00,941.95,19.45
2023-08-28 13:00:00,890.8,19.66
2023-08-28 14:00:00,760.33,19.61
2023-08-28 15:00:00,591.47,19.0
2023-08-28 16:00:00,387.27,17.91
2023-08-28 17:00:00,168.38,16.2
2023-08-28 18:00:00,12.57,12.4
2023-08-28 19:00:00,0.0,10.03
2023-08-28 20:00:00,0.0,9.07
2023-08-28 21:00:00,0.0,8.32
2023-08-28 22:00:00,0.0,7.64
2023-08-28 23:00:00,0.0,6.51
2023-08-29 00:00:00,0.0,5.8
2023-08-29 01:00:00,0.0,5.29
2023-08-29 02:00:00,0.0,4.86
2023-08-29 03:00:00,0.0,4.49
2023-08-29 04:00:00,0.0,4.17
2023-08-29 05:00:00,6.43,4.07
2023-08-29 06:00:00,135.98,7.31
2023-08-29 07:00:00,353.92,11.0
2023-08-29 08:00:00,569.03,14.08
2023-08-29 09:00:00,750.92,16.22
2023-08-29 10:00:00,871.17,17.6
2023-08-29 11:00:00,948.03,18.74
2023-08-29 12:00:00,920.33,19.36
2023-08-29 13:00:00,885.9,19.6
2023-08-29 14:00:00,693.12,19.47
2023-08-29 15:00:00,565.03,18.95
2023-08-29 16:00:00,370.5,17.91
2023-08-29 17:00:00,160.88,16.23
2023-08-29 18:00:00,11.48,12.81
2023-08-29 19:00:00,0.0,10.28
2023-08-29 20:00:00,0.0,9.05
2023-08-29 21:00:00,0.0,8.12
2023-08-29 22:00:00,0.0,7.25
2023-08-29 23:00:00,0.0,6.54
2023-08-30 00:00:00,0.0,6.17
2023-08-30 01:00:00,0.0,5.89
2023-08-30 02:00:00,0.0,5.6
2023-08-30 03:00:00,0.0,5.25
2023-08-30 04:00:00,0.0,4.84
2023-08-30 05:00:00,7.03,4.44
2023-08-30 06:00:00,149.68,7.21
2023-08-30 07:00:00,375.67,10.7
2023-08-30 08:00:00,593.38,13.84
2023-08-30 09:00:00,775.12,16.34
2023-08-30 10:00:00,905.7,18.43
2023-08-30 11:00:00,975.62,20.19
2023-08-30 12:00:00,978.58,21.49
2023-08-30 13:00:00,917.0,22.23
2023-08-30 14:00:00,773.35,22.34
2023-08-30 15:00:00,586.1,21.81
2023-08-30 16:00:00,370.17,20.6
2023-08-30 17:00:00,151.77,18.28
2023-08-30 18:00:00,9.77,13.73
2023-08-30 19:00:00,0.0,11.57
2023-08-30 20:00:00,0.0,10.7
2023-08-30 21:00:00,0.0,9.85
2023-08-30 22:00:00,0.0,8.96
2023-08-30 23:00:00,0.0,7.99
2023-08-31 00:00:00,0.0,7.24
2023-08-31 01:00:00,0.0,6.75
2023-08-31 02:00:00,0.0,6.35
2023-08-31 03:00:00,0.0,6.02
2023-08-31 04:00:00,0.0,5.68
2023-08-31 05:00:00,5.75,5.44
2023-08-31 06:00:00,126.2,8.96
2023-08-31 07:00:00,343.85,12.93
2023-08-31 08:00:00,559.17,16.0
2023-08-31 09:00:00,688.65,17.21
2023-08-31 10:00:00,752.55,18.57
2023-08-31 11:00:00,702.72,19.95
2023-08-31 12:00:00,596.45,20.6
2023-08-31 13:00:00,480.35,20.77
2023-08-31 14:00:00,346.25,20.23
2023-08-31 15:00:00,302.17,18.74
2023-08-31 16:00:00,145.35,16.84
2023-08-31 17:00:00,61.7,15.02
2023-08-31 18:00:00,4.18,12.67
2023-08-31 19:00:00,0.0,11.55
2023-08-31 20:00:00,0.0,10.95
2023-08-31 21:00:00,0.0,10.37
2023-08-31 22:00:00,0.0,9.69
2023-08-31 23:00:00,0.0,8.65
2023-09-01 00:00:00,0.0,8.07
2023-09-01 01:00:00,0.0,7.7
2023-09-01 02:00:00,0.0,7.09
2023-09-01 03:00:00,0.0,6.86
2023-09-01 04:00:00,0.0,6.77
2023-09-01 05:00:00,2.35,6.69
2023-09-01 06:00:00,50.85,7.29
2023-09-01 07:00:00,188.48,8.7
2023-09-01 08:00:00,327.75,11.2
2023-09-01 09:00:00,618.75,13.84
2023-09-01 10:00:00,741.35,15.97
2023-09-01 11:00:00,703.65,17.48
2023-09-01 12:00:00,729.17,18.47
2023-09-01 13:00:00,682.88,18.94
2023-09-01 14:00:00,596.72,19.03
2023-09-01 15:00:00,457.12,18.64
2023-09-01 16:00:00,280.9,17.95
2023-09-01 17:00:00,116.53,16.59
2023-09-01 18:00:00,7.18,13.11
2023-09-01 19:00:00,0.0,12.15
2023-09-01 20:00:00,0.0,11.62
2023-09-01 21:00:00,0.0,10.97
2023-09-01 22:00:00,0.0,10.07
2023-09-01 23:00:00,0.0,8.64
2023-09-02 00:00:00,0.0,7.32
2023-09-02 01:00:00,0.0,6.39
2023-09-02 02:00:00,0.0,5.73
2023-09-02 03:00:00,0.0,5.26
2023-09-02 04:00:00,0.0,4.89
2023-09-02 05:00:00,4.93,4.63
2023-09-02 06:00:00,125.03,7.88
2023-09-02 07:00:00,340.48,11.79
2023-09-02 08:00:00,555.58,16.62
2023-09-02 09:00:00,737.2,19.18
2023-09-02 10:00:00,868.67,20.79
2023-09-02 11:00:00,922.5,21.88
2023-09-02 12:00:00,856.12,22.59
2023-09-02 13:00:00,801.28,22.94
2023-09-02 14:00:00,670.97,22.86
2023-09-02 15:00:00,502.25,22.3
2023-09-02 16:00:00,301.15,21.26
2023-09-02 17:00:00,116.38,19.07
2023-09-02 18:00:00,6.1,14.36
2023-09-02 19:00:00,0.0,12.77
2023-09-02 20:00:00,0.0,12.29
2023-09-02 21:00:00,0.0,11.86
2023-09-02 22:00:00,0.0,10.92
2023-09-02 23:00:00,0.0,9.72
2023-09-03 00:00:00,0.0,8.66
2023-09-03 01:00:00,0.0,7.86
2023-09-03 02:00:00,0.0,7.25
2023-09-03 03:00:00,0.0,6.74
2023-09-03 04:00:00,0.0,6.39
2023-09-03 05:00:00,4.28,6.01
2023-09-03 06:00:00,114.55,8.64
2023-09-03 07:00:00,320.3,12.76
2023-09-03 08:00:00,532.3,17.12
2023-09-03 09:00:00,710.5,19.82
2023-09-03 10:00:00,834.15,21.63
2023-09-03 11:00:00,915.95,22.86
2023-09-03 12:00:00,881.78,23.59
2023-09-03 13:00:00,702.42,23.86
2023-09-03 14:00:00,454.08,23.7
2023-09-03 15:00:00,282.67,22.99
2023-09-03 16:00:00,194.23,21.83
2023-09-03 17:00:00,84.5,19.71
2023-09-03 18:00:00,4.88,15.04
2023-09-03 19:00:00,0.0,12.86
2023-09-03 20:00:00,0.0,11.55
2023-09-03 21:00:00,0.0,10.47
2023-09-03 22:00:00,0.0,9.63
2023-09-03 23:00:00,0.0,8.97
2023-09-04 00:00:00,0.0,8.38
2023-09-04 01:00:00,0.0,7.86
2023-09-04 02:00:00,0.0,7.41
2023-09-04 03:00:00,0.0,7.01
2023-09-04 04:00:00,0.0,6.62
2023-09-04 05:00:00,4.03,6.32
2023-09-04 06:00:00,113.65,9.28
2023-09-04 07:00:00,320.05,13.18
2023-09-04 08:00:00,534.42,18.26
2023-09-04 09:00:00,715.08,21.25
2023-09-04 10:00:00,844.92,23.01
2023-09-04 11:00:00,929.12,24.25
2023-09-04 12:00:00,927.75,25.12
2023-09-04 13:00:00,858.47,25.52
2023-09-04 14:00:00,728.38,25.37
2023-09-04 15:00:00,547.97,24.5
2023-09-04 16:00:00,334.23,22.95
2023-09-04 17:00:00,121.28,20.41
2023-09-04 18:00:00,4.9,16.88
2023-09-04 19:00:00,0.0,15.0
2023-09-04 20:00:00,0.0,13.85
2023-09-04 21:00:00,0.0,13.01
2023-09-04 22:00:00,0.0,12.36
2023-09-04 23:00:00,0.0,11.82
2023-09-05 00:00:00,0.0,11.6
2023-09-05 01:00:00,0.0,11.19
2023-09-05 02:00:00,0.0,11.04
2023-09-05 03:00:00,0.0,10.88
2023-09-05 04:00:00,0.0,10.71
2023-09-05 05:00:00,1.95,10.69
2023-09-05 06:00:00,49.12,11.63
2023-09-05 07:00:00,137.73,13.77
2023-09-05 08:00:00,249.35,17.25
2023-09-05 09:00:00,340.73,21.31
2023-09-05 10:00:00,428.15,23.93
2023-09-05 11:00:00,553.42,25.42
2023-09-05 12:00:00,657.5,25.92
2023-09-05 13:00:00,687.92,25.71
2023-09-05 14:00:00,576.15,24.97
2023-09-05 15:00:00,389.67,23.7
2023-09-05 16:00:00,212.07,22.22
2023-09-05 17:00:00,73.2,20.28
2023-09-05 18:00:00,3.05,17.09
2023-09-05 19:00:00,0.0,14.79
2023-09-05 20:00:00,0.0,13.61
2023-09-05 21:00:00,0.0,12.94
2023-09-05 22:00:00,0.0,12.38
2023-09-05 23:00:00,0.0,11.69
2023-09-06 00:00:00,0.0,11.15
2023-09-06 01:00:00,0.0,10.93
2023-09-06 02:00:00,0.0,10.84
2023-09-06 03:00:00,0.0,10.71
2023-09-06 04:00:00,0.0,10.58
2023-09-06 05:00:00,0.0,10.4
2023-09-06 06:00:00,58.28,12.13
2023-09-06 07:00:00,159.32,14.92
2023-09-06 08:00:00,309.83,17.99
2023-09-06 09:00:00,504.58,20.49
2023-09-06 10:00:00,604.6,22.06
2023-09-06 11:00:00,725.7,23.33
2023-09-06 12:00:00,781.65,24.07
2023-09-06 13:00:00,737.45,24.01
2023-09-06 14:00:00,644.92,23.28
2023-09-06 15:00:00,464.77,22.27
2023-09-06 16:00:00,264.67,20.81
2023-09-06 17:00:00,88.88,18.62
2023-09-06 18:00:00,3.03,16.07
2023-09-06 19:00:00,0.0,14.61
2023-09-06 20:00:00,0.0,13.63
2023-09-06 21:00:00,0.0,13.01
2023-09-06 22:00:00,0.0,12.78
2023-09-06 23:00:00,0.0,12.72
2023-09-07 00:00:00,0.0,12.5
2023-09-07 01:00:00,0.0,12.14
2023-09-07 02:00:00,0.0,11.94
2023-09-07 03:00:00,0.0,11.68
2023-09-07 04:00:00,0.0,11.53
2023-09-07 05:00:00,0.0,11.28
2023-09-07 06:00:00,14.07,11.23
2023-09-07 07:00:00,28.05,11.33
2023-09-07 08:00:00,41.75,11.77
2023-09-07 09:00:00,91.95,12.64
2023-09-07 10:00:00,144.73,13.63
2023-09-07 11:00:00,217.75,14.43
2023-09-07 12:00:00,243.57,14.9
2023-09-07 13:00:00,269.77,15.02
2023-09-07 14:00:00,220.7,14.78
2023-09-07 15:00:00,177.07,14.23
2023-09-07 16:00:00,93.97,13.35
2023-09-07 17:00:00,30.95,12.2
2023-09-07 18:00:00,0.0,11.05
2023-09-07 19:00:00,0.0,10.52
2023-09-07 20:00:00,0.0,10.37
2023-09-07 21:00:00,0.0,10.27
2023-09-07 22:00:00,0.0,10.1
2023-09-07 23:00:00,0.0,9.99
2023-09-08 00:00:00,0.0,10.05
2023-09-08 01:00:00,0.0,10.12
2023-09-08 02:00:00,0.0,10.06
2023-09-08 03:00:00,0.0,9.75
2023-09-08 04:00:00,0.0,9.47
2023-09-08 05:00:00,0.0,9.25
2023-09-08 06:00:00,22.05,10.66
2023-09-08 07:00:00,55.67,12.62
2023-09-08 08:00:00,86.75,15.37
2023-09-08 09:00:00,117.03,18.24
2023-09-08 10:00:00,175.82,20.24
2023-09-08 11:00:00,188.02,20.12
2023-09-08 12:00:00,158.02,17.98
2023-09-08 13:00:00,138.02,15.61
2023-09-08 14:00:00,141.48,14.22
2023-09-08 15:00:00,136.57,13.82
2023-09-08 16:00:00,81.62,13.58
2023-09-08 17:00:00,34.33,12.88
2023-09-08 18:00:00,0.0,11.95
2023-09-08 19:00:00,0.0,11.56
2023-09-08 20:00:00,0.0,11.25
2023-09-08 21:00:00,0.0,10.95
2023-09-08 22:00:00,0.0,10.66
2023-09-08 23:00:00,0.0,10.12
2023-09-09 00:00:00,0.0,9.77
2023-09-09 01:00:00,0.0,9.46
2023-09-09 02:00:00,0.0,9.2
2023-09-09 03:00:00,0.0,8.57
2023-09-09 04:00:00,0.0,8.05
2023-09-09 05:00:00,0.0,7.35
2023-09-09 06:00:00,62.53,9.13
2023-09-09 07:00:00,189.62,11.8
2023-09-09 08:00:00,331.0,15.28
2023-09-09 09:00:00,496.25,18.58
2023-09-09 10:00:00,656.78,20.45
2023-09-09 11:00:00,848.75,21.58
2023-09-09 12:00:00,894.83,22.07
2023-09-09 13:00:00,820.97,22.13
2023-09-09 14:00:00,704.72,21.72
2023-09-09 15:00:00,525.15,20.75
2023-09-09 16:00:00,316.1,19.56
2023-09-09 17:00:00,110.38,18.08
2023-09-09 18:00:00,0.0,14.66
2023-09-09 19:00:00,0.0,12.46
2023-09-09 20:00:00,0.0,11.33
2023-09-09 21:00:00,0.0,10.65
2023-09-09 22:00:00,0.0,10.01
2023-09-09 23:00:00,0.0,9.36
2023-09-10 00:00:00,0.0,9.08
2023-09-10 01:00:00,0.0,8.65
2023-09-10 02:00:00,0.0,8.47
2023-09-10 03:00:00,0.0,8.31
2023-09-10 04:00:00,0.0,7.65
2023-09-10 05:00:00,0.0,8.18
2023-09-10 06:00:00,78.62,9.52
2023-09-10 07:00:00,199.35,11.54
2023-09-10 08:00:00,319.08,13.92
2023-09-10 09:00:00,592.67,15.76
2023-09-10 10:00:00,734.08,17.35
2023-09-10 11:00:00,659.03,18.43
2023-09-10 12:00:00,721.9,17.66
2023-09-10 13:00:00,529.03,16.76
2023-09-10 14:00:00,448.88,16.16
2023-09-10 15:00:00,258.42,14.24
2023-09-10 16:00:00,142.0,12.47
2023-09-10 17:00:00,47.9,11.69
2023-09-10 18:00:00,0.0,10.0
2023-09-10 19:00:00,0.0,8.86
2023-09-10 20:00:00,0.0,8.63
2023-09-10 21:00:00,0.0,8.95
2023-09-10 22:00:00,0.0,8.87
2023-09-10 23:00:00,0.0,8.29
2023-09-11 00:00:00,0.0,7.81
2023-09-11 01:00:00,0.0,7.51
2023-09-11 02:00:00,0.0,7.13
2023-09-11 03:00:00,0.0,6.9
2023-09-11 04:00:00,0.0,6.52
2023-09-11 05:00:00,0.0,6.22
2023-09-11 06:00:00,43.8,6.54
2023-09-11 07:00:00,124.88,7.53
2023-09-11 08:00:00,230.15,8.95
2023-09-11 09:00:00,327.6,11.08
2023-09-11 10:00:00,457.35,13.41
2023-09-11 11:00:00,530.2,15.03
2023-09-11 12:00:00,514.4,15.59
2023-09-11 13:00:00,364.73,15.88
2023-09-11 14:00:00,279.55,15.7
2023-09-11 15:00:00,215.93,14.83
2023-09-11 16:00:00,123.75,13.66
2023-09-11 17:00:00,38.4,12.42
2023-09-11 18:00:00,0.0,10.77
2023-09-11 19:00:00,0.0,10.14
2023-09-11 20:00:00,0.0,9.86
2023-09-11 21:00:00,0.0,9.33
2023-09-11 22:00:00,0.0,8.96
2023-09-11 23:00:00,0.0,8.56
2023-09-12 00:00:00,0.0,8.2
2023-09-12 01:00:00,0.0,7.89
2023-09-12 02:00:00,0.0,7.5
2023-09-12 03:00:00,0.0,7.02
2023-09-12 04:00:00,0.0,6.57
2023-09-12 05:00:00,0.0,6.08
2023-09-12 06:00:00,100.97,7.47
2023-09-12 07:00:00,303.92,10.78
2023-09-12 08:00:00,519.17,13.57
2023-09-12 09:00:00,705.58,15.93
2023-09-12 10:00:00,825.47,17.8
2023-09-12 11:00:00,875.17,19.04
2023-09-12 12:00:00,814.17,19.79
2023-09-12 13:00:00,773.28,20.09
2023-09-12 14:00:00,652.6,19.92
2023-09-12 15:00:00,445.12,19.3
2023-09-12 16:00:00,241.77,18.16
2023-09-12 17:00:00,72.05,15.97
2023-09-12 18:00:00,0.0,11.82
2023-09-12 19:00:00,0.0,10.35
2023-09-12 20:00:00,0.0,9.45
2023-09-12 21:00:00,0.0,8.79
2023-09-12 22:00:00,0.0,8.1
2023-09-12 23:00:00,0.0,7.34
2023-09-13 00:00:00,0.0,6.67
2023-09-13 01:00:00,0.0,6.09
2023-09-13 02:00:00,0.0,5.55
2023-09-13 03:00:00,0.0,5.02
2023-09-13 04:00:00,0.0,4.5
2023-09-13 05:00:00,0.0,4.06
2023-09-13 06:00:00,105.4,6.35
2023-09-13 07:00:00,312.8,10.33
2023-09-13 08:00:00,526.1,14.6
2023-09-13 09:00:00,705.7,17.19
2023-09-13 10:00:00,833.45,18.98
2023-09-13 11:00:00,910.75,20.19
2023-09-13 12:00:00,896.38,20.83
2023-09-13 13:00:00,827.83,21.27
2023-09-13 14:00:00,695.7,21.15
2023-09-13 15:00:00,514.17,20.63
2023-09-13 16:00:00,303.02,19.69
2023-09-13 17:00:00,93.3,17.48
2023-09-13 18:00:00,0.0,12.78
2023-09-13 19:00:00,0.0,11.05
2023-09-13 20:00:00,0.0,9.93
2023-09-13 21:00:00,0.0,8.87
2023-09-13 22:00:00,0.0,7.88
2023-09-13 23:00:00,0.0,7.14
2023-09-14 00:00:00,0.0,6.56
2023-09-14 01:00:00,0.0,6.11
2023-09-14 02:00:00,0.0,5.75
2023-09-14 03:00:00,0.0,5.46
2023-09-14 04:00:00,0.0,5.12
2023-09-14 05:00:00,0.0,4.74
2023-09-14 06:00:00,77.47,6.95
2023-09-14 07:00:00,234.23,11.23
2023-09-14 08:00:00,415.23,15.9
2023-09-14 09:00:00,646.58,19.27
2023-09-14 10:00:00,796.75,21.03
2023-09-14 11:00:00,896.6,22.14
2023-09-14 12:00:00,873.22,22.79
2023-09-14 13:00:00,788.1,22.96
2023-09-14 14:00:00,630.45,22.62
2023-09-14 15:00:00,274.23,21.81
2023-09-14 16:00:00,140.35,20.32
2023-09-14 17:00:00,35.58,17.52
2023-09-14 18:00:00,0.0,12.77
2023-09-14 19:00:00,0.0,11.36
2023-09-14 20:00:00,0.0,10.69
2023-09-14 21:00:00,0.0,10.22
2023-09-14 22:00:00,0.0,9.23
2023-09-14 23:00:00,0.0,8.56
2023-09-15 00:00:00,0.0,7.88
2023-09-15 01:00:00,0.0,7.36
2023-09-15 02:00:00,0.0,6.78
2023-09-15 03:00:00,0.0,6.29
2023-09-15 04:00:00,0.0,5.79
2023-09-15 05:00:00,0.0,5.18
2023-09-15 06:00:00,72.85,7.04
2023-09-15 07:00:00,231.38,11.44
2023-09-15 08:00:00,435.08,15.29
2023-09-15 09:00:00,643.75,18.14
2023-09-15 10:00:00,759.6,20.32
2023-09-15 11:00:00,829.78,21.49
2023-09-15 12:00:00,851.67,22.0
2023-09-15 13:00:00,744.6,21.93
2023-09-15 14:00:00,598.45,21.48
2023-09-15 15:00:00,391.55,20.66
2023-09-15 16:00:00,206.98,19.71
2023-09-15 17:00:00,56.35,17.82
2023-09-15 18:00:00,0.0,13.44
2023-09-15 19:00:00,0.0,11.44
2023-09-15 20:00:00,0.0,10.38
2023-09-15 21:00:00,0.0,9.69
2023-09-15 22:00:00,0.0,8.88
2023-09-15 23:00:00,0.0,7.94
2023-09-16 00:00:00,0.0,7.19
2023-09-16 01:00:00,0.0,6.57
2023-09-16 02:00:00,0.0,6.04
2023-09-16 03:00:00,0.0,5.53
2023-09-16 04:00:00,0.0,4.99
2023-09-16 05:00:00,0.0,4.49
2023-09-16 06:00:00,85.68,6.35
2023-09-16 07:00:00,283.08,9.99
2023-09-16 08:00:00,498.48,15.36
2023-09-16 09:00:00,668.42,18.71
2023-09-16 10:00:00,800.78,20.77
2023-09-16 11:00:00,884.6,22.36
2023-09-16 12:00:00,882.1,23.39
2023-09-16 13:00:00,801.83,23.9
2023-09-16 14:00:00,590.15,23.89
2023-09-16 15:00:00,458.9,23.35
2023-09-16 16:00:00,257.58,22.16
2023-09-16 17:00:00,69.65,19.0
2023-09-16 18:00:00,0.0,14.39
2023-09-16 19:00:00,0.0,12.87
2023-09-16 20:00:00,0.0,11.83
2023-09-16 21:00:00,0.0,11.37
2023-09-16 22:00:00,0.0,11.57
2023-09-16 23:00:00,0.0,11.46
2023-09-17 00:00:00,0.0,11.4
2023-09-17 01:00:00,0.0,11.1
2023-09-17 02:00:00,0.0,10.56
2023-09-17 03:00:00,0.0,10.53
2023-09-17 04:00:00,0.0,10.11
2023-09-17 05:00:00,0.0,9.66
2023-09-17 06:00:00,46.33,9.8
2023-09-17 07:00:00,146.23,10.13
2023-09-17 08:00:00,260.08,10.64
2023-09-17 09:00:00,420.77,11.73
2023-09-17 10:00:00,624.15,13.51
2023-09-17 11:00:00,673.85,15.71
2023-09-17 12:00:00,614.62,17.02
2023-09-17 13:00:00,552.58,17.59
2023-09-17 14:00:00,472.6,17.81
2023-09-17 15:00:00,323.48,17.55
2023-09-17 16:00:00,171.18,16.54
2023-09-17 17:00:00,51.42,14.67
2023-09-17 18:00:00,0.0,11.19
2023-09-17 19:00:00,0.0,10.35
2023-09-17 20:00:00,0.0,9.68
2023-09-17 21:00:00,0.0,9.01
2023-09-17 22:00:00,0.0,8.49
2023-09-17 23:00:00,0.0,8.11
2023-09-18 00:00:00,0.0,7.73
2023-09-18 01:00:00,0.0,7.42
2023-09-18 02:00:00,0.0,7.19
2023-09-18 03:00:00,0.0,7.0
2023-09-18 04:00:00,0.0,6.9
2023-09-18 05:00:00,0.0,6.93
2023-09-18 06:00:00,44.17,8.12
2023-09-18 07:00:00,142.27,10.14
2023-09-18 08:00:00,254.95,11.87
2023-09-18 09:00:00,372.1,12.77
2023-09-18 10:00:00,476.02,13.91
2023-09-18 11:00:00,443.73,15.1
2023-09-18 12:00:00,396.65,14.21
2023-09-18 13:00:00,359.23,14.07
2023-09-18 14:00:00,321.45,14.16
2023-09-18 15:00:00,217.32,13.76
2023-09-18 16:00:00,116.12,13.06
2023-09-18 17:00:00,30.3,11.96
2023-09-18 18:00:00,0.0,10.89
2023-09-18 19:00:00,0.0,10.59
2023-09-18 20:00:00,0.0,10.5
2023-09-18 21:00:00,0.0,10.43
2023-09-18 22:00:00,0.0,10.15
2023-09-18 23:00:00,0.0,9.59
2023-09-19 00:00:00,0.0,9.07
2023-09-19 01:00:00,0.0,9.21
2023-09-19 02:00:00,0.0,8.83
2023-09-19 03:00:00,0.0,8.46
2023-09-19 04:00:00,0.0,7.92
2023-09-19 05:00:00,0.0,7.73
2023-09-19 06:00:00,25.75,8.53
2023-09-19 07:00:00,67.88,9.68
2023-09-19 08:00:00,102.97,11.24
2023-09-19 09:00:00,155.8,12.86
2023-09-19 10:00:00,224.12,14.26
2023-09-19 11:00:00,183.77,14.84
2023-09-19 12:00:00,238.35,14.21
2023-09-19 13:00:00,215.8,13.29
2023-09-19 14:00:00,226.15,12.56
2023-09-19 15:00:00,153.85,11.92
2023-09-19 16:00:00,93.82,11.26
2023-09-19 17:00:00,24.17,10.35
2023-09-19 18:00:00,0.0,9.4
2023-09-19 19:00:00,0.0,9.11
2023-09-19 20:00:00,0.0,8.84
2023-09-19 21:00:00,0.0,8.54
2023-09-19 22:00:00,0.0,8.13
2023-09-19 23:00:00,0.0,7.77
2023-09-20 00:00:00,0.0,7.37
2023-09-20 01:00:00,0.0,7.13
2023-09-20 02:00:00,0.0,6.87
2023-09-20 03:00:00,0.0,6.38
2023-09-20 04:00:00,0.0,6.15
2023-09-20 05:00:00,0.0,5.86
2023-09-20 06:00:00,14.73,4.84
2023-09-20 07:00:00,21.85,4.5
2023-09-20 08:00:00,38.92,4.49
2023-09-20 09:00:00,113.75,5.79
2023-09-20 10:00:00,208.35,8.03
2023-09-20 11:00:00,177.95,9.33
2023-09-20 12:00:00,189.27,10.16
2023-09-20 13:00:00,191.35,10.97
2023-09-20 14:00:00,165.62,11.26
2023-09-20 15:00:00,158.12,10.98
2023-09-20 16:00:00,88.93,9.93
2023-09-20 17:00:00,19.1,8.19
2023-09-20 18:00:00,0.0,6.43
2023-09-20 19:00:00,0.0,5.62
2023-09-20 20:00:00,0.0,5.21
2023-09-20 21:00:00,0.0,4.64
2023-09-20 22:00:00,0.0,4.23
2023-09-20 23:00:00,0.0,3.72
2023-09-21 00:00:00,0.0,3.24
2023-09-21 01:00:00,0.0,2.82
2023-09-21 02:00:00,0.0,2.78
2023-09-21 03:00:00,0.0,2.91
2023-09-21 04:00:00,0.0,2.74
2023-09-21 05:00:00,0.0,2.48
2023-09-21 06:00:00,75.88,3.4
2023-09-21 07:00:00,247.23,5.96
2023-09-21 08:00:00,425.38,9.53
2023-09-21 09:00:00,619.65,13.64
2023-09-21 10:00:00,742.1,16.19
2023-09-21 11:00:00,756.45,17.19
2023-09-21 12:00:00,691.9,17.7
2023-09-21 13:00:00,578.42,17.62
2023-09-21 14:00:00,382.02,17.22
2023-09-21 15:00:00,262.0,16.6
2023-09-21 16:00:00,137.0,15.59
2023-09-21 17:00:00,34.33,13.32
2023-09-21 18:00:00,0.0,10.26
2023-09-21 19:00:00,0.0,8.76
2023-09-21 20:00:00,0.0,7.79
2023-09-21 21:00:00,0.0,6.95
2023-09-21 22:00:00,0.0,6.0
2023-09-21 23:00:00,0.0,5.42
2023-09-22 00:00:00,0.0,4.9
2023-09-22 01:00:00,0.0,4.53
2023-09-22 02:00:00,0.0,5.0
2023-09-22 03:00:00,0.0,5.31
2023-09-22 04:00:00,0.0,5.38
2023-09-22 05:00:00,0.0,5.06
2023-09-22 06:00:00,33.97,4.61
2023-09-22 07:00:00,113.9,6.52
2023-09-22 08:00:00,85.7,8.65
2023-09-22 09:00:00,123.47,10.19
2023-09-22 10:00:00,163.43,11.22
2023-09-22 11:00:00,162.62,12.31
2023-09-22 12:00:00,135.93,13.7
2023-09-22 13:00:00,142.85,15.05
2023-09-22 14:00:00,127.43,15.39
2023-09-22 15:00:00,85.57,14.56
2023-09-22 16:00:00,45.83,12.95
2023-09-22 17:00:00,11.55,11.02
2023-09-22 18:00:00,0.0,9.2
2023-09-22 19:00:00,0.0,8.32
2023-09-22 20:00:00,0.0,7.93
2023-09-22 21:00:00,0.0,7.74
2023-09-22 22:00:00,0.0,7.68
2023-09-22 23:00:00,0.0,7.26
2023-09-23 00:00:00,0.0,6.87
2023-09-23 01:00:00,0.0,6.71
2023-09-23 02:00:00,0.0,6.67
2023-09-23 03:00:00,0.0,6.82
2023-09-23 04:00:00,0.0,6.64
2023-09-23 05:00:00,0.0,6.58
2023-09-23 06:00:00,29.4,6.71
2023-09-23 07:00:00,112.12,7.32
2023-09-23 08:00:00,202.48,8.32
2023-09-23 09:00:00,343.65,9.88
2023-09-23 10:00:00,431.1,11.7
2023-09-23 11:00:00,474.6,13.28
2023-09-23 12:00:00,341.45,14.05
2023-09-23 13:00:00,309.45,14.65
2023-09-23 14:00:00,225.18,14.55
2023-09-23 15:00:00,159.9,13.64
2023-09-23 16:00:00,93.55,12.41
2023-09-23 17:00:00,14.88,10.78
2023-09-23 18:00:00,0.0,9.14
2023-09-23 19:00:00,0.0,8.17
2023-09-23 20:00:00,0.0,7.64
2023-09-23 21:00:00,0.0,7.22
2023-09-23 22:00:00,0.0,6.95
2023-09-23 23:00:00,0.0,6.63
2023-09-24 00:00:00,0.0,6.27
2023-09-24 01:00:00,0.0,6.04
2023-09-24 02:00:00,0.0,6.13
2023-09-24 03:00:00,0.0,6.0
2023-09-24 04:00:00,0.0,5.85
2023-09-24 05:00:00,0.0,5.69
2023-09-24 06:00:00,26.48,5.7
2023-09-24 07:00:00,86.32,6.04
2023-09-24 08:00:00,123.93,6.84
2023-09-24 09:00:00,194.9,8.52
2023-09-24 10:00:00,207.6,10.87
2023-09-24 11:00:00,282.73,12.57
2023-09-24 12:00:00,307.33,13.32
2023-09-24 13:00:00,287.77,13.62
2023-09-24 14:00:00,282.85,13.63
2023-09-24 15:00:00,170.23,12.69
2023-09-24 16:00:00,77.45,11.14
2023-09-24 17:00:00,12.0,9.67
2023-09-24 18:00:00,0.0,8.57
2023-09-24 19:00:00,0.0,8.24
2023-09-24 20:00:00,0.0,8.2
2023-09-24 21:00:00,0.0,8.03
2023-09-24 22:00:00,0.0,7.61
2023-09-24 23:00:00,0.0,6.39
2023-09-25 00:00:00,0.0,5.31
2023-09-25 01:00:00,0.0,4.2
2023-09-25 02:00:00,0.0,3.39
2023-09-25 03:00:00,0.0,3.32
2023-09-25 04:00:00,0.0,3.51
2023-09-25 05:00:00,0.0,3.83
2023-09-25 06:00:00,16.45,4.36
2023-09-25 07:00:00,61.03,5.31
2023-09-25 08:00:00,133.7,6.94
2023-09-25 09:00:00,238.68,9.15
2023-09-25 10:00:00,376.05,11.42
2023-09-25 11:00:00,463.35,13.03
2023-09-25 12:00:00,444.95,13.88
2023-09-25 13:00:00,317.08,13.62
2023-09-25 14:00:00,304.2,12.66
2023-09-25 15:00:00,206.9,11.71
2023-09-25 16:00:00,97.38,10.16
2023-09-25 17:00:00,15.48,8.61
2023-09-25 18:00:00,0.0,7.48
2023-09-25 19:00:00,0.0,7.03
2023-09-25 20:00:00,0.0,6.78
2023-09-25 21:00:00,0.0,6.6
2023-09-25 22:00:00,0.0,6.38
2023-09-25 23:00:00,0.0,6.11
2023-09-26 00:00:00,0.0,5.92
2023-09-26 01:00:00,0.0,5.78
2023-09-26 02:00:00,0.0,5.63
2023-09-26 03:00:00,0.0,5.46
2023-09-26 04:00:00,0.0,5.18
2023-09-26 05:00:00,0.0,5.24
2023-09-26 06:00:00,20.1,5.26
2023-09-26 07:00:00,61.4,5.74
2023-09-26 08:00:00,107.47,6.7
2023-09-26 09:00:00,223.35,8.26
2023-09-26 10:00:00,293.2,10.57
2023-09-26 11:00:00,424.02,12.92
2023-09-26 12:00:00,420.15,14.31
2023-09-26 13:00:00,375.17,14.92
2023-09-26 14:00:00,309.88,14.48
2023-09-26 15:00:00,201.32,13.21
2023-09-26 16:00:00,101.85,11.27
2023-09-26 17:00:00,13.88,9.44
2023-09-26 18:00:00,0.0,8.26
2023-09-26 19:00:00,0.0,7.75
2023-09-26 20:00:00,0.0,7.41
2023-09-26 21:00:00,0.0,6.98
2023-09-26 22:00:00,0.0,6.78
2023-09-26 23:00:00,0.0,6.63
2023-09-27 00:00:00,0.0,5.51
2023-09-27 01:00:00,0.0,4.38
2023-09-27 02:00:00,0.0,4.42
2023-09-27 03:00:00,0.0,4.6
2023-09-27 04:00:00,0.0,4.54
2023-09-27 05:00:00,0.0,4.49
2023-09-27 06:00:00,39.65,4.85
2023-09-27 07:00:00,147.68,6.17
2023-09-27 08:00:00,262.45,7.78
2023-09-27 09:00:00,430.75,9.76
2023-09-27 10:00:00,426.45,12.05
2023-09-27 11:00:00,371.23,14.07
2023-09-27 12:00:00,523.08,15.55
2023-09-27 13:00:00,418.88,16.44
2023-09-27 14:00:00,367.98,16.66
2023-09-27 15:00:00,267.73,16.03
2023-09-27 16:00:00,146.88,14.51
2023-09-27 17:00:00,26.42,12.1
2023-09-27 18:00:00,0.0,9.22
2023-09-27 19:00:00,0.0,7.72
2023-09-27 20:00:00,0.0,6.91
2023-09-27 21:00:00,0.0,6.74
2023-09-27 22:00:00,0.0,6.47
2023-09-27 23:00:00,0.0,6.13
2023-09-28 00:00:00,0.0,5.93
2023-09-28 01:00:00,0.0,5.99
2023-09-28 02:00:00,0.0,5.71
2023-09-28 03:00:00,0.0,5.49
2023-09-28 04:00:00,0.0,5.28
2023-09-28 05:00:00,0.0,4.64
2023-09-28 06:00:00,38.0,4.52
2023-09-28 07:00:00,163.07,4.48
2023-09-28 08:00:00,281.92,4.69
2023-09-28 09:00:00,363.6,6.38
2023-09-28 10:00:00,465.15,10.01
2023-09-28 11:00:00,594.9,12.68
2023-09-28 12:00:00,666.6,14.43
2023-09-28 13:00:00,545.0,15.46
2023-09-28 14:00:00,476.02,15.49
2023-09-28 15:00:00,316.88,14.72
2023-09-28 16:00:00,156.8,13.19
2023-09-28 17:00:00,23.1,11.06
2023-09-28 18:00:00,0.0,8.53
2023-09-28 19:00:00,0.0,6.96
2023-09-28 20:00:00,0.0,5.56
2023-09-28 21:00:00,0.0,4.92
2023-09-28 22:00:00,0.0,5.03
2023-09-28 23:00:00,0.0,5.52
2023-09-29 00:00:00,0.0,5.35
2023-09-29 01:00:00,0.0,4.52
2023-09-29 02:00:00,0.0,4.07
2023-09-29 03:00:00,0.0,3.41
2023-09-29 04:00:00,0.0,3.12
2023-09-29 05:00:00,0.0,2.89
2023-09-29 06:00:00,21.8,2.85
2023-09-29 07:00:00,94.72,3.76
2023-09-29 08:00:00,171.77,6.19
2023-09-29 09:00:00,242.65,9.39
2023-09-29 10:00:00,450.83,11.81
2023-09-29 11:00:00,581.33,14.3
2023-09-29 12:00:00,602.97,15.78
2023-09-29 13:00:00,564.05,16.46
2023-09-29 14:00:00,388.58,16.39
2023-09-29 15:00:00,285.0,15.64
2023-09-29 16:00:00,155.75,14.15
2023-09-29 17:00:00,25.83,11.73
2023-09-29 18:00:00,0.0,8.5
2023-09-29 19:00:00,0.0,7.19
2023-09-29 20:00:00,0.0,6.22
2023-09-29 21:00:00,0.0,5.59
2023-09-29 22:00:00,0.0,5.49
2023-09-29 23:00:00,0.0,5.41
2023-09-30 00:00:00,0.0,5.33
2023-09-30 01:00:00,0.0,5.26
2023-09-30 02:00:00,0.0,5.11
2023-09-30 03:00:00,0.0,4.86
2023-09-30 04:00:00,0.0,4.67
2023-09-30 05:00:00,0.0,4.61
2023-09-30 06:00:00,27.8,5.19
2023-09-30 07:00:00,128.43,6.59
2023-09-30 08:00:00,217.57,8.95
2023-09-30 09:00:00,327.77,11.43
2023-09-30 10:00:00,389.8,13.1
2023-09-30 11:00:00,424.83,13.88
2023-09-30 12:00:00,436.67,14.24
2023-09-30 13:00:00,350.73,14.43
2023-09-30 14:00:00,289.5,14.27
2023-09-30 15:00:00,184.85,13.67
2023-09-30 16:00:00,85.62,12.87
2023-09-30 17:00:00,12.32,11.36
2023-09-30 18:00:00,0.0,9.18
2023-09-30 19:00:00,0.0,8.04
2023-09-30 20:00:00,0.0,7.1
2023-09-30 21:00:00,0.0,7.03
2023-09-30 22:00:00,0.0,7.06
2023-09-30 23:00:00,0.0,6.81
2023-10-01 00:00:00,0.0,6.74
2023-10-01 01:00:00,0.0,6.76
2023-10-01 02:00:00,0.0,6.18
2023-10-01 03:00:00,0.0,6.14
2023-10-01 04:00:00,0.0,6.04
2023-10-01 05:00:00,0.0,5.88
2023-10-01 06:00:00,35.38,5.37
2023-10-01 07:00:00,33.7,5.59
2023-10-01 08:00:00,70.38,7.26
2023-10-01 09:00:00,108.22,9.87
2023-10-01 10:00:00,172.93,11.98
2023-10-01 11:00:00,201.48,13.53
2023-10-01 12:00:00,269.38,14.98
2023-10-01 13:00:00,336.52,15.87
2023-10-01 14:00:00,308.75,15.95
2023-10-01 15:00:00,186.2,15.11
2023-10-01 16:00:00,82.88,13.54
2023-10-01 17:00:00,10.38,11.57
2023-10-01 18:00:00,0.0,9.56
2023-10-01 19:00:00,0.0,8.64
2023-10-01 20:00:00,0.0,7.89
2023-10-01 21:00:00,0.0,7.36
2023-10-01 22:00:00,0.0,7.03
2023-10-01 23:00:00,0.0,6.83
2023-10-02 00:00:00,0.0,6.6
2023-10-02 01:00:00,0.0,6.44
2023-10-02 02:00:00,0.0,6.33
2023-10-02 03:00:00,0.0,6.16
2023-10-02 04:00:00,0.0,5.73
2023-10-02 05:00:00,0.0,5.48
2023-10-02 06:00:00,10.82,5.75
2023-10-02 07:00:00,42.78,7.13
2023-10-02 08:00:00,74.22,8.23
2023-10-02 09:00:00,113.45,9.79
2023-10-02 10:00:00,182.88,11.38
2023-10-02 11:00:00,236.5,12.78
2023-10-02 12:00:00,172.3,13.81
2023-10-02 13:00:00,206.07,14.41
2023-10-02 14:00:00,224.32,14.21
2023-10-02 15:00:00,149.98,13.34
2023-10-02 16:00:00,87.25,12.25
2023-10-02 17:00:00,13.3,10.68
2023-10-02 18:00:00,0.0,9.01
2023-10-02 19:00:00,0.0,8.17
2023-10-02 20:00:00,0.0,7.51
2023-10-02 21:00:00,0.0,7.3
2023-10-02 22:00:00,0.0,7.4
2023-10-02 23:00:00,0.0,7.17
2023-10-03 00:00:00,0.0,7.0
2023-10-03 01:00:00,0.0,6.61
2023-10-03 02:00:00,0.0,6.25
2023-10-03 03:00:00,0.0,6.0
2023-10-03 04:00:00,0.0,5.74
2023-10-03 05:00:00,0.0,5.87
2023-10-03 06:00:00,13.18,6.28
2023-10-03 07:00:00,50.7,7.54
2023-10-03 08:00:00,90.6,9.17
2023-10-03 09:00:00,113.1,10.4
2023-10-03 10:00:00,109.97,11.38
2023-10-03 11:00:00,260.05,11.92
2023-10-03 12:00:00,227.73,12.2
2023-10-03 13:00:00,186.48,12.41
2023-10-03 14:00:00,143.52,12.06
2023-10-03 15:00:00,100.95,11.11
2023-10-03 16:00:00,48.2,9.9
2023-10-03 17:00:00,5.15,8.64
2023-10-03 18:00:00,0.0,7.58
2023-10-03 19:00:00,0.0,7.01
2023-10-03 20:00:00,0.0,6.68
2023-10-03 21:00:00,0.0,6.42
2023-10-03 22:00:00,0.0,6.24
2023-10-03 23:00:00,0.0,5.76
2023-10-04 00:00:00,0.0,5.1
2023-10-04 01:00:00,0.0,4.12
2023-10-04 02:00:00,0.0,3.36
2023-10-04 03:00:00,0.0,2.09
2023-10-04 04:00:00,0.0,1.8
2023-10-04 05:00:00,0.0,2.06
2023-10-04 06:00:00,13.62,2.65
2023-10-04 07:00:00,60.6,4.25
2023-10-04 08:00:00,101.38,5.41
2023-10-04 09:00:00,101.7,6.47
2023-10-04 10:00:00,108.4,7.7
2023-10-04 11:00:00,218.9,8.99
2023-10-04 12:00:00,206.77,9.99
2023-10-04 13:00:00,162.9,10.46
2023-10-04 14:00:00,92.93,10.35
2023-10-04 15:00:00,76.0,9.68
2023-10-04 16:00:00,43.38,8.1
2023-10-04 17:00:00,5.65,6.5
2023-10-04 18:00:00,0.0,5.47
2023-10-04 19:00:00,0.0,5.08
2023-10-04 20:00:00,0.0,4.88
2023-10-04 21:00:00,0.0,4.58
2023-10-04 22:00:00,0.0,4.2
2023-10-04 23:00:00,0.0,3.98
2023-10-05 00:00:00,0.0,3.62
2023-10-05 01:00:00,0.0,3.28
2023-10-05 02:00:00,0.0,3.08
2023-10-05 03:00:00,0.0,2.9
2023-10-05 04:00:00,0.0,2.79
2023-10-05 05:00:00,0.0,2.73
2023-10-05 06:00:00,7.32,1.86
2023-10-05 07:00:00,63.33,2.08
2023-10-05 08:00:00,102.35,3.16
2023-10-05 09:00:00,86.72,4.13
2023-10-05 10:00:00,139.88,4.67
2023-10-05 11:00:00,155.15,5.72
2023-10-05 12:00:00,201.15,6.83
2023-10-05 13:00:00,200.57,7.41
2023-10-05 14:00:00,215.88,7.48
2023-10-05 15:00:00,128.88,7.11
2023-10-05 16:00:00,67.75,6.32
2023-10-05 17:00:00,8.77,4.66
2023-10-05 18:00:00,0.0,2.97
2023-10-05 19:00:00,0.0,2.78
2023-10-05 20:00:00,0.0,2.77
2023-10-05 21:00:00,0.0,2.71
2023-10-05 22:00:00,0.0,2.4
2023-10-05 23:00:00,0.0,1.98
2023-10-06 00:00:00,0.0,1.48
2023-10-06 01:00:00,0.0,0.93
2023-10-06 02:00:00,0.0,0.55
2023-10-06 03:00:00,0.0,0.95
2023-10-06 04:00:00,0.0,1.12
2023-10-06 05:00:00,0.0,1.39
2023-10-06 06:00:00,21.25,1.94
2023-10-06 07:00:00,100.18,2.97
2023-10-06 08:00:00,186.65,3.3
2023-10-06 09:00:00,271.15,3.85
2023-10-06 10:00:00,405.33,4.64
2023-10-06 11:00:00,312.1,5.53
2023-10-06 12:00:00,297.83,6.67
2023-10-06 13:00:00,218.88,7.64
2023-10-06 14:00:00,189.23,7.87
2023-10-06 15:00:00,134.4,7.43
2023-10-06 16:00:00,63.67,6.6
2023-10-06 17:00:00,8.7,5.42
2023-10-06 18:00:00,0.0,4.41
2023-10-06 19:00:00,0.0,4.1
2023-10-06 20:00:00,0.0,3.98
2023-10-06 21:00:00,0.0,3.75
2023-10-06 22:00:00,0.0,3.34
2023-10-06 23:00:00,0.0,3.06
2023-10-07 00:00:00,0.0,2.77
2023-10-07 01:00:00,0.0,2.17
2023-10-07 02:00:00,0.0,1.39
2023-10-07 03:00:00,0.0,0.75
2023-10-07 04:00:00,0.0,0.07
2023-10-07 05:00:00,0.0,-0.32
2023-10-07 06:00:00,40.17,0.15
2023-10-07 07:00:00,219.23,4.26
2023-10-07 08:00:00,405.58,8.1
2023-10-07 09:00:00,583.15,10.86
2023-10-07 10:00:00,708.65,11.99
2023-10-07 11:00:00,740.8,12.6
2023-10-07 12:00:00,651.9,12.88
2023-10-07 13:00:00,560.03,12.73
2023-10-07 14:00:00,466.52,12.22
2023-10-07 15:00:00,305.3,11.38
2023-10-07 16:00:00,140.5,10.08
2023-10-07 17:00:00,12.5,7.2
2023-10-07 18:00:00,0.0,4.31
2023-10-07 19:00:00,0.0,3.48
2023-10-07 20:00:00,0.0,3.04
2023-10-07 21:00:00,0.0,2.7
2023-10-07 22:00:00,0.0,2.43
2023-10-07 23:00:00,0.0,2.31
2023-10-08 00:00:00,0.0,2.04
2023-10-08 01:00:00,0.0,1.61
2023-10-08 02:00:00,0.0,1.43
2023-10-08 03:00:00,0.0,1.84
2023-10-08 04:00:00,0.0,2.17
2023-10-08 05:00:00,0.0,2.83
2023-10-08 06:00:00,35.97,3.13
2023-10-08 07:00:00,203.3,3.87
2023-10-08 08:00:00,377.77,5.45
2023-10-08 09:00:00,549.9,6.67
2023-10-08 10:00:00,621.6,7.6
2023-10-08 11:00:00,540.42,8.23
2023-10-08 12:00:00,514.0,8.89
2023-10-08 13:00:00,442.12,8.98
2023-10-08 14:00:00,286.5,8.85
2023-10-08 15:00:00,199.15,8.71
2023-10-08 16:00:00,95.32,7.95
2023-10-08 17:00:00,10.15,6.14
2023-10-08 18:00:00,0.0,4.25
2023-10-08 19:00:00,0.0,3.71
2023-10-08 20:00:00,0.0,3.18
2023-10-08 21:00:00,0.0,2.84
2023-10-08 22:00:00,0.0,2.35
2023-10-08 23:00:00,0.0,0.76
2023-10-09 00:00:00,0.0,-0.18
2023-10-09 01:00:00,0.0,-0.78
2023-10-09 02:00:00,0.0,-1.53
2023-10-09 03:00:00,0.0,-1.91
2023-10-09 04:00:00,0.0,-1.99
2023-10-09 05:00:00,0.0,-1.84
2023-10-09 06:00:00,30.73,-1.11
2023-10-09 07:00:00,167.02,2.11
2023-10-09 08:00:00,302.33,5.18
2023-10-09 09:00:00,459.45,9.1
2023-10-09 10:00:00,636.28,10.95
2023-10-09 11:00:00,666.55,12.01
2023-10-09 12:00:00,699.83,12.61
2023-10-09 13:00:00,605.47,12.27
2023-10-09 14:00:00,502.65,11.71
2023-10-09 15:00:00,323.4,10.92
2023-10-09 16:00:00,140.15,9.67
2023-10-09 17:00:00,10.73,6.87
2023-10-09 18:00:00,0.0,4.81
2023-10-09 19:00:00,0.0,3.9
2023-10-09 20:00:00,0.0,3.11
2023-10-09 21:00:00,0.0,2.43
2023-10-09 22:00:00,0.0,1.79
2023-10-09 23:00:00,0.0,1.08
2023-10-10 00:00:00,0.0,0.4
2023-10-10 01:00:00,0.0,0.0
2023-10-10 02:00:00,0.0,0.03
2023-10-10 03:00:00,0.0,0.27
2023-10-10 04:00:00,0.0,0.16
2023-10-10 05:00:00,0.0,-0.14
2023-10-10 06:00:00,19.48,-0.24
2023-10-10 07:00:00,117.53,3.44
2023-10-10 08:00:00,209.65,7.14
2023-10-10 09:00:00,301.52,9.8
2023-10-10 10:00:00,425.48,11.59
2023-10-10 11:00:00,546.88,12.95
2023-10-10 12:00:00,614.65,13.75
2023-10-10 13:00:00,595.08,13.95
2023-10-10 14:00:00,464.85,13.47
2023-10-10 15:00:00,295.67,12.27
2023-10-10 16:00:00,122.55,10.67
2023-10-10 17:00:00,7.75,8.42
2023-10-10 18:00:00,0.0,6.95
2023-10-10 19:00:00,0.0,5.96
2023-10-10 20:00:00,0.0,5.47
2023-10-10 21:00:00,0.0,5.21
2023-10-10 22:00:00,0.0,4.85
2023-10-10 23:00:00,0.0,4.42
2023-10-11 00:00:00,0.0,3.96
2023-10-11 01:00:00,0.0,3.24
2023-10-11 02:00:00,0.0,2.03
2023-10-11 03:00:00,0.0,1.21
2023-10-11 04:00:00,0.0,1.27
2023-10-11 05:00:00,0.0,1.58
2023-10-11 06:00:00,9.73,1.76
2023-10-11 07:00:00,58.03,2.69
2023-10-11 08:00:00,123.28,4.13
2023-10-11 09:00:00,192.93,5.61
2023-10-11 10:00:00,201.82,7.13
2023-10-11 11:00:00,221.75,8.18
2023-10-11 12:00:00,217.02,8.45
2023-10-11 13:00:00,174.7,8.38
2023-10-11 14:00:00,155.2,7.66
2023-10-11 15:00:00,105.47,6.42
2023-10-11 16:00:00,48.8,4.87
2023-10-11 17:00:00,4.8,3.39
2023-10-11 18:00:00,0.0,1.79
2023-10-11 19:00:00,0.0,1.23
2023-10-11 20:00:00,0.0,1.07
2023-10-11 21:00:00,0.0,0.81
2023-10-11 22:00:00,0.0,0.51
2023-10-11 23:00:00,0.0,0.29
2023-10-12 00:00:00,0.0,0.21
2023-10-12 01:00:00,0.0,0.13
2023-10-12 02:00:00,0.0,0.03
2023-10-12 03:00:00,0.0,-0.11
2023-10-12 04:00:00,0.0,-0.2
2023-10-12 05:00:00,0.0,-0.27
2023-10-12 06:00:00,10.35,-0.25
2023-10-12 07:00:00,56.67,0.67
2023-10-12 08:00:00,101.3,1.99
2023-10-12 09:00:00,149.0,3.4
2023-10-12 10:00:00,236.02,4.86
2023-10-12 11:00:00,219.25,6.0
2023-10-12 12:00:00,173.52,6.7
2023-10-12 13:00:00,183.55,6.88
2023-10-12 14:00:00,108.12,6.51
2023-10-12 15:00:00,84.18,5.7
2023-10-12 16:00:00,37.92,4.69
2023-10-12 17:00:00,4.1,3.55
2023-10-12 18:00:00,0.0,2.79
2023-10-12 19:00:00,0.0,2.62
2023-10-12 20:00:00,0.0,2.51
2023-10-12 21:00:00,0.0,2.39
2023-10-12 22:00:00,0.0,2.23
2023-10-12 23:00:00,0.0,2.01
2023-10-13 00:00:00,0.0,1.7
2023-10-13 01:00:00,0.0,1.42
2023-10-13 02:00:00,0.0,1.03
2023-10-13 03:00:00,0.0,0.35
2023-10-13 04:00:00,0.0,-0.42
2023-10-13 05:00:00,0.0,-0.85
2023-10-13 06:00:00,27.3,-0.91
2023-10-13 07:00:00,168.35,1.63
2023-10-13 08:00:00,311.38,4.15
2023-10-13 09:00:00,478.52,5.5
2023-10-13 10:00:00,551.62,6.24
2023-10-13 11:00:00,617.08,7.18
2023-10-13 12:00:00,588.45,7.8
2023-10-13 13:00:00,474.83,7.8
2023-10-13 14:00:00,370.75,7.79
2023-10-13 15:00:00,223.5,7.21
2023-10-13 16:00:00,95.35,6.03
2023-10-13 17:00:00,4.95,3.98
2023-10-13 18:00:00,0.0,3.17
2023-10-13 19:00:00,0.0,1.93
2023-10-13 20:00:00,0.0,0.01
2023-10-13 21:00:00,0.0,-1.27
2023-10-13 22:00:00,0.0,-2.04
2023-10-13 23:00:00,0.0,-2.51
2023-10-14 00:00:00,0.0,-2.82
2023-10-14 01:00:00,0.0,-3.12
2023-10-14 02:00:00,0.0,-3.4
2023-10-14 03:00:00,0.0,-3.64
2023-10-14 04:00:00,0.0,-3.82
2023-10-14 05:00:00,0.0,-3.8
2023-10-14 06:00:00,31.67,-3.15
2023-10-14 07:00:00,204.32,0.98
2023-10-14 08:00:00,399.98,4.9
2023-10-14 09:00:00,579.35,7.75
2023-10-14 10:00:00,702.95,8.93
2023-10-14 11:00:00,751.75,9.79
2023-10-14 12:00:00,681.0,10.31
2023-10-14 13:00:00,590.22,10.43
2023-10-14 14:00:00,500.45,10.1
2023-10-14 15:00:00,332.3,9.22
2023-10-14 16:00:00,143.2,7.77
2023-10-14 17:00:00,7.5,4.08
2023-10-14 18:00:00,0.0,2.54
2023-10-14 19:00:00,0.0,2.35
2023-10-14 20:00:00,0.0,1.05
2023-10-14 21:00:00,0.0,-0.36
2023-10-14 22:00:00,0.0,-1.54
2023-10-14 23:00:00,0.0,-2.33
2023-10-15 00:00:00,0.0,-2.83
2023-10-15 01:00:00,0.0,-3.16
2023-10-15 02:00:00,0.0,-3.4
2023-10-15 03:00:00,0.0,-3.57
2023-10-15 04:00:00,0.0,-3.68
2023-10-15 05:00:00,0.0,-3.78
2023-10-15 06:00:00,38.45,-3.49
2023-10-15 07:00:00,233.4,0.83
2023-10-15 08:00:00,437.12,4.54
2023-10-15 09:00:00,607.67,8.23
2023-10-15 10:00:00,723.1,10.28
2023-10-15 11:00:00,802.88,11.8
2023-10-15 12:00:00,787.78,12.84
2023-10-15 13:00:00,704.95,13.37
2023-10-15 14:00:00,561.58,13.37
2023-10-15 15:00:00,370.95,12.64
2023-10-15 16:00:00,154.95,10.92
2023-10-15 17:00:00,7.38,6.35
2023-10-15 18:00:00,0.0,3.86
2023-10-15 19:00:00,0.0,3.01
2023-10-15 20:00:00,0.0,2.67
2023-10-15 21:00:00,0.0,2.38
2023-10-15 22:00:00,0.0,1.64
2023-10-15 23:00:00,0.0,0.41
2023-10-16 00:00:00,0.0,-0.5
2023-10-16 01:00:00,0.0,-1.04
2023-10-16 02:00:00,0.0,-1.47
2023-10-16 03:00:00,0.0,-1.83
2023-10-16 04:00:00,0.0,-2.14
2023-10-16 05:00:00,0.0,-2.4
2023-10-16 06:00:00,18.65,-2.25
2023-10-16 07:00:00,132.7,2.17
2023-10-16 08:00:00,245.9,6.01
2023-10-16 09:00:00,356.62,9.66
2023-10-16 10:00:00,521.92,11.69
2023-10-16 11:00:00,667.45,13.29
2023-10-16 12:00:00,696.03,14.49
2023-10-16 13:00:00,607.85,15.21
2023-10-16 14:00:00,443.4,15.38
2023-10-16 15:00:00,256.77,14.76
2023-10-16 16:00:00,96.53,12.95
2023-10-16 17:00:00,3.6,8.56
2023-10-16 18:00:00,0.0,5.84
2023-10-16 19:00:00,0.0,4.6
2023-10-16 20:00:00,0.0,4.28
2023-10-16 21:00:00,0.0,4.44
2023-10-16 22:00:00,0.0,4.5
2023-10-16 23:00:00,0.0,4.17
2023-10-17 00:00:00,0.0,4.0
2023-10-17 01:00:00,0.0,3.74
2023-10-17 02:00:00,0.0,3.25
2023-10-17 03:00:00,0.0,2.86
2023-10-17 04:00:00,0.0,2.36
2023-10-17 05:00:00,0.0,1.97
2023-10-17 06:00:00,7.3,1.24
2023-10-17 07:00:00,50.92,0.39
2023-10-17 08:00:00,102.35,1.8
2023-10-17 09:00:00,112.43,4.62
2023-10-17 10:00:00,214.9,7.02
2023-10-17 11:00:00,319.3,8.81
2023-10-17 12:00:00,264.83,10.38
2023-10-17 13:00:00,280.08,11.53
2023-10-17 14:00:00,229.65,11.58
2023-10-17 15:00:00,165.6,10.53
2023-10-17 16:00:00,65.75,8.36
2023-10-17 17:00:00,3.25,5.04
2023-10-17 18:00:00,0.0,2.53
2023-10-17 19:00:00,0.0,1.47
2023-10-17 20:00:00,0.0,0.94
2023-10-17 21:00:00,0.0,0.61
2023-10-17 22:00:00,0.0,0.55
2023-10-17 23:00:00,0.0,0.44
2023-10-18 00:00:00,0.0,0.24
2023-10-18 01:00:00,0.0,0.1
2023-10-18 02:00:00,0.0,-0.04
2023-10-18 03:00:00,0.0,-0.33
2023-10-18 04:00:00,0.0,-0.65
2023-10-18 05:00:00,0.0,-0.96
2023-10-18 06:00:00,6.78,-1.46
2023-10-18 07:00:00,26.8,-0.59
2023-10-18 08:00:00,62.03,0.62
2023-10-18 09:00:00,69.32,1.56
2023-10-18 10:00:00,117.47,2.21
2023-10-18 11:00:00,226.48,2.86
2023-10-18 12:00:00,301.62,3.23
2023-10-18 13:00:00,239.15,3.02
2023-10-18 14:00:00,189.3,2.49
2023-10-18 15:00:00,112.15,1.8
2023-10-18 16:00:00,35.55,1.04
2023-10-18 17:00:00,1.6,0.02
2023-10-18 18:00:00,0.0,-0.67
2023-10-18 19:00:00,0.0,-0.48
2023-10-18 20:00:00,0.0,-0.4
2023-10-18 21:00:00,0.0,-0.53
2023-10-18 22:00:00,0.0,-0.96
2023-10-18 23:00:00,0.0,-1.63
2023-10-19 00:00:00,0.0,-2.13
2023-10-19 01:00:00,0.0,-1.94
2023-10-19 02:00:00,0.0,-1.56
2023-10-19 03:00:00,0.0,-1.61
2023-10-19 04:00:00,0.0,-2.54
2023-10-19 05:00:00,0.0,-3.53
2023-10-19 06:00:00,20.15,-4.47
2023-10-19 07:00:00,172.95,-2.11
2023-10-19 08:00:00,326.33,1.22
2023-10-19 09:00:00,503.08,2.86
2023-10-19 10:00:00,651.72,4.1
2023-10-19 11:00:00,723.92,5.18
2023-10-19 12:00:00,695.35,5.9
2023-10-19 13:00:00,612.88,6.19
2023-10-19 14:00:00,501.05,6.12
2023-10-19 15:00:00,322.35,5.58
2023-10-19 16:00:00,133.5,4.45
2023-10-19 17:00:00,0.0,1.06
2023-10-19 18:00:00,0.0,-0.28
2023-10-19 19:00:00,0.0,-0.84
2023-10-19 20:00:00,0.0,-1.43
2023-10-19 21:00:00,0.0,-2.11
2023-10-19 22:00:00,0.0,-2.76
2023-10-19 23:00:00,0.0,-3.69
2023-10-20 00:00:00,0.0,-4.41
2023-10-20 01:00:00,0.0,-4.7
2023-10-20 02:00:00,0.0,-4.94
2023-10-20 03:00:00,0.0,-5.2
2023-10-20 04:00:00,0.0,-3.47
2023-10-20 05:00:00,0.0,-2.85
2023-10-20 06:00:00,28.23,-2.59
2023-10-20 07:00:00,208.18,-0.3
2023-10-20 08:00:00,409.58,1.92
2023-10-20 09:00:00,581.12,4.27
2023-10-20 10:00:00,694.75,5.96
2023-10-20 11:00:00,766.58,7.23
2023-10-20 12:00:00,738.92,8.09
2023-10-20 13:00:00,640.5,8.68
2023-10-20 14:00:00,513.95,8.67
2023-10-20 15:00:00,317.15,8.12
2023-10-20 16:00:00,123.5,6.57
2023-10-20 17:00:00,0.0,1.86
2023-10-20 18:00:00,0.0,-0.22
2023-10-20 19:00:00,0.0,-0.54
2023-10-20 20:00:00,0.0,-0.52
2023-10-20 21:00:00,0.0,-0.59
2023-10-20 22:00:00,0.0,-1.12
2023-10-20 23:00:00,0.0,-1.02
2023-10-21 00:00:00,0.0,-0.95
2023-10-21 01:00:00,0.0,-0.94
2023-10-21 02:00:00,0.0,-0.98
2023-10-21 03:00:00,0.0,-0.98
2023-10-21 04:00:00,0.0,-0.98
2023-10-21 05:00:00,0.0,-1.26
2023-10-21 06:00:00,23.2,-1.59
2023-10-21 07:00:00,188.95,0.36
2023-10-21 08:00:00,376.73,2.83
2023-10-21 09:00:00,553.28,5.49
2023-10-21 10:00:00,670.8,7.43
2023-10-21 11:00:00,758.5,8.97
2023-10-21 12:00:00,740.88,9.92
2023-10-21 13:00:00,659.67,10.31
2023-10-21 14:00:00,519.2,10.2
2023-10-21 15:00:00,331.88,9.51
2023-10-21 16:00:00,130.75,7.98
2023-10-21 17:00:00,0.0,3.72
2023-10-21 18:00:00,0.0,1.89
2023-10-21 19:00:00,0.0,1.44
2023-10-21 20:00:00,0.0,1.05
2023-10-21 21:00:00,0.0,0.27
2023-10-21 22:00:00,0.0,-0.72
2023-10-21 23:00:00,0.0,-1.36
2023-10-22 00:00:00,0.0,-1.67
2023-10-22 01:00:00,0.0,-1.87
2023-10-22 02:00:00,0.0,-2.01
2023-10-22 03:00:00,0.0,-1.86
2023-10-22 04:00:00,0.0,-1.52
2023-10-22 05:00:00,0.0,-1.59
2023-10-22 06:00:00,19.75,-1.76
2023-10-22 07:00:00,136.55,1.47
2023-10-22 08:00:00,259.92,5.07
2023-10-22 09:00:00,366.7,8.47
2023-10-22 10:00:00,486.23,10.35
2023-10-22 11:00:00,620.97,11.61
2023-10-22 12:00:00,682.62,12.39
2023-10-22 13:00:00,593.85,12.27
2023-10-22 14:00:00,447.83,10.81
2023-10-22 15:00:00,264.9,9.46
2023-10-22 16:00:00,92.03,7.35
2023-10-22 17:00:00,0.0,4.71
2023-10-22 18:00:00,0.0,3.34
2023-10-22 19:00:00,0.0,2.83
2023-10-22 20:00:00,0.0,2.57
2023-10-22 21:00:00,0.0,2.0
2023-10-22 22:00:00,0.0,1.26
2023-10-22 23:00:00,0.0,0.37
2023-10-23 00:00:00,0.0,-0.53
2023-10-23 01:00:00,0.0,-1.17
2023-10-23 02:00:00,0.0,-1.64
2023-10-23 03:00:00,0.0,-2.14
2023-10-23 04:00:00,0.0,-2.4
2023-10-23 05:00:00,0.0,-2.65
2023-10-23 06:00:00,19.2,-2.72
2023-10-23 07:00:00,165.45,1.0
2023-10-23 08:00:00,337.1,4.47
2023-10-23 09:00:00,495.17,8.16
2023-10-23 10:00:00,659.17,10.27
2023-10-23 11:00:00,728.47,11.86
2023-10-23 12:00:00,712.3,12.94
2023-10-23 13:00:00,627.53,13.33
2023-10-23 14:00:00,484.73,12.96
2023-10-23 15:00:00,298.52,11.81
2023-10-23 16:00:00,105.45,10.23
2023-10-23 17:00:00,0.0,6.64
2023-10-23 18:00:00,0.0,4.6
2023-10-23 19:00:00,0.0,4.24
2023-10-23 20:00:00,0.0,4.35
2023-10-23 21:00:00,0.0,3.84
2023-10-23 22:00:00,0.0,3.09
2023-10-23 23:00:00,0.0,2.44
2023-10-24 00:00:00,0.0,1.94
2023-10-24 01:00:00,0.0,1.68
2023-10-24 02:00:00,0.0,1.4
2023-10-24 03:00:00,0.0,1.05
2023-10-24 04:00:00,0.0,0.64
2023-10-24 05:00:00,0.0,0.16
2023-10-24 06:00:00,15.6,0.07
2023-10-24 07:00:00,136.2,2.95
2023-10-24 08:00:00,284.55,5.73
2023-10-24 09:00:00,406.35,7.99
2023-10-24 10:00:00,553.47,9.29
2023-10-24 11:00:00,670.85,9.71
2023-10-24 12:00:00,662.42,9.81
2023-10-24 13:00:00,601.4,10.26
2023-10-24 14:00:00,468.52,10.49
2023-10-24 15:00:00,289.42,9.88
2023-10-24 16:00:00,100.32,8.66
2023-10-24 17:00:00,0.0,5.96
2023-10-24 18:00:00,0.0,4.58
2023-10-24 19:00:00,0.0,3.87
2023-10-24 20:00:00,0.0,3.31
2023-10-24 21:00:00,0.0,2.67
2023-10-24 22:00:00,0.0,2.8
2023-10-24 23:00:00,0.0,3.48
2023-10-25 00:00:00,0.0,3.29
2023-10-25 01:00:00,0.0,1.63
2023-10-25 02:00:00,0.0,0.91
2023-10-25 03:00:00,0.0,0.96
2023-10-25 04:00:00,0.0,1.01
2023-10-25 05:00:00,0.0,0.84
2023-10-25 06:00:00,11.85,0.82
2023-10-25 07:00:00,100.25,1.41
2023-10-25 08:00:00,230.05,2.54
2023-10-25 09:00:00,326.92,4.5
2023-10-25 10:00:00,418.5,6.73
2023-10-25 11:00:00,415.45,7.36
2023-10-25 12:00:00,425.98,7.45
2023-10-25 13:00:00,346.65,7.06
2023-10-25 14:00:00,241.38,5.78
2023-10-25 15:00:00,154.77,4.26
2023-10-25 16:00:00,48.53,3.23
2023-10-25 17:00:00,0.0,2.5
2023-10-25 18:00:00,0.0,2.26
2023-10-25 19:00:00,0.0,2.16
2023-10-25 20:00:00,0.0,2.04
2023-10-25 21:00:00,0.0,1.92
2023-10-25 22:00:00,0.0,1.78
2023-10-25 23:00:00,0.0,1.53
2023-10-26 00:00:00,0.0,0.95
2023-10-26 01:00:00,0.0,0.34
2023-10-26 02:00:00,0.0,-0.14
2023-10-26 03:00:00,0.0,-0.52
2023-10-26 04:00:00,0.0,-0.78
2023-10-26 05:00:00,0.0,-0.99
2023-10-26 06:00:00,14.43,-0.9
2023-10-26 07:00:00,140.95,1.87
2023-10-26 08:00:00,297.7,4.48
2023-10-26 09:00:00,454.8,6.1
2023-10-26 10:00:00,600.53,6.59
2023-10-26 11:00:00,698.62,6.88
2023-10-26 12:00:00,653.38,6.6
2023-10-26 13:00:00,557.45,6.22
2023-10-26 14:00:00,418.85,5.9
2023-10-26 15:00:00,252.38,5.31
2023-10-26 16:00:00,80.0,4.69
2023-10-26 17:00:00,0.0,3.36
2023-10-26 18:00:00,0.0,2.5
2023-10-26 19:00:00,0.0,2.07
2023-10-26 20:00:00,0.0,1.73
2023-10-26 21:00:00,0.0,1.17
2023-10-26 22:00:00,0.0,0.91
2023-10-26 23:00:00,0.0,0.55
2023-10-27 00:00:00,0.0,-0.04
2023-10-27 01:00:00,0.0,-1.16
2023-10-27 02:00:00,0.0,-1.78
2023-10-27 03:00:00,0.0,-2.1
2023-10-27 04:00:00,0.0,-2.09
2023-10-27 05:00:00,0.0,-1.57
2023-10-27 06:00:00,17.92,-1.21
2023-10-27 07:00:00,174.02,1.45
2023-10-27 08:00:00,368.85,4.59
2023-10-27 09:00:00,535.53,7.65
2023-10-27 10:00:00,653.03,9.21
2023-10-27 11:00:00,713.58,10.11
2023-10-27 12:00:00,694.25,10.54
2023-10-27 13:00:00,587.12,10.63
2023-10-27 14:00:00,450.58,10.65
2023-10-27 15:00:00,269.73,10.15
2023-10-27 16:00:00,83.47,8.66
2023-10-27 17:00:00,0.0,4.77
2023-10-27 18:00:00,0.0,3.7
2023-10-27 19:00:00,0.0,3.68
2023-10-27 20:00:00,0.0,3.43
2023-10-27 21:00:00,0.0,2.41
2023-10-27 22:00:00,0.0,1.02
2023-10-27 23:00:00,0.0,-0.21
2023-10-28 00:00:00,0.0,-1.05
2023-10-28 01:00:00,0.0,-1.66
2023-10-28 02:00:00,0.0,-2.19
2023-10-28 03:00:00,0.0,-2.66
2023-10-28 04:00:00,0.0,-2.99
2023-10-28 05:00:00,0.0,-3.12
2023-10-28 06:00:00,18.35,-3.13
2023-10-28 07:00:00,181.85,0.54
2023-10-28 08:00:00,378.2,4.65
2023-10-28 09:00:00,541.92,8.45
2023-10-28 10:00:00,653.78,10.35
2023-10-28 11:00:00,710.12,11.38
2023-10-28 12:00:00,669.58,11.96
2023-10-28 13:00:00,554.45,12.13
2023-10-28 14:00:00,433.83,11.76
2023-10-28 15:00:00,265.5,10.94
2023-10-28 16:00:00,84.62,9.16
2023-10-28 17:00:00,0.0,5.8
2023-10-28 18:00:00,0.0,4.42
2023-10-28 19:00:00,0.0,3.79
2023-10-28 20:00:00,0.0,3.21
2023-10-28 21:00:00,0.0,2.45
2023-10-28 22:00:00,0.0,1.47
2023-10-28 23:00:00,0.0,0.39
2023-10-29 00:00:00,0.0,-0.59
2023-10-29 01:00:00,0.0,-1.38
2023-10-29 02:00:00,0.0,-2.02
2023-10-29 03:00:00,0.0,-2.51
2023-10-29 04:00:00,0.0,-2.79
2023-10-29 05:00:00,0.0,-2.91
2023-10-29 06:00:00,16.67,-2.92
2023-10-29 07:00:00,176.73,0.54
2023-10-29 08:00:00,376.62,4.61
2023-10-29 09:00:00,544.28,8.57
2023-10-29 10:00:00,659.0,10.85
2023-10-29 11:00:00,721.0,11.97
2023-10-29 12:00:00,699.85,12.56
2023-10-29 13:00:00,615.72,12.73
2023-10-29 14:00:00,473.33,12.45
2023-10-29 15:00:00,286.17,11.58
2023-10-29 16:00:00,86.4,9.44
2023-10-29 17:00:00,0.0,5.12
2023-10-29 18:00:00,0.0,3.78
2023-10-29 19:00:00,0.0,3.36
2023-10-29 20:00:00,0.0,3.06
2023-10-29 21:00:00,0.0,2.58
2023-10-29 22:00:00,0.0,1.55
2023-10-29 23:00:00,0.0,0.3
2023-10-30 00:00:00,0.0,-0.63
2023-10-30 01:00:00,0.0,-1.27
2023-10-30 02:00:00,0.0,-1.84
2023-10-30 03:00:00,0.0,-2.36
2023-10-30 04:00:00,0.0,-2.71
2023-10-30 05:00:00,0.0,-2.96
2023-10-30 06:00:00,14.95,-3.03
2023-10-30 07:00:00,170.23,0.29
2023-10-30 08:00:00,365.3,4.08
2023-10-30 09:00:00,528.62,8.31
2023-10-30 10:00:00,643.1,11.18
2023-10-30 11:00:00,705.85,12.57
2023-10-30 12:00:00,677.33,13.16
2023-10-30 13:00:00,594.75,13.07
2023-10-30 14:00:00,448.0,12.5
2023-10-30 15:00:00,264.3,11.37
2023-10-30 16:00:00,74.93,9.12
2023-10-30 17:00:00,0.0,5.36
2023-10-30 18:00:00,0.0,4.77
2023-10-30 19:00:00,0.0,4.25
2023-10-30 20:00:00,0.0,3.22
2023-10-30 21:00:00,0.0,1.99
2023-10-30 22:00:00,0.0,0.65
2023-10-30 23:00:00,0.0,-0.36
2023-10-31 00:00:00,0.0,-0.9
2023-10-31 01:00:00,0.0,-1.25
2023-10-31 02:00:00,0.0,-1.44
2023-10-31 03:00:00,0.0,-1.57
2023-10-31 04:00:00,0.0,-1.7
2023-10-31 05:00:00,0.0,-1.86
2023-10-31 06:00:00,14.1,-1.98
2023-10-31 07:00:00,163.38,1.42
2023-10-31 08:00:00,353.5,6.45
2023-10-31 09:00:00,519.3,10.29
2023-10-31 10:00:00,641.3,12.47
2023-10-31 11:00:00,703.17,13.29
2023-10-31 12:00:00,692.95,13.84
2023-10-31 13:00:00,609.2,14.02
2023-10-31 14:00:00,466.8,13.79
2023-10-31 15:00:00,280.4,13.01
2023-10-31 16:00:00,79.97,10.76
2023-10-31 17:00:00,0.0,6.92
2023-10-31 18:00:00,0.0,6.04
2023-10-31 19:00:00,0.0,5.93
2023-10-31 20:00:00,0.0,5.14
2023-10-31 21:00:00,0.0,3.82
2023-10-31 22:00:00,0.0,2.39
2023-10-31 23:00:00,0.0,0.87
2023-11-01 00:00:00,0.0,-0.39
2023-11-01 01:00:00,0.0,-1.18
2023-11-01 02:00:00,0.0,-1.54
2023-11-01 03:00:00,0.0,-1.59
2023-11-01 04:00:00,0.0,-1.52
2023-11-01 05:00:00,0.0,-1.37
2023-11-01 06:00:00,11.18,-1.18
2023-11-01 07:00:00,157.1,1.33
2023-11-01 08:00:00,321.48,4.99
2023-11-01 09:00:00,468.92,9.39
2023-11-01 10:00:00,637.2,12.88
2023-11-01 11:00:00,708.97,14.51
2023-11-01 12:00:00,694.35,15.43
2023-11-01 13:00:00,609.83,15.77
2023-11-01 14:00:00,465.92,15.59
2023-11-01 15:00:00,279.85,14.68
2023-11-01 16:00:00,78.28,12.1
2023-11-01 17:00:00,0.0,8.16
2023-11-01 18:00:00,0.0,6.53
2023-11-01 19:00:00,0.0,5.81
2023-11-01 20:00:00,0.0,5.22
2023-11-01 21:00:00,0.0,5.05
2023-11-01 22:00:00,0.0,4.43
2023-11-01 23:00:00,0.0,3.14
2023-11-02 00:00:00,0.0,1.25
2023-11-02 01:00:00,0.0,-0.31
2023-11-02 02:00:00,0.0,-1.25
2023-11-02 03:00:00,0.0,-2.03
2023-11-02 04:00:00,0.0,-2.2
2023-11-02 05:00:00,0.0,-2.04
2023-11-02 06:00:00,11.73,-2.35
2023-11-02 07:00:00,150.95,-0.56
2023-11-02 08:00:00,335.88,1.78
2023-11-02 09:00:00,494.8,3.95
2023-11-02 10:00:00,594.08,5.77
2023-11-02 11:00:00,661.53,7.11
2023-11-02 12:00:00,625.03,7.99
2023-11-02 13:00:00,552.75,8.26
2023-11-02 14:00:00,400.73,7.8
2023-11-02 15:00:00,224.48,6.66
2023-11-02 16:00:00,52.42,5.15
2023-11-02 17:00:00,0.0,2.85
2023-11-02 18:00:00,0.0,2.04
2023-11-02 19:00:00,0.0,1.4
2023-11-02 20:00:00,0.0,0.52
2023-11-02 21:00:00,0.0,-0.58
2023-11-02 22:00:00,0.0,-0.85
2023-11-02 23:00:00,0.0,-0.91
2023-11-03 00:00:00,0.0,-1.15
2023-11-03 01:00:00,0.0,-1.6
2023-11-03 02:00:00,0.0,-1.99
2023-11-03 03:00:00,0.0,-2.18
2023-11-03 04:00:00,0.0,-2.12
2023-11-03 05:00:00,0.0,-2.12
2023-11-03 06:00:00,6.93,-2.01
2023-11-03 07:00:00,123.32,-0.16
2023-11-03 08:00:00,280.77,1.68
2023-11-03 09:00:00,448.33,3.47
2023-11-03 10:00:00,577.95,4.79
2023-11-03 11:00:00,668.72,5.59
2023-11-03 12:00:00,638.33,5.87
2023-11-03 13:00:00,562.92,5.8
2023-11-03 14:00:00,430.52,5.28
2023-11-03 15:00:00,252.95,4.29
2023-11-03 16:00:00,66.28,3.06
2023-11-03 17:00:00,0.0,1.56
2023-11-03 18:00:00,0.0,0.86
2023-11-03 19:00:00,0.0,0.35
2023-11-03 20:00:00,0.0,-0.16
2023-11-03 21:00:00,0.0,-0.85
2023-11-03 22:00:00,0.0,-1.67
2023-11-03 23:00:00,0.0,-2.27
2023-11-04 00:00:00,0.0,-2.53
2023-11-04 01:00:00,0.0,-2.76
2023-11-04 02:00:00,0.0,-3.08
2023-11-04 03:00:00,0.0,-3.17
2023-11-04 04:00:00,0.0,-3.15
2023-11-04 05:00:00,0.0,-2.74
2023-11-04 06:00:00,4.03,-1.93
2023-11-04 07:00:00,39.58,-0.3
2023-11-04 08:00:00,110.25,1.9
2023-11-04 09:00:00,155.1,3.12
2023-11-04 10:00:00,298.9,4.49
2023-11-04 11:00:00,399.2,5.88
2023-11-04 12:00:00,463.1,6.9
2023-11-04 13:00:00,373.35,6.93
2023-11-04 14:00:00,279.23,6.41
2023-11-04 15:00:00,155.5,5.6
2023-11-04 16:00:00,39.85,4.01
2023-11-04 17:00:00,0.0,2.84
2023-11-04 18:00:00,0.0,2.41
2023-11-04 19:00:00,0.0,1.43
2023-11-04 20:00:00,0.0,0.24
2023-11-04 21:00:00,0.0,-0.3
2023-11-04 22:00:00,0.0,-0.65
2023-11-04 23:00:00,0.0,-0.88
2023-11-05 00:00:00,0.0,-1.14
2023-11-05 01:00:00,0.0,-1.72
2023-11-05 02:00:00,0.0,-2.98
2023-11-05 03:00:00,0.0,-4.99
2023-11-05 04:00:00,0.0,-6.11
2023-11-05 05:00:00,0.0,-6.57
2023-11-05 06:00:00,4.15,-6.89
2023-11-05 07:00:00,69.93,-6.22
2023-11-05 08:00:00,152.73,-3.84
2023-11-05 09:00:00,223.5,-0.28
2023-11-05 10:00:00,267.33,2.58
2023-11-05 11:00:00,370.3,3.83
2023-11-05 12:00:00,382.1,4.11
2023-11-05 13:00:00,437.1,4.1
2023-11-05 14:00:00,344.3,3.91
2023-11-05 15:00:00,222.52,3.42
2023-11-05 16:00:00,67.03,1.69
2023-11-05 17:00:00,0.0,-3.15
2023-11-05 18:00:00,0.0,-4.09
2023-11-05 19:00:00,0.0,-4.1
2023-11-05 20:00:00,0.0,-4.1
2023-11-05 21:00:00,0.0,-4.15
2023-11-05 22:00:00,0.0,-4.21
2023-11-05 23:00:00,0.0,-4.34
2023-11-06 00:00:00,0.0,-4.41
2023-11-06 01:00:00,0.0,-4.42
2023-11-06 02:00:00,0.0,-4.32
2023-11-06 03:00:00,0.0,-4.19
2023-11-06 04:00:00,0.0,-4.15
2023-11-06 05:00:00,0.0,-4.18
2023-11-06 06:00:00,12.18,-4.22
2023-11-06 07:00:00,175.93,-2.62
2023-11-06 08:00:00,380.38,0.87
2023-11-06 09:00:00,547.9,5.14
2023-11-06 10:00:00,664.5,8.29
2023-11-06 11:00:00,714.3,9.5
2023-11-06 12:00:00,696.78,10.09
2023-11-06 13:00:00,612.15,10.28
2023-11-06 14:00:00,468.85,10.02
2023-11-06 15:00:00,280.15,9.16
2023-11-06 16:00:00,72.5,6.38
2023-11-06 17:00:00,0.0,2.53
2023-11-06 18:00:00,0.0,1.01
2023-11-06 19:00:00,0.0,0.33
2023-11-06 20:00:00,0.0,-0.39
2023-11-06 21:00:00,0.0,-1.26
2023-11-06 22:00:00,0.0,-2.15
2023-11-06 23:00:00,0.0,-2.66
2023-11-07 00:00:00,0.0,-2.64
2023-11-07 01:00:00,0.0,-2.33
2023-11-07 02:00:00,0.0,-2.04
2023-11-07 03:00:00,0.0,-2.03
2023-11-07 04:00:00,0.0,-2.31
2023-11-07 05:00:00,0.0,-2.78
2023-11-07 06:00:00,9.82,-3.36
2023-11-07 07:00:00,157.55,-2.05
2023-11-07 08:00:00,353.88,1.14
2023-11-07 09:00:00,520.08,4.61
2023-11-07 10:00:00,634.8,6.27
2023-11-07 11:00:00,680.12,7.59
2023-11-07 12:00:00,668.58,8.64
2023-11-07 13:00:00,579.45,9.31
2023-11-07 14:00:00,441.17,9.47
2023-11-07 15:00:00,259.1,8.87
2023-11-07 16:00:00,62.33,6.14
2023-11-07 17:00:00,0.0,4.21
2023-11-07 18:00:00,0.0,3.06
2023-11-07 19:00:00,0.0,2.17
2023-11-07 20:00:00,0.0,1.1
2023-11-07 21:00:00,0.0,0.15
2023-11-07 22:00:00,0.0,-0.77
2023-11-07 23:00:00,0.0,-1.37
2023-11-08 00:00:00,0.0,-2.0
2023-11-08 01:00:00,0.0,-2.56
2023-11-08 02:00:00,0.0,-2.96
2023-11-08 03:00:00,0.0,-3.21
2023-11-08 04:00:00,0.0,-3.39
2023-11-08 05:00:00,0.0,-3.56
2023-11-08 06:00:00,6.9,-3.7
2023-11-08 07:00:00,130.75,-1.69
2023-11-08 08:00:00,315.4,1.95
2023-11-08 09:00:00,479.4,5.63
2023-11-08 10:00:00,590.65,7.88
2023-11-08 11:00:00,660.2,9.11
2023-11-08 12:00:00,655.3,9.8
2023-11-08 13:00:00,578.03,10.05
2023-11-08 14:00:00,434.65,9.81
2023-11-08 15:00:00,248.88,8.86
2023-11-08 16:00:00,55.75,5.64
2023-11-08 17:00:00,0.0,2.28
2023-11-08 18:00:00,0.0,1.06
2023-11-08 19:00:00,0.0,-0.21
2023-11-08 20:00:00,0.0,-1.02
2023-11-08 21:00:00,0.0,-1.49
2023-11-08 22:00:00,0.0,-1.69
2023-11-08 23:00:00,0.0,-1.72
2023-11-09 00:00:00,0.0,-1.78
2023-11-09 01:00:00,0.0,-2.04
2023-11-09 02:00:00,0.0,-2.48
2023-11-09 03:00:00,0.0,-2.86
2023-11-09 04:00:00,0.0,-2.95
2023-11-09 05:00:00,0.0,-2.94
2023-11-09 06:00:00,5.18,-3.09
2023-11-09 07:00:00,110.5,-1.87
2023-11-09 08:00:00,282.7,1.85
2023-11-09 09:00:00,444.9,4.85
2023-11-09 10:00:00,559.75,7.31
2023-11-09 11:00:00,661.12,8.59
2023-11-09 12:00:00,634.42,9.42
2023-11-09 13:00:00,548.6,9.8
2023-11-09 14:00:00,406.45,9.63
2023-11-09 15:00:00,228.4,8.48
2023-11-09 16:00:00,47.97,5.14
2023-11-09 17:00:00,0.0,1.31
2023-11-09 18:00:00,0.0,0.11
2023-11-09 19:00:00,0.0,-0.75
2023-11-09 20:00:00,0.0,-1.68
2023-11-09 21:00:00,0.0,-2.23
2023-11-09 22:00:00,0.0,-2.76
2023-11-09 23:00:00,0.0,-3.18
2023-11-10 00:00:00,0.0,-3.32
2023-11-10 01:00:00,0.0,-3.15
2023-11-10 02:00:00,0.0,-2.75
2023-11-10 03:00:00,0.0,-2.24
2023-11-10 04:00:00,0.0,-2.08
2023-11-10 05:00:00,0.0,-1.81
2023-11-10 06:00:00,5.05,-1.74
2023-11-10 07:00:00,113.4,-0.39
2023-11-10 08:00:00,283.92,3.27
2023-11-10 09:00:00,445.35,6.39
2023-11-10 10:00:00,565.05,8.41
2023-11-10 11:00:00,605.1,9.47
2023-11-10 12:00:00,598.83,9.98
2023-11-10 13:00:00,517.92,9.92
2023-11-10 14:00:00,372.0,9.2
2023-11-10 15:00:00,200.98,7.55
2023-11-10 16:00:00,38.92,4.24
2023-11-10 17:00:00,0.0,-0.16
2023-11-10 18:00:00,0.0,-1.29
2023-11-10 19:00:00,0.0,-2.04
2023-11-10 20:00:00,0.0,-2.56
2023-11-10 21:00:00,0.0,-3.04
2023-11-10 22:00:00,0.0,-2.92
2023-11-10 23:00:00,0.0,-2.84
2023-11-11 00:00:00,0.0,-2.93
2023-11-11 01:00:00,0.0,-3.06
2023-11-11 02:00:00,0.0,-3.19
2023-11-11 03:00:00,0.0,-3.55
2023-11-11 04:00:00,0.0,-3.88
2023-11-11 05:00:00,0.0,-4.05
2023-11-11 06:00:00,2.53,-3.93
2023-11-11 07:00:00,47.5,-3.1
2023-11-11 08:00:00,124.97,-1.18
2023-11-11 09:00:00,197.25,0.96
2023-11-11 10:00:00,277.17,2.86
2023-11-11 11:00:00,391.0,4.6
2023-11-11 12:00:00,407.05,5.66
2023-11-11 13:00:00,414.42,5.81
2023-11-11 14:00:00,275.12,5.04
2023-11-11 15:00:00,152.6,3.1
2023-11-11 16:00:00,31.1,0.37
2023-11-11 17:00:00,0.0,-2.42
2023-11-11 18:00:00,0.0,-3.95
2023-11-11 19:00:00,0.0,-5.04
2023-11-11 20:00:00,0.0,-5.87
2023-11-11 21:00:00,0.0,-6.45
2023-11-11 22:00:00,0.0,-6.75
2023-11-11 23:00:00,0.0,-6.9
2023-11-12 00:00:00,0.0,-6.84
2023-11-12 01:00:00,0.0,-6.56
2023-11-12 02:00:00,0.0,-6.31
2023-11-12 03:00:00,0.0,-6.17
2023-11-12 04:00:00,0.0,-5.88
2023-11-12 05:00:00,0.0,-5.63
2023-11-12 06:00:00,4.4,-5.41
2023-11-12 07:00:00,65.43,-4.43
2023-11-12 08:00:00,139.8,-3.34
2023-11-12 09:00:00,222.15,-2.34
2023-11-12 10:00:00,299.67,-0.98
2023-11-12 11:00:00,207.35,-0.24
2023-11-12 12:00:00,187.62,0.26
2023-11-12 13:00:00,160.77,0.33
2023-11-12 14:00:00,189.43,-0.37
2023-11-12 15:00:00,110.85,-1.71
2023-11-12 16:00:00,28.77,-3.26
2023-11-12 17:00:00,0.0,-4.36
2023-11-12 18:00:00,0.0,-4.71
2023-11-12 19:00:00,0.0,-4.79
2023-11-12 20:00:00,0.0,-5.34
2023-11-12 21:00:00,0.0,-5.64
2023-11-12 22:00:00,0.0,-5.71
2023-11-12 23:00:00,0.0,-5.76
2023-11-13 00:00:00,0.0,-5.86
2023-11-13 01:00:00,0.0,-6.04
2023-11-13 02:00:00,0.0,-6.27
2023-11-13 03:00:00,0.0,-6.49
2023-11-13 04:00:00,0.0,-6.72
2023-11-13 05:00:00,0.0,-6.83
2023-11-13 06:00:00,4.4,-6.82
2023-11-13 07:00:00,109.72,-5.47
2023-11-13 08:00:00,269.92,-2.4
2023-11-13 09:00:00,413.33,1.86
2023-11-13 10:00:00,515.78,5.57
2023-11-13 11:00:00,597.05,7.11
2023-11-13 12:00:00,605.58,7.9
2023-11-13 13:00:00,538.9,8.11
2023-11-13 14:00:00,402.67,7.59
2023-11-13 15:00:00,227.75,5.86
2023-11-13 16:00:00,45.0,1.15
2023-11-13 17:00:00,0.0,-3.5
2023-11-13 18:00:00,0.0,-4.06
2023-11-13 19:00:00,0.0,-3.47
2023-11-13 20:00:00,0.0,-3.0
2023-11-13 21:00:00,0.0,-2.72
2023-11-13 22:00:00,0.0,-2.28
2023-11-13 23:00:00,0.0,-1.93
2023-11-14 00:00:00,0.0,-1.59
2023-11-14 01:00:00,0.0,-1.94
2023-11-14 02:00:00,0.0,-2.15
2023-11-14 03:00:00,0.0,-2.36
2023-11-14 04:00:00,0.0,-2.69
2023-11-14 05:00:00,0.0,-3.27
2023-11-14 06:00:00,4.6,-4.03
2023-11-14 07:00:00,125.0,-3.09
2023-11-14 08:00:00,308.73,0.93
2023-11-14 09:00:00,466.7,4.45
2023-11-14 10:00:00,574.97,7.47
2023-11-14 11:00:00,614.58,8.82
2023-11-14 12:00:00,594.03,9.49
2023-11-14 13:00:00,514.03,9.68
2023-11-14 14:00:00,370.15,9.25
2023-11-14 15:00:00,197.82,7.64
2023-11-14 16:00:00,33.53,2.68
2023-11-14 17:00:00,0.0,-0.31
2023-11-14 18:00:00,0.0,-1.44
2023-11-14 19:00:00,0.0,-2.33
2023-11-14 20:00:00,0.0,-2.4
2023-11-14 21:00:00,0.0,-2.77
2023-11-14 22:00:00,0.0,-2.87
2023-11-14 23:00:00,0.0,-3.61
2023-11-15 00:00:00,0.0,-5.32
2023-11-15 01:00:00,0.0,-7.17
2023-11-15 02:00:00,0.0,-7.79
2023-11-15 03:00:00,0.0,-7.66
2023-11-15 04:00:00,0.0,-7.19
2023-11-15 05:00:00,0.0,-6.62
2023-11-15 06:00:00,0.0,-6.35
2023-11-15 07:00:00,67.97,-6.05
2023-11-15 08:00:00,153.5,-4.7
2023-11-15 09:00:00,234.1,-2.74
2023-11-15 10:00:00,294.5,-1.06
2023-11-15 11:00:00,325.52,0.02
2023-11-15 12:00:00,297.3,0.29
2023-11-15 13:00:00,277.17,-0.2
2023-11-15 14:00:00,201.0,-1.25
2023-11-15 15:00:00,104.78,-2.85
2023-11-15 16:00:00,22.17,-4.99
2023-11-15 17:00:00,0.0,-6.91
2023-11-15 18:00:00,0.0,-7.64
2023-11-15 19:00:00,0.0,-7.91
2023-11-15 20:00:00,0.0,-8.08
2023-11-15 21:00:00,0.0,-8.33
2023-11-15 22:00:00,0.0,-8.54
2023-11-15 23:00:00,0.0,-8.68
2023-11-16 00:00:00,0.0,-8.99
2023-11-16 01:00:00,0.0,-9.06
2023-11-16 02:00:00,0.0,-8.91
2023-11-16 03:00:00,0.0,-8.71
2023-11-16 04:00:00,0.0,-8.53
2023-11-16 05:00:00,0.0,-8.52
2023-11-16 06:00:00,0.0,-8.65
2023-11-16 07:00:00,136.65,-7.78
2023-11-16 08:00:00,312.2,-4.92
2023-11-16 09:00:00,471.95,-0.85
2023-11-16 10:00:00,590.78,2.2
2023-11-16 11:00:00,667.15,3.97
2023-11-16 12:00:00,653.6,4.87
2023-11-16 13:00:00,575.2,5.07
2023-11-16 14:00:00,434.5,4.68
2023-11-16 15:00:00,248.95,3.65
2023-11-16 16:00:00,51.5,0.13
2023-11-16 17:00:00,0.0,-2.96
2023-11-16 18:00:00,0.0,-3.46
2023-11-16 19:00:00,0.0,-3.81
2023-11-16 20:00:00,0.0,-3.98
2023-11-16 21:00:00,0.0,-4.38
2023-11-16 22:00:00,0.0,-4.77
2023-11-16 23:00:00,0.0,-5.15
2023-11-17 00:00:00,0.0,-5.48
2023-11-17 01:00:00,0.0,-5.75
2023-11-17 02:00:00,0.0,-6.12
2023-11-17 03:00:00,0.0,-6.62
2023-11-17 04:00:00,0.0,-7.01
2023-11-17 05:00:00,0.0,-7.36
2023-11-17 06:00:00,0.0,-7.74
2023-11-17 07:00:00,133.88,-6.46
2023-11-17 08:00:00,317.83,-2.23
2023-11-17 09:00:00,481.08,1.18
2023-11-17 10:00:00,599.12,5.13
2023-11-17 11:00:00,654.92,6.8
2023-11-17 12:00:00,648.28,7.54
2023-11-17 13:00:00,565.65,7.77
2023-11-17 14:00:00,424.17,7.47
2023-11-17 15:00:00,237.95,6.13
2023-11-17 16:00:00,46.03,1.7
2023-11-17 17:00:00,0.0,-1.42
2023-11-17 18:00:00,0.0,-1.24
2023-11-17 19:00:00,0.0,-0.39
2023-11-17 20:00:00,0.0,0.11
2023-11-17 21:00:00,0.0,-0.51
2023-11-17 22:00:00,0.0,-1.46
2023-11-17 23:00:00,0.0,-2.35
2023-11-18 00:00:00,0.0,-2.92
2023-11-18 01:00:00,0.0,-3.41
2023-11-18 02:00:00,0.0,-3.83
2023-11-18 03:00:00,0.0,-4.17
2023-11-18 04:00:00,0.0,-4.45
2023-11-18 05:00:00,0.0,-4.73
2023-11-18 06:00:00,0.0,-5.32
2023-11-18 07:00:00,120.45,-4.53
2023-11-18 08:00:00,300.23,-0.38
2023-11-18 09:00:00,467.73,2.69
2023-11-18 10:00:00,593.35,5.75
2023-11-18 11:00:00,640.97,7.15
2023-11-18 12:00:00,626.83,7.8
2023-11-18 13:00:00,546.58,7.87
2023-11-18 14:00:00,406.25,7.39
2023-11-18 15:00:00,223.38,5.95
2023-11-18 16:00:00,39.83,2.01
2023-11-18 17:00:00,0.0,0.52
2023-11-18 18:00:00,0.0,0.48
2023-11-18 19:00:00,0.0,-0.33
2023-11-18 20:00:00,0.0,-1.89
2023-11-18 21:00:00,0.0,-2.64
2023-11-18 22:00:00,0.0,-3.0
2023-11-18 23:00:00,0.0,-3.31
2023-11-19 00:00:00,0.0,-3.87
2023-11-19 01:00:00,0.0,-4.37
2023-11-19 02:00:00,0.0,-4.76
2023-11-19 03:00:00,0.0,-5.04
2023-11-19 04:00:00,0.0,-5.23
2023-11-19 05:00:00,0.0,-5.24
2023-11-19 06:00:00,0.0,-5.44
2023-11-19 07:00:00,125.88,-4.46
2023-11-19 08:00:00,316.73,-0.11
2023-11-19 09:00:00,485.83,3.13
2023-11-19 10:00:00,602.53,6.95
2023-11-19 11:00:00,654.0,8.85
2023-11-19 12:00:00,640.88,9.66
2023-11-19 13:00:00,561.72,9.95
2023-11-19 14:00:00,421.67,9.66
2023-11-19 15:00:00,235.35,8.12
2023-11-19 16:00:00,44.0,4.81
2023-11-19 17:00:00,0.0,2.66
2023-11-19 18:00:00,0.0,2.39
2023-11-19 19:00:00,0.0,1.91
2023-11-19 20:00:00,0.0,0.74
2023-11-19 21:00:00,0.0,-0.54
2023-11-19 22:00:00,0.0,-1.55
2023-11-19 23:00:00,0.0,-2.17
2023-11-20 00:00:00,0.0,-2.45
2023-11-20 01:00:00,0.0,-2.53
2023-11-20 02:00:00,0.0,-2.77
2023-11-20 03:00:00,0.0,-3.05
2023-11-20 04:00:00,0.0,-3.22
2023-11-20 05:00:00,0.0,-3.33
2023-11-20 06:00:00,0.0,-3.38
2023-11-20 07:00:00,119.95,-2.4
2023-11-20 08:00:00,308.17,0.27
2023-11-20 09:00:00,473.2,3.53
2023-11-20 10:00:00,587.9,7.66
2023-11-20 11:00:00,630.47,10.21
2023-11-20 12:00:00,615.17,11.13
2023-11-20 13:00:00,533.5,11.37
2023-11-20 14:00:00,394.17,10.8
2023-11-20 15:00:00,213.6,8.35
2023-11-20 16:00:00,35.58,2.5
2023-11-20 17:00:00,0.0,-1.48
2023-11-20 18:00:00,0.0,-1.54
2023-11-20 19:00:00,0.0,-1.14
2023-11-20 20:00:00,0.0,-0.87
2023-11-20 21:00:00,0.0,-1.05
2023-11-20 22:00:00,0.0,-1.47
2023-11-20 23:00:00,0.0,-1.76
2023-11-21 00:00:00,0.0,-1.8
2023-11-21 01:00:00,0.0,-1.71
2023-11-21 02:00:00,0.0,-1.58
2023-11-21 03:00:00,0.0,-1.63
2023-11-21 04:00:00,0.0,-0.76
2023-11-21 05:00:00,0.0,-0.11
2023-11-21 06:00:00,0.0,-0.3
2023-11-21 07:00:00,67.68,-0.1
2023-11-21 08:00:00,168.73,2.89
2023-11-21 09:00:00,250.15,4.96
2023-11-21 10:00:00,314.35,5.67
2023-11-21 11:00:00,411.8,5.33
2023-11-21 12:00:00,438.35,4.82
2023-11-21 13:00:00,382.02,5.14
2023-11-21 14:00:00,285.33,5.47
2023-11-21 15:00:00,162.6,4.53
2023-11-21 16:00:00,28.77,0.69
2023-11-21 17:00:00,0.0,-1.52
2023-11-21 18:00:00,0.0,-1.35
2023-11-21 19:00:00,0.0,-1.54
2023-11-21 20:00:00,0.0,-1.68
2023-11-21 21:00:00,0.0,-1.57
2023-11-21 22:00:00,0.0,-1.01
2023-11-21 23:00:00,0.0,-1.1
2023-11-22 00:00:00,0.0,-1.67
2023-11-22 01:00:00,0.0,-2.72
2023-11-22 02:00:00,0.0,-3.39
2023-11-22 03:00:00,0.0,-3.84
2023-11-22 04:00:00,0.0,-4.11
2023-11-22 05:00:00,0.0,-4.33
2023-11-22 06:00:00,0.0,-4.3
2023-11-22 07:00:00,109.7,-3.2
2023-11-22 08:00:00,298.55,-0.26
2023-11-22 09:00:00,463.95,3.24
2023-11-22 10:00:00,579.0,7.66
2023-11-22 11:00:00,623.62,9.38
2023-11-22 12:00:00,606.53,10.13
2023-11-22 13:00:00,506.77,10.33
2023-11-22 14:00:00,366.95,9.89
2023-11-22 15:00:00,195.0,7.72
2023-11-22 16:00:00,28.38,2.49
2023-11-22 17:00:00,0.0,-1.2
2023-11-22 18:00:00,0.0,-2.73
2023-11-22 19:00:00,0.0,-2.97
2023-11-22 20:00:00,0.0,-3.08
2023-11-22 21:00:00,0.0,-3.31
2023-11-22 22:00:00,0.0,-3.77
2023-11-22 23:00:00,0.0,-4.32
2023-11-23 00:00:00,0.0,-4.85
2023-11-23 01:00:00,0.0,-5.08
2023-11-23 02:00:00,0.0,-5.27
2023-11-23 03:00:00,0.0,-5.4
2023-11-23 04:00:00,0.0,-5.43
2023-11-23 05:00:00,0.0,-5.46
2023-11-23 06:00:00,0.0,-5.52
2023-11-23 07:00:00,103.4,-4.7
2023-11-23 08:00:00,294.38,-2.02
2023-11-23 09:00:00,450.42,1.72
2023-11-23 10:00:00,570.08,6.42
2023-11-23 11:00:00,624.33,9.12
2023-11-23 12:00:00,612.85,10.24
2023-11-23 13:00:00,533.55,10.61
2023-11-23 14:00:00,395.23,10.27
2023-11-23 15:00:00,215.12,8.08
2023-11-23 16:00:00,35.47,3.81
2023-11-23 17:00:00,0.0,0.97
2023-11-23 18:00:00,0.0,-0.03
2023-11-23 19:00:00,0.0,-0.39
2023-11-23 20:00:00,0.0,-0.44
2023-11-23 21:00:00,0.0,-0.36
2023-11-23 22:00:00,0.0,-0.42
2023-11-23 23:00:00,0.0,-0.85
2023-11-24 00:00:00,0.0,-1.37
2023-11-24 01:00:00,0.0,-1.95
2023-11-24 02:00:00,0.0,-2.73
2023-11-24 03:00:00,0.0,-3.56
2023-11-24 04:00:00,0.0,-4.08
2023-11-24 05:00:00,0.0,-4.38
2023-11-24 06:00:00,0.0,-4.5
2023-11-24 07:00:00,98.5,-3.63
2023-11-24 08:00:00,284.65,-0.86
2023-11-24 09:00:00,448.1,2.84
2023-11-24 10:00:00,564.35,7.26
2023-11-24 11:00:00,602.55,10.18
2023-11-24 12:00:00,590.78,11.02
2023-11-24 13:00:00,514.05,11.27
2023-11-24 14:00:00,374.33,10.92
2023-11-24 15:00:00,196.02,8.55
2023-11-24 16:00:00,29.95,3.64
2023-11-24 17:00:00,0.0,0.98
2023-11-24 18:00:00,0.0,0.59
2023-11-24 19:00:00,0.0,0.28
2023-11-24 20:00:00,0.0,-1.39
2023-11-24 21:00:00,0.0,-3.03
2023-11-24 22:00:00,0.0,-4.66
2023-11-24 23:00:00,0.0,-5.99
2023-11-25 00:00:00,0.0,-6.54
2023-11-25 01:00:00,0.0,-6.57
2023-11-25 02:00:00,0.0,-6.56
2023-11-25 03:00:00,0.0,-6.52
2023-11-25 04:00:00,0.0,-6.47
2023-11-25 05:00:00,0.0,-6.54
2023-11-25 06:00:00,0.0,-6.36
2023-11-25 07:00:00,49.58,-5.7
2023-11-25 08:00:00,196.82,-3.78
2023-11-25 09:00:00,318.7,-1.67
2023-11-25 10:00:00,423.27,0.09
2023-11-25 11:00:00,381.08,2.07
2023-11-25 12:00:00,396.38,3.19
2023-11-25 13:00:00,392.48,3.46
2023-11-25 14:00:00,285.05,3.22
2023-11-25 15:00:00,155.35,2.34
2023-11-25 16:00:00,25.08,-0.43
2023-11-25 17:00:00,0.0,-2.06
2023-11-25 18:00:00,0.0,-1.92
2023-11-25 19:00:00,0.0,-2.25
2023-11-25 20:00:00,0.0,-2.75
2023-11-25 21:00:00,0.0,-3.37
2023-11-25 22:00:00,0.0,-3.86
2023-11-25 23:00:00,0.0,-4.29
2023-11-26 00:00:00,0.0,-4.6
2023-11-26 01:00:00,0.0,-4.78
2023-11-26 02:00:00,0.0,-4.86
2023-11-26 03:00:00,0.0,-4.99
2023-11-26 04:00:00,0.0,-5.12
2023-11-26 05:00:00,0.0,-5.13
2023-11-26 06:00:00,0.0,-5.11
2023-11-26 07:00:00,98.32,-4.54
2023-11-26 08:00:00,290.58,-1.7
2023-11-26 09:00:00,455.75,2.5
2023-11-26 10:00:00,571.65,6.97
2023-11-26 11:00:00,622.3,8.36
2023-11-26 12:00:00,610.28,8.83
2023-11-26 13:00:00,530.4,8.87
2023-11-26 14:00:00,392.77,8.43
2023-11-26 15:00:00,211.95,6.47
2023-11-26 16:00:00,32.97,1.87
2023-11-26 17:00:00,0.0,0.42
2023-11-26 18:00:00,0.0,0.83
2023-11-26 19:00:00,0.0,0.72
2023-11-26 20:00:00,0.0,-0.15
2023-11-26 21:00:00,0.0,-0.2
2023-11-26 22:00:00,0.0,-0.29
2023-11-26 23:00:00,0.0,-1.3
2023-11-27 00:00:00,0.0,-2.7
2023-11-27 01:00:00,0.0,-3.54
2023-11-27 02:00:00,0.0,-3.87
2023-11-27 03:00:00,0.0,-4.13
2023-11-27 04:00:00,0.0,-4.89
2023-11-27 05:00:00,0.0,-5.28
2023-11-27 06:00:00,0.0,-5.31
2023-11-27 07:00:00,82.07,-4.71
2023-11-27 08:00:00,265.52,-1.21
2023-11-27 09:00:00,427.9,1.95
2023-11-27 10:00:00,543.22,4.96
2023-11-27 11:00:00,598.75,6.27
2023-11-27 12:00:00,586.83,6.5
2023-11-27 13:00:00,508.58,6.15
2023-11-27 14:00:00,374.6,5.33
2023-11-27 15:00:00,200.38,3.78
2023-11-27 16:00:00,30.23,-0.17
2023-11-27 17:00:00,0.0,-2.41
2023-11-27 18:00:00,0.0,-2.9
2023-11-27 19:00:00,0.0,-3.67
2023-11-27 20:00:00,0.0,-3.86
2023-11-27 21:00:00,0.0,-3.96
2023-11-27 22:00:00,0.0,-4.06
2023-11-27 23:00:00,0.0,-4.19
2023-11-28 00:00:00,0.0,-4.26
2023-11-28 01:00:00,0.0,-4.29
2023-11-28 02:00:00,0.0,-4.32
2023-11-28 03:00:00,0.0,-4.34
2023-11-28 04:00:00,0.0,-4.56
2023-11-28 05:00:00,0.0,-4.71
2023-11-28 06:00:00,0.0,-4.72
2023-11-28 07:00:00,63.25,-3.88
2023-11-28 08:00:00,220.12,-1.05
2023-11-28 09:00:00,350.35,1.78
2023-11-28 10:00:00,475.3,5.42
2023-11-28 11:00:00,492.48,7.11
2023-11-28 12:00:00,441.05,7.49
2023-11-28 13:00:00,349.35,6.9
2023-11-28 14:00:00,243.95,5.17
2023-11-28 15:00:00,116.53,2.64
2023-11-28 16:00:00,18.2,0.74
2023-11-28 17:00:00,0.0,0.04
2023-11-28 18:00:00,0.0,-0.33
2023-11-28 19:00:00,0.0,-0.78
2023-11-28 20:00:00,0.0,-1.22
2023-11-28 21:00:00,0.0,-1.76
2023-11-28 22:00:00,0.0,-2.6
2023-11-28 23:00:00,0.0,-2.99
2023-11-29 00:00:00,0.0,-3.46
2023-11-29 01:00:00,0.0,-4.09
2023-11-29 02:00:00,0.0,-4.88
2023-11-29 03:00:00,0.0,-5.5
2023-11-29 04:00:00,0.0,-5.69
2023-11-29 05:00:00,0.0,-6.34
2023-11-29 06:00:00,0.0,-6.83
2023-11-29 07:00:00,59.25,-6.69
2023-11-29 08:00:00,215.95,-4.99
2023-11-29 09:00:00,365.95,-3.1
2023-11-29 10:00:00,482.45,-1.48
2023-11-29 11:00:00,571.62,-0.06
2023-11-29 12:00:00,564.25,1.11
2023-11-29 13:00:00,491.88,1.81
2023-11-29 14:00:00,362.77,1.7
2023-11-29 15:00:00,193.43,0.57
2023-11-29 16:00:00,28.8,-1.69
2023-11-29 17:00:00,0.0,-4.32
2023-11-29 18:00:00,0.0,-4.52
2023-11-29 19:00:00,0.0,-4.5
2023-11-29 20:00:00,0.0,-4.35
2023-11-29 21:00:00,0.0,-4.14
2023-11-29 22:00:00,0.0,-3.95
2023-11-29 23:00:00,0.0,-3.93
2023-11-30 00:00:00,0.0,-3.96
2023-11-30 01:00:00,0.0,-4.09
2023-11-30 02:00:00,0.0,-4.39
2023-11-30 03:00:00,0.0,-4.71
2023-11-30 04:00:00,0.0,-5.56
2023-11-30 05:00:00,0.0,-6.74
2023-11-30 06:00:00,0.0,-7.64
2023-11-30 07:00:00,67.7,-7.74
2023-11-30 08:00:00,243.93,-5.76
2023-11-30 09:00:00,403.15,-3.58
2023-11-30 10:00:00,521.1,-0.63
2023-11-30 11:00:00,579.12,1.16
2023-11-30 12:00:00,573.22,2.14
2023-11-30 13:00:00,503.42,2.44
2023-11-30 14:00:00,372.02,1.97
2023-11-30 15:00:00,199.18,0.66
2023-11-30 16:00:00,29.98,-2.07
2023-11-30 17:00:00,0.0,-4.53
2023-11-30 18:00:00,0.0,-5.02
2023-11-30 19:00:00,0.0,-5.62
2023-11-30 20:00:00,0.0,-5.98
2023-11-30 21:00:00,0.0,-6.12
2023-11-30 22:00:00,0.0,-6.24
2023-11-30 23:00:00,0.0,-6.82
2023-12-01 00:00:00,0.0,-7.35
2023-12-01 01:00:00,0.0,-7.73
2023-12-01 02:00:00,0.0,-7.94
2023-12-01 03:00:00,0.0,-7.82
2023-12-01 04:00:00,0.0,-7.57
2023-12-01 05:00:00,0.0,-7.5
2023-12-01 06:00:00,0.1,-7.61
2023-12-01 07:00:00,71.45,-7.47
2023-12-01 08:00:00,250.7,-4.07
2023-12-01 09:00:00,410.88,-0.67
2023-12-01 10:00:00,524.03,2.81
2023-12-01 11:00:00,581.85,4.6
2023-12-01 12:00:00,571.67,5.19
2023-12-01 13:00:00,497.48,5.14
2023-12-01 14:00:00,367.17,4.44
2023-12-01 15:00:00,195.2,2.96
2023-12-01 16:00:00,28.8,-0.75
2023-12-01 17:00:00,0.0,-3.49
2023-12-01 18:00:00,0.0,-3.41
2023-12-01 19:00:00,0.0,-3.19
2023-12-01 20:00:00,0.0,-3.74
2023-12-01 21:00:00,0.0,-4.44
2023-12-01 22:00:00,0.0,-4.53
2023-12-01 23:00:00,0.0,-4.13
2023-12-02 00:00:00,0.0,-3.86
2023-12-02 01:00:00,0.0,-3.66
2023-12-02 02:00:00,0.0,-3.49
2023-12-02 03:00:00,0.0,-3.42
2023-12-02 04:00:00,0.0,-3.52
2023-12-02 05:00:00,0.0,-3.72
2023-12-02 06:00:00,0.0,-4.26
2023-12-02 07:00:00,60.72,-4.7
2023-12-02 08:00:00,230.7,-2.86
2023-12-02 09:00:00,384.65,-0.39
2023-12-02 10:00:00,499.1,1.67
2023-12-02 11:00:00,556.35,3.09
2023-12-02 12:00:00,546.45,4.08
2023-12-02 13:00:00,472.85,4.56
2023-12-02 14:00:00,343.7,4.28
2023-12-02 15:00:00,179.93,2.94
2023-12-02 16:00:00,25.7,-0.37
2023-12-02 17:00:00,0.0,-3.42
2023-12-02 18:00:00,0.0,-4.11
2023-12-02 19:00:00,0.0,-4.15
2023-12-02 20:00:00,0.0,-4.03
2023-12-02 21:00:00,0.0,-4.11
2023-12-02 22:00:00,0.0,-4.25
2023-12-02 23:00:00,0.0,-4.23
2023-12-03 00:00:00,0.0,-4.2
2023-12-03 01:00:00,0.0,-4.06
2023-12-03 02:00:00,0.0,-3.83
2023-12-03 03:00:00,0.0,-3.85
2023-12-03 04:00:00,0.0,-3.93
2023-12-03 05:00:00,0.0,-4.24
2023-12-03 06:00:00,0.0,-4.87
2023-12-03 07:00:00,47.17,-5.1
2023-12-03 08:00:00,181.68,-2.32
2023-12-03 09:00:00,307.23,0.71
2023-12-03 10:00:00,417.48,3.11
2023-12-03 11:00:00,474.55,4.43
2023-12-03 12:00:00,488.05,5.13
2023-12-03 13:00:00,441.45,5.11
2023-12-03 14:00:00,337.55,4.45
2023-12-03 15:00:00,179.02,3.11
2023-12-03 16:00:00,26.02,-0.58
2023-12-03 17:00:00,0.0,-3.28
2023-12-03 18:00:00,0.0,-2.82
2023-12-03 19:00:00,0.0,-2.17
2023-12-03 20:00:00,0.0,-2.28
2023-12-03 21:00:00,0.0,-2.82
2023-12-03 22:00:00,0.0,-3.56
2023-12-03 23:00:00,0.0,-4.3
2023-12-04 00:00:00,0.0,-4.85
2023-12-04 01:00:00,0.0,-5.25
2023-12-04 02:00:00,0.0,-5.61
2023-12-04 03:00:00,0.0,-6.29
2023-12-04 04:00:00,0.0,-6.96
2023-12-04 05:00:00,0.0,-7.52
2023-12-04 06:00:00,0.0,-7.93
2023-12-04 07:00:00,64.62,-7.34
2023-12-04 08:00:00,247.7,-3.71
2023-12-04 09:00:00,407.92,-0.34
2023-12-04 10:00:00,525.72,3.33
2023-12-04 11:00:00,585.38,4.72
2023-12-04 12:00:00,578.0,5.62
2023-12-04 13:00:00,506.38,6.07
2023-12-04 14:00:00,373.62,5.91
2023-12-04 15:00:00,198.2,4.52
2023-12-04 16:00:00,29.05,2.07
2023-12-04 17:00:00,0.0,1.41
2023-12-04 18:00:00,0.0,0.39
2023-12-04 19:00:00,0.0,-0.55
2023-12-04 20:00:00,0.0,-1.07
2023-12-04 21:00:00,0.0,-1.37
2023-12-04 22:00:00,0.0,-1.77
2023-12-04 23:00:00,0.0,-2.34
2023-12-05 00:00:00,0.0,-2.93
2023-12-05 01:00:00,0.0,-3.56
2023-12-05 02:00:00,0.0,-4.64
2023-12-05 03:00:00,0.0,-6.09
2023-12-05 04:00:00,0.0,-7.28
2023-12-05 05:00:00,0.0,-7.93
2023-12-05 06:00:00,0.0,-8.21
2023-12-05 07:00:00,52.2,-7.63
2023-12-05 08:00:00,214.8,-4.25
2023-12-05 09:00:00,362.12,-1.97
2023-12-05 10:00:00,470.42,0.83
2023-12-05 11:00:00,549.85,3.24
2023-12-05 12:00:00,499.33,4.61
2023-12-05 13:00:00,393.52,4.71
2023-12-05 14:00:00,268.35,3.64
2023-12-05 15:00:00,140.52,1.52
2023-12-05 16:00:00,21.25,-0.86
2023-12-05 17:00:00,0.0,-2.86
2023-12-05 18:00:00,0.0,-3.98
2023-12-05 19:00:00,0.0,-4.62
2023-12-05 20:00:00,0.0,-4.56
2023-12-05 21:00:00,0.0,-4.28
2023-12-05 22:00:00,0.0,-4.19
2023-12-05 23:00:00,0.0,-4.59
2023-12-06 00:00:00,0.0,-4.97
2023-12-06 01:00:00,0.0,-5.31
2023-12-06 02:00:00,0.0,-5.94
2023-12-06 03:00:00,0.0,-6.42
2023-12-06 04:00:00,0.0,-6.81
2023-12-06 05:00:00,0.0,-7.18
2023-12-06 06:00:00,0.0,-7.66
2023-12-06 07:00:00,68.8,-7.65
2023-12-06 08:00:00,258.6,-5.49
2023-12-06 09:00:00,425.12,-1.29
2023-12-06 10:00:00,543.1,2.67
2023-12-06 11:00:00,593.9,4.67
2023-12-06 12:00:00,586.05,5.73
2023-12-06 13:00:00,512.97,6.16
2023-12-06 14:00:00,380.9,5.94
2023-12-06 15:00:00,205.12,4.36
2023-12-06 16:00:00,31.2,-0.06
2023-12-06 17:00:00,0.0,-1.89
2023-12-06 18:00:00,0.0,-2.0
2023-12-06 19:00:00,0.0,-2.71
2023-12-06 20:00:00,0.0,-3.52
2023-12-06 21:00:00,0.0,-3.91
2023-12-06 22:00:00,0.0,-3.99
2023-12-06 23:00:00,0.0,-4.02
2023-12-07 00:00:00,0.0,-4.61
2023-12-07 01:00:00,0.0,-4.97
2023-12-07 02:00:00,0.0,-5.61
2023-12-07 03:00:00,0.0,-6.33
2023-12-07 04:00:00,0.0,-6.84
2023-12-07 05:00:00,0.0,-7.2
2023-12-07 06:00:00,0.0,-7.6
2023-12-07 07:00:00,71.62,-7.6
2023-12-07 08:00:00,264.62,-5.29
2023-12-07 09:00:00,432.77,-1.16
2023-12-07 10:00:00,551.78,3.39
2023-12-07 11:00:00,611.47,6.11
2023-12-07 12:00:00,604.03,6.94
2023-12-07 13:00:00,530.08,7.16
2023-12-07 14:00:00,396.98,6.8
2023-12-07 15:00:00,218.0,5.15
2023-12-07 16:00:00,36.1,3.34
2023-12-07 17:00:00,0.0,1.89
2023-12-07 18:00:00,0.0,0.4
2023-12-07 19:00:00,0.0,-1.15
2023-12-07 20:00:00,0.0,-2.62
2023-12-07 21:00:00,0.0,-3.71
2023-12-07 22:00:00,0.0,-4.29
2023-12-07 23:00:00,0.0,-4.41
2023-12-08 00:00:00,0.0,-4.22
2023-12-08 01:00:00,0.0,-4.42
2023-12-08 02:00:00,0.0,-4.85
2023-12-08 03:00:00,0.0,-5.33
2023-12-08 04:00:00,0.0,-5.76
2023-12-08 05:00:00,0.0,-6.22
2023-12-08 06:00:00,0.0,-6.63
2023-12-08 07:00:00,51.05,-6.36
2023-12-08 08:00:00,228.77,-3.76
2023-12-08 09:00:00,382.98,-0.12
2023-12-08 10:00:00,494.23,4.06
2023-12-08 11:00:00,561.47,7.98
2023-12-08 12:00:00,572.85,8.91
2023-12-08 13:00:00,499.2,9.14
2023-12-08 14:00:00,368.27,8.78
2023-12-08 15:00:00,198.4,6.83
2023-12-08 16:00:00,29.92,5.18
2023-12-08 17:00:00,0.0,3.48
2023-12-08 18:00:00,0.0,1.97
2023-12-08 19:00:00,0.0,0.4
2023-12-08 20:00:00,0.0,-0.93
2023-12-08 21:00:00,0.0,-1.97
2023-12-08 22:00:00,0.0,-2.7
2023-12-08 23:00:00,0.0,-3.14
2023-12-09 00:00:00,0.0,-3.38
2023-12-09 01:00:00,0.0,-3.54
2023-12-09 02:00:00,0.0,-3.68
2023-12-09 03:00:00,0.0,-3.76
2023-12-09 04:00:00,0.0,-3.81
2023-12-09 05:00:00,0.0,-4.09
2023-12-09 06:00:00,0.0,-4.54
2023-12-09 07:00:00,59.47,-4.5
2023-12-09 08:00:00,244.43,-2.08
2023-12-09 09:00:00,410.35,1.03
2023-12-09 10:00:00,528.4,4.58
2023-12-09 11:00:00,576.33,8.43
2023-12-09 12:00:00,568.42,10.01
2023-12-09 13:00:00,404.83,10.41
2023-12-09 14:00:00,290.75,10.11
2023-12-09 15:00:00,156.02,7.38
2023-12-09 16:00:00,25.08,2.28
2023-12-09 17:00:00,0.0,-0.6
2023-12-09 18:00:00,0.0,-1.43
2023-12-09 19:00:00,0.0,-2.36
2023-12-09 20:00:00,0.0,-3.46
2023-12-09 21:00:00,0.0,-3.99
2023-12-09 22:00:00,0.0,-4.26
2023-12-09 23:00:00,0.0,-4.94
2023-12-10 00:00:00,0.0,-4.96
2023-12-10 01:00:00,0.0,-4.83
2023-12-10 02:00:00,0.0,-4.89
2023-12-10 03:00:00,0.0,-4.52
2023-12-10 04:00:00,0.0,-4.61
2023-12-10 05:00:00,0.0,-4.29
2023-12-10 06:00:00,0.0,-4.03
2023-12-10 07:00:00,23.33,-3.71
2023-12-10 08:00:00,106.88,-2.37
2023-12-10 09:00:00,184.35,-0.89
2023-12-10 10:00:00,245.07,0.12
2023-12-10 11:00:00,305.33,0.75
2023-12-10 12:00:00,347.1,1.18
2023-12-10 13:00:00,247.68,1.31
2023-12-10 14:00:00,193.45,1.05
2023-12-10 15:00:00,101.53,0.21
2023-12-10 16:00:00,16.48,-1.41
2023-12-10 17:00:00,0.0,-2.99
2023-12-10 18:00:00,0.0,-4.01
2023-12-10 19:00:00,0.0,-4.22
2023-12-10 20:00:00,0.0,-4.03
2023-12-10 21:00:00,0.0,-3.79
2023-12-10 22:00:00,0.0,-3.85
2023-12-10 23:00:00,0.0,-4.17
2023-12-11 00:00:00,0.0,-4.22
2023-12-11 01:00:00,0.0,-5.88
2023-12-11 02:00:00,0.0,-7.62
2023-12-11 03:00:00,0.0,-8.4
2023-12-11 04:00:00,0.0,-8.61
2023-12-11 05:00:00,0.0,-8.99
2023-12-11 06:00:00,0.0,-9.4
2023-12-11 07:00:00,24.92,-9.28
2023-12-11 08:00:00,109.38,-7.12
2023-12-11 09:00:00,214.52,-5.05
2023-12-11 10:00:00,295.25,-3.13
2023-12-11 11:00:00,341.95,-1.4
2023-12-11 12:00:00,293.77,0.32
2023-12-11 13:00:00,251.82,1.44
2023-12-11 14:00:00,173.8,0.88
2023-12-11 15:00:00,95.05,-0.98
2023-12-11 16:00:00,16.12,-2.72
2023-12-11 17:00:00,0.0,-4.28
2023-12-11 18:00:00,0.0,-4.93
2023-12-11 19:00:00,0.0,-5.23
2023-12-11 20:00:00,0.0,-5.32
2023-12-11 21:00:00,0.0,-5.94
2023-12-11 22:00:00,0.0,-6.83
2023-12-11 23:00:00,0.0,-7.66
2023-12-12 00:00:00,0.0,-8.18
2023-12-12 01:00:00,0.0,-8.25
2023-12-12 02:00:00,0.0,-8.13
2023-12-12 03:00:00,0.0,-7.98
2023-12-12 04:00:00,0.0,-8.19
2023-12-12 05:00:00,0.0,-8.49
2023-12-12 06:00:00,0.0,-8.69
2023-12-12 07:00:00,55.67,-8.4
2023-12-12 08:00:00,232.18,-5.81
2023-12-12 09:00:00,386.17,-2.11
2023-12-12 10:00:00,495.85,2.12
2023-12-12 11:00:00,541.08,4.99
2023-12-12 12:00:00,521.6,6.09
2023-12-12 13:00:00,444.83,7.2
2023-12-12 14:00:00,329.08,7.88
2023-12-12 15:00:00,178.27,5.98
2023-12-12 16:00:00,27.25,1.95
2023-12-12 17:00:00,0.0,-0.48
2023-12-12 18:00:00,0.0,-1.1
2023-12-12 19:00:00,0.0,-1.11
2023-12-12 20:00:00,0.0,-1.46
2023-12-12 21:00:00,0.0,-2.08
2023-12-12 22:00:00,0.0,-2.69
2023-12-12 23:00:00,0.0,-3.08
2023-12-13 00:00:00,0.0,-3.37
2023-12-13 01:00:00,0.0,-3.67
2023-12-13 02:00:00,0.0,-3.95
2023-12-13 03:00:00,0.0,-4.12
2023-12-13 04:00:00,0.0,-4.37
2023-12-13 05:00:00,0.0,-4.91
2023-12-13 06:00:00,0.0,-5.33
2023-12-13 07:00:00,27.05,-5.03
2023-12-13 08:00:00,136.6,-2.3
2023-12-13 09:00:00,239.07,1.01
2023-12-13 10:00:00,326.77,4.44
2023-12-13 11:00:00,349.92,7.98
2023-12-13 12:00:00,309.95,10.08
2023-12-13 13:00:00,253.73,10.68
2023-12-13 14:00:00,177.9,10.32
2023-12-13 15:00:00,91.72,8.41
2023-12-13 16:00:00,14.12,4.89
2023-12-13 17:00:00,0.0,1.03
2023-12-13 18:00:00,0.0,-2.01
2023-12-13 19:00:00,0.0,-3.23
2023-12-13 20:00:00,0.0,-4.16
2023-12-13 21:00:00,0.0,-4.83
2023-12-13 22:00:00,0.0,-5.43
2023-12-13 23:00:00,0.0,-5.96
2023-12-14 00:00:00,0.0,-6.51
2023-12-14 01:00:00,0.0,-6.91
2023-12-14 02:00:00,0.0,-7.24
2023-12-14 03:00:00,0.0,-7.31
2023-12-14 04:00:00,0.0,-7.48
2023-12-14 05:00:00,0.0,-7.41
2023-12-14 06:00:00,0.0,-7.43
2023-12-14 07:00:00,9.02,-7.4
2023-12-14 08:00:00,59.67,-6.38
2023-12-14 09:00:00,82.47,-4.49
2023-12-14 10:00:00,122.05,-2.7
2023-12-14 11:00:00,133.55,-1.32
2023-12-14 12:00:00,147.3,-1.11
2023-12-14 13:00:00,159.15,-2.17
2023-12-14 14:00:00,114.47,-4.29
2023-12-14 15:00:00,51.85,-6.91
2023-12-14 16:00:00,7.75,-9.33
2023-12-14 17:00:00,0.0,-11.41
2023-12-14 18:00:00,0.0,-12.96
2023-12-14 19:00:00,0.0,-14.17
2023-12-14 20:00:00,0.0,-15.24
2023-12-14 21:00:00,0.0,-15.93
2023-12-14 22:00:00,0.0,-16.23
2023-12-14 23:00:00,0.0,-16.54
2023-12-15 00:00:00,0.0,-17.16
2023-12-15 01:00:00,0.0,-17.64
2023-12-15 02:00:00,0.0,-17.92
2023-12-15 03:00:00,0.0,-18.3
2023-12-15 04:00:00,0.0,-18.52
2023-12-15 05:00:00,0.0,-18.6
2023-12-15 06:00:00,0.0,-18.29
2023-12-15 07:00:00,28.77,-17.79
2023-12-15 08:00:00,160.48,-16.38
2023-12-15 09:00:00,279.73,-14.02
2023-12-15 10:00:00,386.33,-11.6
2023-12-15 11:00:00,424.3,-9.74
2023-12-15 12:00:00,380.58,-8.35
2023-12-15 13:00:00,359.77,-7.63
2023-12-15 14:00:00,265.12,-7.69
2023-12-15 15:00:00,161.32,-8.42
2023-12-15 16:00:00,30.75,-10.27
2023-12-15 17:00:00,0.0,-12.56
2023-12-15 18:00:00,0.0,-13.7
2023-12-15 19:00:00,0.0,-14.41
2023-12-15 20:00:00,0.0,-14.95
2023-12-15 21:00:00,0.0,-15.36
2023-12-15 22:00:00,0.0,-15.64
2023-12-15 23:00:00,0.0,-15.93
2023-12-16 00:00:00,0.0,-16.2
2023-12-16 01:00:00,0.0,-16.33
2023-12-16 02:00:00,0.0,-16.24
2023-12-16 03:00:00,0.0,-16.17
2023-12-16 04:00:00,0.0,-16.15
2023-12-16 05:00:00,0.0,-16.06
2023-12-16 06:00:00,0.0,-15.92
2023-12-16 07:00:00,44.78,-15.39
2023-12-16 08:00:00,196.68,-12.24
2023-12-16 09:00:00,321.58,-9.34
2023-12-16 10:00:00,417.02,-6.53
2023-12-16 11:00:00,456.75,-4.64
2023-12-16 12:00:00,436.52,-3.56
2023-12-16 13:00:00,330.5,-3.18
2023-12-16 14:00:00,257.15,-3.4
2023-12-16 15:00:00,137.12,-4.28
2023-12-16 16:00:00,21.1,-6.5
2023-12-16 17:00:00,0.0,-9.4
2023-12-16 18:00:00,0.0,-10.86
2023-12-16 19:00:00,0.0,-11.77
2023-12-16 20:00:00,0.0,-12.34
2023-12-16 21:00:00,0.0,-12.75
2023-12-16 22:00:00,0.0,-12.98
2023-12-16 23:00:00,0.0,-13.06
2023-12-17 00:00:00,0.0,-13.05
2023-12-17 01:00:00,0.0,-13.01
2023-12-17 02:00:00,0.0,-12.95
2023-12-17 03:00:00,0.0,-12.98
2023-12-17 04:00:00,0.0,-13.13
2023-12-17 05:00:00,0.0,-13.32
2023-12-17 06:00:00,0.0,-13.41
2023-12-17 07:00:00,32.05,-12.82
2023-12-17 08:00:00,177.52,-8.4
2023-12-17 09:00:00,314.38,-5.1
2023-12-17 10:00:00,421.67,-1.25
2023-12-17 11:00:00,480.33,2.07
2023-12-17 12:00:00,425.98,2.83
2023-12-17 13:00:00,348.98,2.39
2023-12-17 14:00:00,243.55,1.05
2023-12-17 15:00:00,121.2,-1.13
2023-12-17 16:00:00,19.55,-4.14
2023-12-17 17:00:00,0.0,-6.8
2023-12-17 18:00:00,0.0,-8.43
2023-12-17 19:00:00,0.0,-9.22
2023-12-17 20:00:00,0.0,-9.71
2023-12-17 21:00:00,0.0,-10.04
2023-12-17 22:00:00,0.0,-10.21
2023-12-17 23:00:00,0.0,-10.75
2023-12-18 00:00:00,0.0,-11.13
2023-12-18 01:00:00,0.0,-11.12
2023-12-18 02:00:00,0.0,-11.42
2023-12-18 03:00:00,0.0,-11.72
2023-12-18 04:00:00,0.0,-11.96
2023-12-18 05:00:00,0.0,-12.15
2023-12-18 06:00:00,0.0,-12.27
2023-12-18 07:00:00,27.2,-12.02
2023-12-18 08:00:00,151.98,-8.96
2023-12-18 09:00:00,278.52,-5.45
2023-12-18 10:00:00,391.3,-2.28
2023-12-18 11:00:00,480.5,-0.48
2023-12-18 12:00:00,447.83,0.24
2023-12-18 13:00:00,388.55,0.16
2023-12-18 14:00:00,282.17,-0.62
2023-12-18 15:00:00,148.95,-2.02
2023-12-18 16:00:00,24.65,-3.87
2023-12-18 17:00:00,0.0,-5.75
2023-12-18 18:00:00,0.0,-7.17
2023-12-18 19:00:00,0.0,-8.4
2023-12-18 20:00:00,0.0,-9.47
2023-12-18 21:00:00,0.0,-9.65
2023-12-18 22:00:00,0.0,-9.73
2023-12-18 23:00:00,0.0,-10.13
2023-12-19 00:00:00,0.0,-9.9
2023-12-19 01:00:00,0.0,-9.78
2023-12-19 02:00:00,0.0,-9.68
2023-12-19 03:00:00,0.0,-9.51
2023-12-19 04:00:00,0.0,-9.44
2023-12-19 05:00:00,0.0,-9.72
2023-12-19 06:00:00,0.0,-10.29
2023-12-19 07:00:00,33.33,-10.22
2023-12-19 08:00:00,194.57,-7.03
2023-12-19 09:00:00,352.23,-3.27
2023-12-19 10:00:00,473.4,-0.64
2023-12-19 11:00:00,546.78,1.2
2023-12-19 12:00:00,538.2,2.09
2023-12-19 13:00:00,446.75,2.34
2023-12-19 14:00:00,313.58,1.22
2023-12-19 15:00:00,161.25,-0.47
2023-12-19 16:00:00,25.6,-2.59
2023-12-19 17:00:00,0.0,-4.42
2023-12-19 18:00:00,0.0,-5.06
2023-12-19 19:00:00,0.0,-5.43
2023-12-19 20:00:00,0.0,-5.43
2023-12-19 21:00:00,0.0,-6.64
2023-12-19 22:00:00,0.0,-7.46
2023-12-19 23:00:00,0.0,-7.56
2023-12-20 00:00:00,0.0,-7.99
2023-12-20 01:00:00,0.0,-8.63
2023-12-20 02:00:00,0.0,-9.06
2023-12-20 03:00:00,0.0,-9.48
2023-12-20 04:00:00,0.0,-10.11
2023-12-20 05:00:00,0.0,-11.13
2023-12-20 06:00:00,0.0,-12.0
2023-12-20 07:00:00,35.55,-11.91
2023-12-20 08:00:00,204.88,-9.07
2023-12-20 09:00:00,372.7,-5.1
2023-12-20 10:00:00,496.9,-0.71
2023-12-20 11:00:00,553.62,1.97
2023-12-20 12:00:00,555.15,2.6
2023-12-20 13:00:00,470.6,1.94
2023-12-20 14:00:00,334.27,0.11
2023-12-20 15:00:00,170.23,-2.54
2023-12-20 16:00:00,25.62,-5.45
2023-12-20 17:00:00,0.0,-7.75
2023-12-20 18:00:00,0.0,-9.29
2023-12-20 19:00:00,0.0,-10.39
2023-12-20 20:00:00,0.0,-11.19
2023-12-20 21:00:00,0.0,-11.76
2023-12-20 22:00:00,0.0,-12.1
2023-12-20 23:00:00,0.0,-12.54
2023-12-21 00:00:00,0.0,-12.84
2023-12-21 01:00:00,0.0,-12.97
2023-12-21 02:00:00,0.0,-13.04
2023-12-21 03:00:00,0.0,-12.92
2023-12-21 04:00:00,0.0,-12.63
2023-12-21 05:00:00,0.0,-12.5
2023-12-21 06:00:00,0.0,-12.71
2023-12-21 07:00:00,30.55,-12.61
2023-12-21 08:00:00,189.6,-8.66
2023-12-21 09:00:00,347.98,-5.01
2023-12-21 10:00:00,468.35,-1.63
2023-12-21 11:00:00,544.78,0.12
2023-12-21 12:00:00,541.95,0.99
2023-12-21 13:00:00,474.83,1.2
2023-12-21 14:00:00,350.15,0.62
2023-12-21 15:00:00,186.65,-0.88
2023-12-21 16:00:00,29.65,-3.64
2023-12-21 17:00:00,0.0,-6.45
2023-12-21 18:00:00,0.0,-7.42
2023-12-21 19:00:00,0.0,-8.14
2023-12-21 20:00:00,0.0,-8.74
2023-12-21 21:00:00,0.0,-8.97
2023-12-21 22:00:00,0.0,-8.84
2023-12-21 23:00:00,0.0,-8.7
2023-12-22 00:00:00,0.0,-8.57
2023-12-22 01:00:00,0.0,-8.89
2023-12-22 02:00:00,0.0,-10.43
2023-12-22 03:00:00,0.0,-11.68
2023-12-22 04:00:00,0.0,-11.96
2023-12-22 05:00:00,0.0,-11.82
2023-12-22 06:00:00,0.0,-11.73
2023-12-22 07:00:00,20.8,-11.64
2023-12-22 08:00:00,123.0,-10.21
2023-12-22 09:00:00,232.3,-8.16
2023-12-22 10:00:00,322.88,-5.8
2023-12-22 11:00:00,503.3,-3.29
2023-12-22 12:00:00,502.23,-1.09
2023-12-22 13:00:00,452.67,-0.14
2023-12-22 14:00:00,345.48,-0.54
2023-12-22 15:00:00,193.25,-1.83
2023-12-22 16:00:00,33.2,-4.44
2023-12-22 17:00:00,0.0,-7.45
2023-12-22 18:00:00,0.0,-7.84
2023-12-22 19:00:00,0.0,-8.16
2023-12-22 20:00:00,0.0,-8.67
2023-12-22 21:00:00,0.0,-9.31
2023-12-22 22:00:00,0.0,-10.01
2023-12-22 23:00:00,0.0,-10.74
2023-12-23 00:00:00,0.0,-11.29
2023-12-23 01:00:00,0.0,-11.67
2023-12-23 02:00:00,0.0,-11.94
2023-12-23 03:00:00,0.0,-12.33
2023-12-23 04:00:00,0.0,-12.52
2023-12-23 05:00:00,0.0,-12.18
2023-12-23 06:00:00,0.0,-11.67
2023-12-23 07:00:00,25.95,-10.8
2023-12-23 08:00:00,162.52,-8.36
2023-12-23 09:00:00,296.7,-5.87
2023-12-23 10:00:00,401.4,-4.32
2023-12-23 11:00:00,462.67,-3.06
2023-12-23 12:00:00,471.12,-2.48
2023-12-23 13:00:00,412.3,-2.49
2023-12-23 14:00:00,312.4,-2.99
2023-12-23 15:00:00,172.68,-4.08
2023-12-23 16:00:00,31.8,-6.08
2023-12-23 17:00:00,0.0,-8.81
2023-12-23 18:00:00,0.0,-9.62
2023-12-23 19:00:00,0.0,-9.91
2023-12-23 20:00:00,0.0,-10.16
2023-12-23 21:00:00,0.0,-10.42
2023-12-23 22:00:00,0.0,-10.67
2023-12-23 23:00:00,0.0,-11.46
2023-12-24 00:00:00,0.0,-12.13
2023-12-24 01:00:00,0.0,-12.5
2023-12-24 02:00:00,0.0,-12.79
2023-12-24 03:00:00,0.0,-13.12
2023-12-24 04:00:00,0.0,-13.44
2023-12-24 05:00:00,0.0,-13.75
2023-12-24 06:00:00,0.0,-13.92
2023-12-24 07:00:00,37.88,-13.16
2023-12-24 08:00:00,220.77,-8.7
2023-12-24 09:00:00,394.67,-4.99
2023-12-24 10:00:00,522.05,-0.52
2023-12-24 11:00:00,585.85,2.23
2023-12-24 12:00:00,588.78,3.61
2023-12-24 13:00:00,525.65,4.31
2023-12-24 14:00:00,402.62,4.25
2023-12-24 15:00:00,230.25,2.92
2023-12-24 16:00:00,46.38,-1.14
2023-12-24 17:00:00,0.0,-3.74
2023-12-24 18:00:00,0.0,-4.36
2023-12-24 19:00:00,0.0,-5.03
2023-12-24 20:00:00,0.0,-5.88
2023-12-24 21:00:00,0.0,-6.87
2023-12-24 22:00:00,0.0,-7.87
2023-12-24 23:00:00,0.0,-8.61
2023-12-25 00:00:00,0.0,-9.13
2023-12-25 01:00:00,0.0,-9.55
2023-12-25 02:00:00,0.0,-9.95
2023-12-25 03:00:00,0.0,-10.32
2023-12-25 04:00:00,0.0,-10.63
2023-12-25 05:00:00,0.0,-10.85
2023-12-25 06:00:00,0.0,-10.93
2023-12-25 07:00:00,33.95,-10.19
2023-12-25 08:00:00,204.7,-6.51
2023-12-25 09:00:00,371.4,-3.1
2023-12-25 10:00:00,494.83,1.32
2023-12-25 11:00:00,550.5,3.97
2023-12-25 12:00:00,554.08,4.87
2023-12-25 13:00:00,482.12,4.85
2023-12-25 14:00:00,360.67,4.01
2023-12-25 15:00:00,202.68,2.17
2023-12-25 16:00:00,37.75,-1.77
2023-12-25 17:00:00,0.0,-4.41
2023-12-25 18:00:00,0.0,-4.88
2023-12-25 19:00:00,0.0,-4.78
2023-12-25 20:00:00,0.0,-4.73
2023-12-25 21:00:00,0.0,-5.25
2023-12-25 22:00:00,0.0,-6.34
2023-12-25 23:00:00,0.0,-7.75
2023-12-26 00:00:00,0.0,-8.89
2023-12-26 01:00:00,0.0,-9.68
2023-12-26 02:00:00,0.0,-10.33
2023-12-26 03:00:00,0.0,-10.82
2023-12-26 04:00:00,0.0,-11.16
2023-12-26 05:00:00,0.0,-11.4
2023-12-26 06:00:00,0.0,-11.51
2023-12-26 07:00:00,30.58,-10.91
2023-12-26 08:00:00,194.5,-6.56
2023-12-26 09:00:00,358.12,-3.06
2023-12-26 10:00:00,480.83,1.08
2023-12-26 11:00:00,559.4,3.72
2023-12-26 12:00:00,560.7,4.87
2023-12-26 13:00:00,475.55,5.3
2023-12-26 14:00:00,352.27,4.98
2023-12-26 15:00:00,192.2,3.18
2023-12-26 16:00:00,33.47,-0.92
2023-12-26 17:00:00,0.0,-2.51
2023-12-26 18:00:00,0.0,-2.44
2023-12-26 19:00:00,0.0,-2.54
2023-12-26 20:00:00,0.0,-3.15
2023-12-26 21:00:00,0.0,-4.04
2023-12-26 22:00:00,0.0,-4.95
2023-12-26 23:00:00,0.0,-5.88
2023-12-27 00:00:00,0.0,-6.74
2023-12-27 01:00:00,0.0,-7.48
2023-12-27 02:00:00,0.0,-8.09
2023-12-27 03:00:00,0.0,-8.54
2023-12-27 04:00:00,0.0,-8.91
2023-12-27 05:00:00,0.0,-9.24
2023-12-27 06:00:00,0.0,-9.51
2023-12-27 07:00:00,26.48,-9.07
2023-12-27 08:00:00,179.88,-4.82
2023-12-27 09:00:00,341.17,-1.44
2023-12-27 10:00:00,466.98,2.44
2023-12-27 11:00:00,551.65,5.9
2023-12-27 12:00:00,555.97,6.78
2023-12-27 13:00:00,494.55,7.0
2023-12-27 14:00:00,374.55,6.66
2023-12-27 15:00:00,209.5,4.53
2023-12-27 16:00:00,39.67,-0.69
2023-12-27 17:00:00,0.0,-3.73
2023-12-27 18:00:00,0.0,-4.22
2023-12-27 19:00:00,0.0,-4.36
2023-12-27 20:00:00,0.0,-4.19
2023-12-27 21:00:00,0.0,-4.19
2023-12-27 22:00:00,0.0,-4.26
2023-12-27 23:00:00,0.0,-4.26
2023-12-28 00:00:00,0.0,-4.42
2023-12-28 01:00:00,0.0,-4.53
2023-12-28 02:00:00,0.0,-4.67
2023-12-28 03:00:00,0.0,-5.04
2023-12-28 04:00:00,0.0,-5.66
2023-12-28 05:00:00,0.0,-6.64
2023-12-28 06:00:00,0.0,-7.39
2023-12-28 07:00:00,21.33,-7.44
2023-12-28 08:00:00,146.93,-5.65
2023-12-28 09:00:00,275.08,-3.1
2023-12-28 10:00:00,382.92,-0.15
2023-12-28 11:00:00,429.0,2.38
2023-12-28 12:00:00,444.65,3.99
2023-12-28 13:00:00,388.3,4.52
2023-12-28 14:00:00,288.05,4.01
2023-12-28 15:00:00,157.5,2.31
2023-12-28 16:00:00,29.45,-1.31
2023-12-28 17:00:00,0.0,-2.82
2023-12-28 18:00:00,0.0,-2.68
2023-12-28 19:00:00,0.0,-2.97
2023-12-28 20:00:00,0.0,-3.61
2023-12-28 21:00:00,0.0,-4.38
2023-12-28 22:00:00,0.0,-5.53
2023-12-28 23:00:00,0.0,-6.62
2023-12-29 00:00:00,0.0,-7.45
2023-12-29 01:00:00,0.0,-7.68
2023-12-29 02:00:00,0.0,-7.71
2023-12-29 03:00:00,0.0,-7.84
2023-12-29 04:00:00,0.0,-7.8
2023-12-29 05:00:00,0.0,-7.18
2023-12-29 06:00:00,0.0,-6.77
2023-12-29 07:00:00,22.5,-6.97
2023-12-29 08:00:00,165.62,-4.13
2023-12-29 09:00:00,331.05,0.05
2023-12-29 10:00:00,471.5,2.61
2023-12-29 11:00:00,548.92,3.72
2023-12-29 12:00:00,562.9,4.34
2023-12-29 13:00:00,504.38,4.58
2023-12-29 14:00:00,385.77,4.34
2023-12-29 15:00:00,220.77,3.2
2023-12-29 16:00:00,45.3,-0.83
2023-12-29 17:00:00,0.0,-3.38
2023-12-29 18:00:00,0.0,-3.94
2023-12-29 19:00:00,0.0,-4.41
2023-12-29 20:00:00,0.0,-4.7
2023-12-29 21:00:00,0.0,-4.89
2023-12-29 22:00:00,0.0,-5.4
2023-12-29 23:00:00,0.0,-5.93
2023-12-30 00:00:00,0.0,-6.38
2023-12-30 01:00:00,0.0,-6.95
2023-12-30 02:00:00,0.0,-7.62
2023-12-30 03:00:00,0.0,-8.33
2023-12-30 04:00:00,0.0,-8.97
2023-12-30 05:00:00,0.0,-9.57
2023-12-30 06:00:00,0.0,-10.04
2023-12-30 07:00:00,36.42,-9.67
2023-12-30 08:00:00,216.25,-5.41
2023-12-30 09:00:00,389.52,-1.64
2023-12-30 10:00:00,517.55,2.29
2023-12-30 11:00:00,583.0,5.05
2023-12-30 12:00:00,587.35,6.11
2023-12-30 13:00:00,526.97,6.61
2023-12-30 14:00:00,406.0,6.44
2023-12-30 15:00:00,236.35,4.37
2023-12-30 16:00:00,52.38,-0.74
2023-12-30 17:00:00,0.0,-3.55
2023-12-30 18:00:00,0.0,-4.18
2023-12-30 19:00:00,0.0,-4.71
2023-12-30 20:00:00,0.0,-4.9
2023-12-30 21:00:00,0.0,-4.9
2023-12-30 22:00:00,0.0,-5.02
2023-12-30 23:00:00,0.0,-5.5
2023-12-31 00:00:00,0.0,-6.21
2023-12-31 01:00:00,0.0,-6.75
2023-12-31 02:00:00,0.0,-7.22
2023-12-31 03:00:00,0.0,-7.7
2023-12-31 04:00:00,0.0,-8.26
2023-12-31 05:00:00,0.0,-8.8
2023-12-31 06:00:00,0.0,-9.23
2023-12-31 07:00:00,26.48,-9.03
2023-12-31 08:00:00,182.77,-5.95
2023-12-31 09:00:00,347.15,-2.5
2023-12-31 10:00:00,473.58,1.36
2023-12-31 11:00:00,534.78,3.37
2023-12-31 12:00:00,539.97,4.29
2023-12-31 13:00:00,482.77,4.46
2023-12-31 14:00:00,366.15,3.72
2023-12-31 15:00:00,207.98,1.51
2023-12-31 16:00:00,42.22,-2.45
2023-12-31 17:00:00,0.0,-5.35
2023-12-31 18:00:00,0.0,-5.97
2023-12-31 19:00:00,0.0,-6.53
2023-12-31 20:00:00,0.0,-6.87
2023-12-31 21:00:00,0.0,-7.45
2023-12-31 22:00:00,0.0,-7.97
2023-12-31 23:00:00,0.0,-8.32
